90928009f3fce6aeb2f24a92f7003d0d8471d086,Tom Kelly,2019-03-07 15:16:25 +0000,,codespeed/commits/git.py,8,4
94a6963034d4a156b734c75751dbb46df6577285,Tom Kelly,2019-03-07 13:52:27 +0000,237,codespeed/results.py;codespeed/views.py,2;2,2;4
cb39a6967f8ea8bd26f9e8718197d8041e2c53f6,Miquel Torres,2019-02-23 13:27:53 +0100,,setup.py,3,2
5441bf4d820517047741b0ea2489f86031dd092f,Miquel Torres,2019-02-23 12:49:55 +0100,,codespeed/migrations/0001_initial.py;codespeed/models.py;sample_project/urls.py,12;24;1,12;13;1
ef0c3f5b61d639169aa3d44bdb06d70f7f894e03,Miquel Torres,2019-02-23 12:34:12 +0100,,codespeed/models.py;codespeed/tests/test_views.py;codespeed/views.py,1;1;1,1;1;1
88604453cc4388d4ea21ba600fcd384e11442a16,Miquel Torres,2019-02-23 12:25:15 +0100,,codespeed/views_data.py,1,1
454be91480ff5df0444ab547842a78a361054a0d,Tom Kelly,2019-02-20 10:34:39 +0000,,codespeed/commits/github.py,0,2
7ae1629984a31a97eea41b84095cbada14f24ed3,Tom Kelly,2019-02-19 12:47:14 +0000,,codespeed/commits/github.py,4,0
503beb5d5f9c23b3d6d1a4e61ba92673017d2597,Stefan Marr,2018-12-18 17:16:52 +0100,,codespeed/views.py;codespeed/views_data.py,2;31,30;0
05d1b2693cfa75fceb63d242d48979c127bee3c1,Stefan Marr,2018-11-01 20:36:50 +0000,,codespeed/settings.py;codespeed/tests/test_views.py;codespeed/views.py,6;1;161,0;1;103
35fbdcd19939e245dabc4c1e7b3f7d61637a36e7,Stefan Marr,2018-11-01 20:34:19 +0000,,codespeed/settings.py;codespeed/views.py,5;8,0;2
e3b1e9cd2fdc3bcdb52290b828db91de7fa03903,Stefan Marr,2018-10-31 17:38:34 +0000,,codespeed/views.py,17,12
3108448e2f739a1dbc4d44620e5796d10c145ca0,sziganshin,2018-04-05 17:24:46 +0300,242,codespeed/commits/git.py,5,4
5851468fd7addf375f117a202e7dcbfc3f5d2f0f,Miquel Torres,2017-11-11 15:15:50 +0000,,setup.py,1,1
5a3013c7f726c1f3e1aa2fff867ac8e31b1e3d8f,Miquel Torres,2017-11-11 15:06:09 +0000,,codespeed/tests/test_views.py;codespeed/views.py,7;9,0;11
1dd661a723c5f1b1b0d2b8f656d0dc474af11b3b,Miquel Torres,2017-11-11 15:01:04 +0000,,sample_project/settings.py,2,1
805968969537636fc1b5be4737121055c9b36050,Miquel Torres,2017-11-11 13:51:28 +0000,,codespeed/tests/test_views.py;codespeed/urls.py;codespeed/views.py,9;2;1,8;2;2
7ca36b84cc15b2fd818f02cc129a669b8c326331,Miquel Torres,2017-11-11 13:39:54 +0000,,codespeed/urls.py;sample_project/settings.py;sample_project/urls.py;setup.py,21;17;5;1,20;17;11;1
cd75999b535af721ba22fd78bf63586609888d5d,Miquel Torres,2017-11-11 13:03:00 +0000,,setup.py,2,0
43a95a36cfb382330bb16841243f2e90cbdd0a1a,str4d,2017-08-23 17:46:46 +0100,174,codespeed/views.py,43,0
b95d1a8eb4a5d43b1ee04528f26f73092f94d592,str4d,2017-08-23 22:09:55 +0100,,codespeed/views.py,9,0
3743ece0f697af0dd7f16e2bbebc8aa0a2202c18,Miquel Torres,2017-08-16 21:39:50 +0100,,codespeed/views.py,7,11
37b023b664c4050888f095991464d669c0d71e00,Miquel Torres,2017-08-16 21:11:43 +0100,,codespeed/admin.py,25,1
69fab17ee6989f4694299d30ceb3234624d74f70,Miquel Torres,2017-08-16 12:57:43 +0400,,codespeed/feeds.py;codespeed/results.py;codespeed/tests/test_views.py;codespeed/urls.py,4;3;10;2,5;0;0;2
47b6477a80b7beafdca39537b1eefaae892779c1,Miquel Torres,2017-08-06 08:46:37 +0400,,codespeed/tests/test_views.py;codespeed/views.py,8;46,3;36
b4a8882a766a72aca74bd237afe932d8306933b4,Miquel Torres,2017-08-04 13:41:36 +0400,,codespeed/models.py;codespeed/settings.py;codespeed/tests/test_views.py;codespeed/views.py;codespeed/views_data.py,1;0;1;25;3,1;3;2;22;2
c7ce34e91ee00be8e1ab847201de9d2d24a14afd,Miquel Torres,2017-08-04 13:00:58 +0400,,codespeed/migrations/0003_project_default_branch.py;codespeed/models.py,34;2,0;1
84082ac685cd47f9eb942d309b4009761df9f5d6,Miquel Torres,2017-08-01 18:56:03 +0400,,sample_project/client.py,1,1
4e883e7518bad756429797e1f096c5fc8a7e9c91,Miquel Torres,2017-08-01 17:45:22 +0400,,setup.py,2,2
6b0b58cddc9d4a1e8774774dedde97433d33990f,Miquel Torres,2017-08-01 17:30:46 +0400,,sample_project/settings.py,0,15
98e03ff40e4bec8a06f11f6ab47703a9efce3cd3,Mark Watts,2017-04-13 22:42:32 -0500,,codespeed/models.py;codespeed/tests/test_models.py,133;232,109;2
08072c0630a440a66aa6f402e9ef5b08f575fc5a,Mark Watts,2017-04-18 21:59:52 -0500,,codespeed/commits/git.py,1,1
985ab316967cca5bef0993f921f0556c752089f3,Miquel Torres,2017-04-04 22:31:55 +0100,,codespeed/settings.py;codespeed/tests/test_views.py;codespeed/views.py;tools/pypy/saveresults.py,3;6;1;1,4;5;1;1
d0483f4e1b95b667f323b9b253a8b3f513fd7f26,Mark Watts,2017-02-28 21:42:11 -0600,,codespeed/__init__.py;codespeed/apps.py;codespeed/settings.py,1;18;1,0;0;1
8b12ff818474918e5edcaae3eb5be9e1886fa5fc,Mark Watts,2017-02-27 20:35:18 -0600,,codespeed/auth.py,10,2
9a938cb181f65e0ccc5f076b592855e9770ed197,Mark Watts,2017-02-27 20:09:02 -0600,,codespeed/auth.py,3,2
fa4e9e8a16f87a65796b94752616a2daea73165d,Mark Watts,2017-02-26 23:00:49 -0600,,codespeed/auth.py;codespeed/settings.py;codespeed/tests/test_views.py,25;2;4,8;1;1
ba78efded3ee157224474320e6cb35d440ab0f02,Mark Watts,2017-02-26 22:30:59 -0600,,codespeed/settings.py,1,1
5fb6900750d17deeb87e657136ca59f1cdd819cf,Mark Watts,2017-02-26 22:12:38 -0600,,codespeed/auth.py;codespeed/settings.py,9;3,3;0
10aed85104a117e8eec461b73ca839d411779d17,Mark Watts,2017-02-26 20:22:46 -0600,,codespeed/auth.py;codespeed/views.py,33;3,0;0
42be6f1a75f89b60293cb91db5e1d440f1f1f85d,Miquel Torres,2017-02-27 19:59:49 +0000,,codespeed/images.py,1,1
fc9f0d57f432c51d3861cc14f2aa3e11ec504c32,Miquel Torres,2016-12-07 22:11:17 +0000,,codespeed/models.py,1,1
951bdaf3cf87fd34557f1db977af812d821e47a6,Miquel Torres,2016-12-07 21:51:14 +0000,,codespeed/admin.py;codespeed/commits/__init__.py;codespeed/commits/git.py;codespeed/commits/mercurial.py;codespeed/commits/subversion.py;codespeed/tests/test_views.py,11;1;13;21;4;13,17;1;7;11;3;6
dd9794aefb2766aa1d440e158b2aeab4beeaa597,Mark Watts,2017-02-19 19:54:26 -0600,,codespeed/commits/git.py,10,5
53d33b05e663ac3af5898eec194c7217b7b98359,Catalin Gabriel Manciu,2016-12-13 16:05:22 +0200,,codespeed/images.py,2,2
3e969e5a4f22857eb3069a33a847527326e9e4a0,Catalin Gabriel Manciu,2016-12-08 10:41:52 +0200,,setup.py,1,1
316517a6bfa465c3aebdfc850494b16351364178,Catalin Gabriel Manciu,2016-12-06 17:18:49 +0200,,codespeed/images.py;codespeed/validators.py;codespeed/views.py,70;21;8,0;10;61
c85040a135f0bce0b7085599052a30bcd72b9b06,Catalin Gabriel Manciu,2016-12-06 16:04:50 +0200,,codespeed/views.py;codespeed/views_data.py,7;83,124;2
78fd40ae4fdeb69fca2123cf98824a10efa8f942,Catalin Gabriel Manciu,2016-12-06 14:05:19 +0200,,codespeed/validators.py;codespeed/views.py,35;6,0;39
a9edb751c79c183f4392bb20a77e7e1a291495bb,Miquel Torres,2016-11-29 22:28:10 +0000,,codespeed/tests/test_views.py,4,5
7affd83c9c0e9ce4c266e9b383474c165962b64e,Catalin Gabriel Manciu,2016-11-29 15:11:24 +0200,,codespeed/urls.py;codespeed/views.py,1;245,0;1
5e999a2079fc323c09cf928db4cf183536cc697e,Octavian Moraru,2016-11-28 11:37:37 +0200,,codespeed/urls.py,2,2
8fb7f1f373c6095cf16e386a12f3accb96acaa64,Octavian Moraru,2016-11-25 14:53:33 +0200,,codespeed/views.py,2,2
d298663cd720905a1e68ab8d1fe3c0e2406fe548,Octavian Moraru,2016-11-25 14:52:56 +0200,,codespeed/commits/subversion.py,14,1
5363a4c95d219d021a14bb2876b33110b49373df,Octavian Moraru,2016-11-25 14:50:42 +0200,,codespeed/commits/github.py,34,14
39e3e810bc603d2f09d39ca8efaaf6c13cbb3e65,Octavian Moraru,2016-11-25 14:43:36 +0200,,codespeed/commits/git.py;codespeed/commits/mercurial.py;codespeed/results.py,11;5;1,1;3;0
17cba4bf12bf16459cd4e944bc0363e1564d5b9d,Miquel Torres,2016-07-31 17:29:30 +0200,,setup.py,1,1
17d4a84dc301cf2a969da76e5508414285f35c93,Miquel Torres,2016-07-31 17:19:23 +0200,,codespeed/commits/exceptions.py;codespeed/commits/git.py;codespeed/commits/github.py;codespeed/models.py;codespeed/templatetags/percentages.py;codespeed/urls.py;codespeed/views_data.py,1;6;18;6;3;7;1,0;6;9;6;1;7;2
325a1fdca5f383b952ca0724c4d75d0ab76ec4d2,str4d,2016-05-16 00:10:22 +1200,,codespeed/settings.py;codespeed/views.py,2;45,0;11
11bbaeaefc1e346f56afdcbef198ac609b9eb88b,str4d,2016-05-14 14:08:37 +1200,,codespeed/admin.py;codespeed/migrations/0002_median.py;codespeed/models.py;codespeed/results.py,4;29;7;2,3;0;0;0
a85b7829c66c5b94e6a5b013eaeae5e37e750fd5,Miquel Torres,2016-05-24 10:51:35 +0200,,codespeed/models.py;codespeed/tests/test_models.py,19;11,9;3
a5a121ab67cd6831fd8e32271c4bcb9d059452bf,Miquel Torres,2016-05-24 10:32:21 +0200,,codespeed/tests/test_views.py,1,1
285299cdb8afd8ad8617118da0e87627faf601a2,Miquel Torres,2016-05-24 10:19:07 +0200,,setup.py,3,3
710e26495696714d9e11e229ff7d27896434a025,str4d,2016-05-17 23:52:35 +1200,,codespeed/results.py,1,1
11b8f7c20976d03c7a256fba61e49d4225b3a253,str4d,2016-05-15 00:24:48 +1200,,codespeed/views.py,2,1
381e4fa58f9576d20aa68ddb7d3b5a820c41870e,Miquel Torres,2016-03-28 12:35:33 +0200,,codespeed/commits/exceptions.py;codespeed/commits/git.py;codespeed/commits/github.py;codespeed/commits/mercurial.py;codespeed/commits/subversion.py;codespeed/results.py;codespeed/views.py,5;6;5;10;8;1;9,0;5;1;6;3;1;8
9e7c8aae1db79d5865533551d7687636f227cf50,Miquel Torres,2016-03-28 12:22:52 +0200,,codespeed/views.py,2,2
d220fb1bdaa2456e9d928bb4c8388685e93fad8b,Miquel Torres,2016-03-28 12:21:28 +0200,,codespeed/models.py;codespeed/results.py;codespeed/views.py,2;151;6,2;0;6
4dfeab2c9e81e4408f5364aeeeb99348197c4786,Miquel Torres,2016-03-28 12:10:04 +0200,,codespeed/commits/logs.py;codespeed/models.py,7;11,7;6
9157b18d16ce0613f9bac6be3231991e325f9b82,Miquel Torres,2016-03-28 12:00:16 +0200,,codespeed/commits/__init__.py;codespeed/commits/logs.py;codespeed/views.py;sample_project/settings.py,1;35;7;2,0;0;6;3
07947ff8305a21775ab76a9d506d53f64c52875a,Miquel Torres,2015-11-01 18:33:44 +0100,,setup.py,3,0
b64029ee7ce8de0c4871ac4caf608208ea2c9a07,Miquel Torres,2015-11-01 18:30:20 +0100,,codespeed/views.py,1,1
fb96a701df6dcfa4dfcb5d1621593c6167159c79,Miquel Torres,2015-11-01 18:28:23 +0100,,codespeed/tests/test_views.py,16,14
a628f670d880d3f4b1bb813b246041d06584e780,Miquel Torres,2015-11-01 18:10:27 +0100,,setup.py,0,1
5984d4a625a99084f02d7c44272739761eab6821,Miquel Torres,2015-11-01 17:57:53 +0100,,setup.py,2,2
5aa5f361230e5bb2060f0d6e9122f3f650a27296,Miquel Torres,2015-11-01 17:43:41 +0100,,codespeed/tests/__init__.py,0,70
8a5dd8af313548acdbdf46a702fce452ba56d839,Miquel Torres,2015-11-01 17:42:04 +0100,,codespeed/migrations/0001_initial.py;codespeed/migrations/__init__.py,147;0,0;0
075098ebe0dc56132233ac3f61d417a002112650,Miquel Torres,2015-11-01 17:39:53 +0100,,sample_project/settings.py,1,87
81672e9e5665c86fff990bacfa56059716d62805,Miquel Torres,2015-11-01 16:55:12 +0100,,setup.py,2,2
c204d55aa7fca1596dc25a91addb9b14cfef2651,Miquel Torres,2015-10-31 20:17:40 +0100,,codespeed/models.py;codespeed/views.py,2;2,0;0
02a2039438fd658022bad5bf8e57e874481db691,Miquel Torres,2015-10-31 20:09:16 +0100,,codespeed/tests/test_views.py;codespeed/views.py,6;5,0;10
0d130e9c69ce0c6e148f734b10965d25fa812988,Miquel Torres,2015-10-31 20:02:36 +0100,,codespeed/views.py,3,216
a96c5f80c9f4a7c546615635b075f19b4a569e61,Miquel Torres,2015-10-31 19:48:35 +0100,,codespeed/tests/test_models.py;codespeed/tests/test_views.py;codespeed/views.py,1;2;9,0;35;106
cbaac723b8d9e93b0ccce0173d41865585217a9f,Miquel Torres,2015-10-31 19:36:25 +0100,,codespeed/tests/test_models.py;codespeed/tests/test_settings.py;codespeed/tests/test_views.py,58;34;382,0;0;5
4d6b325a8b5bac870c4f27954a4ea66ee1cce9c7,Malcolm Parsons,2015-10-16 16:22:44 +0100,,codespeed/admin.py,1,1
f91ab12c0a85d0aa92bea781fedebacf722b1115,Dave Collins,2015-04-30 14:29:50 +1000,,setup.py,1,1
fa5c6aab0c5111ba3b801d2be4bed92688a3fc96,Miquel Torres,2015-03-22 11:23:53 +0100,139,codespeed/admin.py,3,1
ccb422e07e56a788880ad6e95e9d7c6daf9bca95,Miquel Torres,2015-03-22 11:12:40 +0100,,codespeed/models.py,1,1
b9f57e42a69e4a07443c1bc7b1237ac2b56ed356,Miquel Torres,2015-03-22 11:11:04 +0100,,codespeed/views.py,4,1
38eaa7317c620f1e314c2f6abdc41925db166d0a,Miquel Torres,2014-11-04 22:06:57 +0100,,codespeed/models.py,1,0
1bc316fe20dde1c3411e7062303d8f683d34996f,Miquel Torres,2014-11-04 22:04:14 +0100,179,codespeed/admin.py,7,2
b732cd6b9e3b13ead3e09ab63896c4d725c7b33a,Joachim Breitner,2014-10-16 12:40:24 +0200,175,codespeed/views.py,0,1
3b1c5dc753b64be0ab2304568558825ae922f342,Miquel Torres,2014-08-03 23:02:45 +0200,,codespeed/tests/test_views.py;codespeed/views.py,8;13,1;20
471b2dc54b057e7a8eac4ec97184243bb350439a,Miquel Torres,2014-08-03 22:49:35 +0200,,codespeed/feeds.py;codespeed/tests/test_views.py,6;32,2;0
8eda93100c04fc01dbccd7c6a1425256450170e3,Joachim Breitner,2014-08-03 17:09:05 +0200,,codespeed/feeds.py;codespeed/urls.py,1;1,3;1
2538ca71fe2e5b6c9032ff7675f55132d69a2c39,Joachim Breitner,2014-08-02 17:30:13 +0200,,codespeed/models.py,15,13
0d8f6aec4fbab8b5e867bd2a6d49ae7153e6bdf7,Joachim Breitner,2014-08-02 17:02:59 +0200,,codespeed/models.py,10,4
424e304248651edadf5fd8c42e305d48be380ac7,Joachim Breitner,2014-08-02 16:45:31 +0200,,codespeed/feeds.py;codespeed/views.py,18;1,6;1
c657ee60a82170da43b85bd984485d3240414459,Joachim Breitner,2014-08-02 16:28:40 +0200,,codespeed/feeds.py,9,0
9014aa6f87b02e28c7c84f2ee57a2dcf050eca7f,Joachim Breitner,2014-08-02 16:25:12 +0200,,codespeed/feeds.py,15,14
248fb36589f489c67a875651fc10ead67e5c9fe4,Joachim Breitner,2014-08-02 16:16:56 +0200,171,codespeed/feeds.py;codespeed/urls.py;codespeed/views.py,11;3;14,0;3;4
31a4639a4c998108dd969935eedc4112524b1735,Joachim Breitner,2014-08-01 21:52:54 +0200,,codespeed/models.py,8,2
0d272997a567e5f37363e4efefa8a4fe448e18c4,Joachim Breitner,2014-08-01 21:38:39 +0200,170,codespeed/models.py;codespeed/templatetags/__init__.py;codespeed/templatetags/percentages.py,34;0;24,23;0;0
11c30b4bb8f37b6c031aaef620f2ac22fc953e5f,Joachim Breitner,2014-07-14 14:40:15 +0200,,codespeed/models.py,1,1
e66808dfdbca3b560d6ecbd3ba1afa4015f79fc5,Joachim Breitner,2014-07-13 16:11:02 +0200,168,codespeed/views.py,4,5
bb4e36b41eeca767efca805b027a96626cb4a873,Joachim Breitner,2014-07-13 13:47:48 +0200,,codespeed/models.py,5,5
94ee71acea28ad902e7738fe3272b8417523fe67,Joachim Breitner,2014-07-13 11:52:08 +0200,,codespeed/admin.py,6,0
9ce652a4911ed53bc0219dc6fc5260b074966da4,Joachim Breitner,2014-07-12 18:40:38 +0200,,codespeed/models.py,7,7
be6454954e64b03633666882b17d9a9e3fd9e5f5,Miquel Torres,2014-01-05 11:00:07 +0100,166,sample_project/settings.py,3,0
5b6b7b793f07128d0f88bb1ed6e5a2f128558ec4,Miquel Torres,2014-01-04 11:33:01 +0100,,setup.py,2,1
66315feb8a514259f322ca35db4c8d391b3e7aac,Miquel Torres,2013-12-27 17:11:22 +0100,,setup.py,1,1
fd5c74e71a27fa6fa6e93da8958a14ac27898906,Miquel Torres,2013-12-27 16:30:29 +0100,163,codespeed/models.py,1,1
8ae7a931be731c499c595a5bb1886bd5dc7e99b1,Miquel Torres,2013-12-26 21:37:17 +0100,,codespeed/models.py,1,1
977a54c23ed8495e2c61d656286e1e96c65cd22f,Miquel Torres,2013-11-23 21:01:31 +0100,,codespeed/urls.py,1,1
6c5e3c8c275f294db080f7ae3bb28dfc4819eb02,Miquel Torres,2013-11-23 20:46:38 +0100,,codespeed/models.py,1,1
2713832d6b99333d06f1fa629de7653fa4eb50db,Elliot Saba,2013-11-20 09:24:08 -0800,,codespeed/views.py,1,1
4b77963c901464307716645c377662348c9cc87d,Miquel Torres,2013-11-19 22:37:53 +0100,,codespeed/tests/__init__.py,0,8
f48394d97de7c2dbc2d6f08eb86976a72b6431ed,Miquel Torres,2013-11-19 22:34:02 +0100,,codespeed/urls.py;sample_project/urls.py,1;1,1;1
64df48ca149655fc376d6cb8d23437f4e3f8074f,Miquel Torres,2013-11-19 22:22:46 +0100,,manage.py;sample_project/settings.py,9;1,0;6
fb23f8fa9bf78623bd1e15e710f3000b751c694f,Miquel Torres,2013-11-19 22:02:50 +0100,,sample_project/urls.py,1,1
626d9e1e393a0ffd10ebec23d7a7aea68a630981,Miquel Torres,2013-11-17 21:29:40 +0100,,setup.py,15,2
dd6ce096b41232b508ffb21258731ac126dbb633,Stefan Marr,2013-11-14 21:16:40 +0100,,setup.py,1,1
8ea2dc2202280b8be9829e6d0d25ccf6e78b8aca,Miquel Torres,2013-11-13 19:21:03 +0100,,codespeed/urls.py;sample_project/settings.py;sample_project/urls.py,0;0;0,18;2;10
cfa0f2ddc6fa7597b9b374a9f994900148485289,Rayan Chikhi,2013-08-05 22:21:02 -0400,,setup.py,1,1
7dbcb2613d4c5db4e7110dc9a86a52ad4b66b13f,Rayan,2013-08-05 05:05:06 +0200,,codespeed/urls.py;sample_project/urls.py;setup.py,3;2;1,3;2;1
5f0400eb60e891e5239897ef9602ae33193668cb,Elliot Saba,2013-07-18 17:39:48 +0000,,codespeed/views.py,13,0
ef754155995b2d4eb73aeceb3110b27a3a5e8296,Miquel Torres,2013-06-16 11:14:28 +0200,,codespeed/models.py;codespeed/views.py,24;72,18;50
a12ebcb55e49261944083b5b483c6ccbd4acd2b8,Miquel Torres,2013-06-16 10:10:22 +0200,135,setup.py,1,1
c016c9b14d6c969094cbc1c14167dd343a40a04a,Miquel Torres,2013-02-21 22:19:55 +0100,,setup.py,1,1
26b37c53657774ba58c3afda784887c3885d0623,Miquel Torres,2012-10-28 19:23:32 +0100,131,codespeed/views.py,3,0
0abcd65fccb03bce2512c3551b93660870d69b0f,Miquel Torres,2012-10-06 09:41:30 +0200,127,codespeed/models.py;codespeed/tests/__init__.py,4;2,2;2
b9ca769007919fe347781eb87a2725bc3e16dccf,Miquel Torres,2012-08-26 19:27:07 +0200,,codespeed/urls.py,1,0
2ac6e81b236e6549ea3ccf86d743cdaaeadd8395,Miquel Torres,2012-08-26 09:02:50 +0200,,codespeed/tests/__init__.py,0,1
d6ce93ce794a5c7a6df35561555dcb9d49839385,Miquel Torres,2012-08-24 16:33:41 +0200,,codespeed/models.py,6,0
d3a6043ec430af5ef4ba8ee1bba4a972b27d4fa6,Frank Becker,2012-08-14 14:41:46 +0200,,codespeed/models.py,2,0
d5e5ebe20822d4fe2f77f84a4ac545d49b7fe43e,Miquel Torres,2012-05-17 11:23:22 +0200,,codespeed/views.py,12,3
257b528b301dfe61aa163f644fa9ae2df9644f70,Miquel Torres,2012-02-25 09:42:42 +0100,,codespeed/models.py,2,2
931c26e7d4ee009b6e3a1d09ab80f861b25119d1,Miquel Torres,2012-02-25 09:41:36 +0100,,codespeed/admin.py;codespeed/models.py;codespeed/settings.py;codespeed/urls.py;codespeed/views.py;tools/create_trunks.py;tools/migrate_script.py;tools/pypy/import_from_json.py;tools/save_multiple_results.py;tools/save_single_result.py;tools/test_performance.py,13;40;1;1;28;9;9;2;5;10;12,4;31;1;1;19;8;10;1;1;8;6
da80503c4423ae9d34036dc21786cc702773a8e4,Frank Becker,2012-02-21 16:49:18 +0100,,codespeed/urls.py,2,1
945c11ba5470066004a1608b9ae33109b046aa65,Reiner Gerecke,2012-01-22 19:40:36 +0100,,codespeed/models.py,14,0
d4ce66e266f7d4a6b54834ff9f454856cf99d484,Reiner Gerecke,2011-12-03 18:38:15 +0100,35,codespeed/models.py;codespeed/views.py,4;5,0;0
f8739b6fd1afdfa6601adbfc00320abd0ea4dc11,Alexey Palazhchenko,2011-12-25 22:37:03 +0400,,codespeed/models.py,4,1
5ac40820fc5a6ba92b35742228033386a2a26ef2,Frank Becker,2011-12-07 00:09:19 +0100,,codespeed/urls.py,5,2
aac1273c3f0bde281ceca856ee7df85edc4f4030,Frank Becker,2011-12-03 23:45:25 +0100,,codespeed/urls.py,6,1
a31854935d21967ff4470947519d5a6eedd8c7d5,Frank Becker,2011-12-03 13:32:25 +0100,,codespeed/urls.py,2,1
c56a12a0700d8e61fa0105cb7ba396459555b6eb,Frank Becker,2011-12-02 23:53:27 +0100,,codespeed/urls.py,2,1
47e0717ca26cfd9f237a6b71a76fd94ab6c74e96,Reiner Gerecke,2011-12-12 19:01:23 +0100,,codespeed/views.py,15,12
677e1c1e5f5ece308eb74ea385fd76f961851a0a,Reiner Gerecke,2011-12-09 14:27:54 +0100,,codespeed/views.py,15,12
0af5e3a2bb550b4efdd9bbb442611bf2d5493fe8,Reiner Gerecke,2011-12-09 22:44:45 +0100,33,codespeed/admin.py;codespeed/models.py;codespeed/views.py,1;6;1,1;0;1
bebbe627fdd7e50ff1a099b2b54600870416fd0c,Reiner Gerecke,2011-12-09 11:21:12 +0100,,codespeed/views.py,5,4
55e91262bc87f4efe7626202a30a5b0be66c5b3d,Reiner Gerecke,2011-12-09 09:33:42 +0100,,codespeed/models.py;codespeed/views.py,2;6,1;2
22c706bd0009ccc9d76b10e76786f4ef86ec05c1,Reiner Gerecke,2011-12-08 01:33:20 +0100,,codespeed/__init__.py,0,30
02de62c735550497d97c595269cc08bb7453dc70,Reiner Gerecke,2011-12-07 20:00:20 +0100,,codespeed/views.py,7,1
5926740f86f348c299a4e362bb5cb249d8d87716,Frank Becker,2011-12-07 00:09:19 +0100,,codespeed/urls.py,5,2
fd3fce2118089280a1e0717bbfd86633ab8d09d4,Reiner Gerecke,2011-12-02 18:36:28 +0100,,codespeed/models.py,20,0
7c465e1619fc2b6402dd38636de5ffef91af10c1,Frank Becker,2011-12-03 23:45:25 +0100,,codespeed/urls.py,6,1
93031f1b44712518788b105b2944ddf9b58dff39,Frank Becker,2011-12-03 13:32:25 +0100,,codespeed/urls.py,2,1
9faa669b0dc4f84a5fa2dda47b0369e790cdf5d8,Frank Becker,2011-12-02 23:53:27 +0100,,codespeed/urls.py,2,1
6cd50301264173083a39a3c68cf865317f1fc8a9,Reiner Gerecke,2011-12-02 17:38:53 +0100,32,codespeed/settings.py;codespeed/views.py,3;2,0;1
46a7595e6df578abb95f5b52cdb4eab572eb67d6,Miquel Torres,2011-09-11 10:45:02 +0200,,setup.py,1,1
c77373a68a904a9d74bbe876e17812c09283f95d,Miquel Torres,2011-09-10 21:46:52 +0200,,codespeed/settings.py,1,1
15763f6ebc8498b8177d09f525e70c37c19208ff,Miquel Torres,2011-09-08 21:13:20 +0200,,codespeed/settings.py;codespeed/views.py,5;1,2;1
323440a6e8d3375fefc0642585b6ffa29cde81dd,Miquel Torres,2011-09-08 21:12:25 +0200,,codespeed/feeds.py,3,1
68df835343693931142b60bdbf67dffb8de790e6,Alexey Palazhchenko,2011-07-29 23:52:31 +0400,,codespeed/views.py,2,2
66b2093f0ad7c728a46717af7f120dd19d0b7a5e,Alexey Palazhchenko,2011-07-29 23:52:10 +0400,,codespeed/views.py,1,1
4436b9ea03b6073338881e12888d3e56fb2d01ab,daniloaf,2011-08-14 16:43:16 -0300,,codespeed/views.py,3,1
0ba60013c2af37b8755c95fd25a1c77476e07511,Miquel Torres,2011-08-21 20:56:14 +0200,,codespeed/settings.py;codespeed/views.py,3;15,4;21
8c259719cdbfd57c1e2ae45f4282f613b2d672a0,Miquel Torres,2011-08-21 18:55:16 +0200,,codespeed/views.py,6,7
6041592955cb6e84a2438fbcf6f95e12f8d5a43c,Miquel Torres,2011-08-21 18:19:44 +0200,,codespeed/models.py,0,4
7d35b2478acc1e2fcf92dab17a87a721ce80f25c,Miquel Torres,2011-08-21 17:53:56 +0200,,codespeed/views.py,4,3
1b79120b30cc74df1373320f6187e8d3898f98f9,Frank Becker,2011-08-12 00:42:37 +0200,,codespeed/views.py,1,1
73639a4dfd37acd444167cfa31b6afff60930cf3,Frank Becker,2011-07-25 18:09:31 +0200,,codespeed/urls.py,2,1
acbeee853569165fa01f4f3d8a72845e5d6a1e1b,Frank Becker,2011-07-09 00:15:23 +0200,,codespeed/tests/__init__.py,76,2
99d3cb5b13fcb6855201546b3751233f95947dd4,Frank Becker,2011-07-08 23:48:08 +0200,,codespeed/tests/__init__.py,2,2
771d7abc2772ce00864bbda7e4455da97d3f9ae9,Frank Becker,2011-07-08 19:49:40 +0200,,codespeed/urls.py,5,0
f013cbad481acccf9d64fb0d9ab317f282dc4242,Frank Becker,2011-07-08 19:45:25 +0200,,codespeed/tests/__init__.py,5,0
40e25d04a8e70f6d0ba894e8a0ae61fd5fbb53e4,Frank Becker,2011-07-08 19:40:46 +0200,,setup.py,1,1
b5f2c29d58870e51a9c609d52ac8543f9af2c86c,Stefan Marr,2011-07-27 09:27:54 +0200,,codespeed/models.py,1,1
e8b356411a0c050ecd057245e23a1b4d3f6681e7,Stefan Marr,2011-07-26 18:52:31 +0200,,codespeed/models.py,6,6
ba1fdcddb8afa31901995caa2ce914e047e67d08,Miquel Torres,2011-07-24 10:46:39 +0200,,codespeed/settings.py;codespeed/views.py,4;2,0;2
09cffd1a04b6bc0c191764cbb6797d9b7e7d73ce,Frank Becker,2011-07-20 12:10:58 +0200,,codespeed/views.py,2,1
6622dde902b2fb9a7876c24d48553eba04702402,Miquel Torres,2011-07-18 21:57:32 +0200,,codespeed/views.py,1,1
3592cc8784828eda949f4b86366b9103c7b6efa5,Miquel Torres,2011-07-18 21:19:11 +0200,,tools/create_trunks.py,3,1
8b16c0426cefa45707d80756f541d7f83a734e4d,Frank Becker,2011-07-17 22:51:57 +0200,,tools/create_trunks.py,12,8
c342e8f80fcc9c94cab5255ac8ad5d0dc0952c2f,Frank Becker,2011-07-17 22:43:28 +0200,,codespeed/__init__.py;tools/create_trunks.py,4;38,2;6
f9e047ae6c0b1210844e41bcd148b06139b519fa,Miquel Torres,2011-07-17 15:18:58 +0200,,codespeed/views.py,10,6
7d966f80d3f331d80b2bce2364c0de591adf80d4,Miquel Torres,2011-07-17 14:50:55 +0200,,codespeed/views.py,1,1
f5447b41ddd74e45af1a776369a8c0d474214b46,Miquel Torres,2011-07-17 14:48:01 +0200,,codespeed/models.py;codespeed/views.py,1;5,1;4
1891b557cf056a10626823bdc4a058023d3378dc,Stefan Marr,2011-07-17 14:21:51 +0200,,codespeed/views.py,5,5
9d13d21cd02c4da72e5a202ce73c9bc4cde08dad,Miquel Torres,2011-07-17 11:38:40 +0200,,setup.py,1,1
c65730ed6165470a8a8e4262144bda7e425ff8ae,Miquel Torres,2011-07-17 10:13:58 +0200,,codespeed/settings.py,1,5
b565b4549a4a202220d21a6d87afa1f85f4c2414,Miquel Torres,2011-07-16 20:56:39 +0200,,codespeed/settings.py,7,4
03188f2bc396190cd5fb4e762ff291e76bcec99e,Stefan Marr,2011-07-13 23:38:11 +0200,,codespeed/views.py,2,2
def6b6df6a409ffb331df6afb34684edc8a24e1d,Stefan Marr,2011-07-10 07:26:18 +0200,,codespeed/views.py,1,1
7385947fb61f17b707029f3b17198230a98c0caf,Stefan Marr,2011-07-09 18:48:45 +0200,,codespeed/views.py,7,1
63ad07a363bb708736da63dd8f78d3bdde0e04f5,Miquel Torres,2011-07-05 21:31:26 +0200,,codespeed/models.py;codespeed/views.py,8;12,6;12
28c95e517407a3dc31258203d7fc95b1c2ea32b5,Miquel Torres,2011-07-04 21:39:13 +0200,,setup.py,1,1
ec0dbf5b4c5704ac8a5ac565c0463c31ff9bb5d8,Frank Becker,2011-07-04 12:59:17 +0200,,setup.py,1,1
83e6bdc84b93e09c442bfae0c3a9806d9ea161e1,Miquel Torres,2011-07-03 17:28:06 +0200,,codespeed/views.py,5,2
4df6ce7d1f17ccc7bc27912eb2e3061873e3bf86,Miquel Torres,2011-07-03 17:19:05 +0200,,codespeed/views.py,77,60
215a78428cf6ebe48e683f583f8cc1d2b89ff713,Miquel Torres,2011-07-03 16:29:13 +0200,,codespeed/views.py,33,18
46d1e5dacd42c1f34501c68c57b02c5df3f9a30a,Miquel Torres,2011-07-03 16:07:36 +0200,,codespeed/settings.py;codespeed/views.py,1;12,1;17
570d85a19f9cc58cf4f1228ae880b39a87307bbc,Miquel Torres,2011-07-02 10:04:39 +0200,,tools/save_single_result.py,3,3
ef0014f6c61235b25756dccb58c6a069ba89de64,Frank Becker,2011-06-23 14:10:37 +0200,,codespeed/__init__.py;codespeed/settings.py,28;6,0;1
3415a32c50ad8ee78adcaa42d496bc51aa15d4b4,Frank Becker,2011-06-23 11:44:30 +0200,,setup.py,2,17
d0e8635c716219ea09d3788f36b9ee65f0cbd2dc,Frank Becker,2011-06-15 17:50:56 +0200,,codespeed/feeds.py;codespeed/urls.py,1;2,1;3
2d7ab71f107d2c1b9bcca444d99aea458a2c3233,Frank Becker,2011-06-15 11:50:03 +0200,,codespeed/urls.py,3,2
505f3b2a17be3f25ed01dd4f45597fb831b2e9c3,Frank Becker,2011-06-15 11:12:37 +0200,,codespeed/urls.py,1,1
3783a5f41beccc4b23e8d724398aa3ab14480485,Frank Becker,2011-06-15 00:04:56 +0200,,codespeed/admin.py,3,3
3c34940aef4a9ca6adca56c7eb95d6525e43d414,Frank Becker,2011-05-03 11:20:59 +0200,,codespeed/urls.py,9,8
a845839d54381b4a03d8623f5bdd7e047b7ed733,Frank Becker,2011-04-28 23:34:11 +0200,,codespeed/views.py,18,18
248a68fc420573496d7594f864a2ca6cb531054a,Frank Becker,2011-04-28 01:25:05 +0200,,codespeed/admin.py,4,2
02958f761c2cd80e80f24a086c8f895258cb67b4,Frank Becker,2011-04-28 01:24:26 +0200,,codespeed/admin.py;codespeed/feeds.py;codespeed/models.py;codespeed/urls.py;codespeed/views.py,3;3;7;3;25,2;3;7;3;24
f2f92cdb296bef8dc9b5489375023d3a7a7e0799,Frank Becker,2011-04-28 01:17:51 +0200,,codespeed/settings.py,14,12
c912cacd57ae20dae3acb22f3e09dae65901afbf,Frank Becker,2011-04-26 19:36:33 +0200,,setup.py,16,1
b879fbe0d406791c424e892dc246f53a1ba5a228,Miquel Torres,2011-06-29 22:43:03 +0200,,setup.py,1,1
9272a430bcd75c437fcb85b49e04f9b183159d51,Miquel Torres,2011-06-28 21:58:02 +0200,,tools/save_multiple_results.py,48,0
bf79cb20a82ca879785a4bcd4f200d5a2b927191,Miquel Torres,2011-06-13 15:51:30 +0200,,tools/save_single_result.py,19,8
0018d7258c28b1dcfe5a07381c1a4dd0bea26b83,Miquel Torres,2011-05-29 14:28:27 +0200,,tools/save_single_result.py,3,3
23f2b8dd4e7d847925f2bf799ef5e053fe7a5ac4,daniloaf,2011-04-14 00:09:45 -0300,,tools/save_single_result.py,1,0
2c5178ad539ed1baf50d0c363393a94db22ed46c,Chris Adams,2011-01-23 11:25:10 -0500,,setup.py,1,1
ebdbcb6ca84eb513bc3cb62e269d6a9d74ff614d,Chris Adams,2011-01-22 17:41:09 -0500,,setup.py,15,0
99dbc8550518edbb8e987bc1401e47782d8b474f,Chris Adams,2011-01-19 08:07:53 -0500,,tools/pypy/import_from_json.py;tools/pypy/savecpython.py;tools/pypy/saveresults.py;tools/pypy/test_saveresults.py,2;2;1;1,2;2;1;1
98f2dce9b31ba387e68b6180517171d52e4744ba,Miquel Torres,2010-12-12 20:27:22 +0100,,tools/pypy/import_from_json.py;tools/pypy/savecpython.py;tools/pypy/saveresults.py,8;0;2,6;1;3
cd39230599a0127b84b1e314d297cc09a88c93fd,Miquel Torres,2010-08-24 20:45:36 +0200,5,tools/save_single_result.py,1,1
f885344edede08864bdc1a36732e9988d4a67656,Miquel Torres,2010-06-25 12:45:40 +0200,,tools/pypy/import_from_json.py;tools/pypy/saveresults.py,1;1,1;1
6551fd8632a88f390fafff8ce5b650c302b29bd2,Miquel Torres,2010-06-23 13:10:35 +0200,,tools/save_single_result.py,8,16
8d675de5ab02669628c35e4f3847cb63911ec5e1,Miquel Torres,2010-06-23 12:49:30 +0200,,tools/pypy/import_from_json.py,3,3
75c0e5c92cee19b97e77fbff6689abc6c3bf5bf3,Miquel Torres,2010-06-21 00:53:26 +0200,,tools/pypy/import_from_json.py,3,3
3d27ec76e9d458a377571bc81a3be10d399c7bc9,Miquel Torres,2010-06-20 10:26:30 +0200,,tools/pypy/import_from_json.py,3,3
508029120b5513b271721e15938aa609f3fe2aee,Miquel Torres,2010-06-18 12:50:51 +0200,,tools/pypy/import_from_json.py;tools/pypy/savecpython.py;tools/pypy/saveresults.py;tools/pypy/test_saveresults.py;tools/save_single_result.py,2;3;5;2;2,2;4;6;3;3
328a934dfc75c0bc07ec928738b57461b4d1849b,Miquel Torres,2010-06-18 10:26:25 +0200,,tools/pypy/import_from_json.py;tools/pypy/savecpython.py;tools/pypy/saveresults.py;tools/save_single_result.py,1;2;2;0,1;1;2;3
da7821d56b6c4b6febacb876243dcc28795157b9,Miquel Torres,2010-06-04 22:17:24 +0200,,tools/pypy/saveresults.py;tools/pypy/test_saveresults.py,5;1,4;1
f52d18d8e56ee7b23d2074aede62fa3c3792bb9e,Miquel Torres,2010-05-26 11:40:33 +0200,,tools/pypy/import_from_json.py;tools/pypy/savecpython.py;tools/pypy/saveresults.py;tools/save_single_result.py,4;1;2;7,4;1;1;8
80c280da3c05cc4438d21a8a0e1792d186e50c5c,Miquel Torres,2010-05-15 12:29:13 +0200,,tools/save_single_result.py,6,3
6051280e2744d2bdf0d697bf9d1868d93e6d2dd3,Miquel Torres,2010-05-14 17:06:56 +0200,,tools/pypy/import_from_json.py;tools/pypy/savecpython.py;tools/pypy/saveresults.py,4;2;2,6;5;4
8c51d08853f23d69a24fc133acead467737ea82e,Miquel Torres,2010-05-14 14:07:25 +0200,,tools/pypy/import_from_json.py;tools/pypy/saveresults.py;tools/pypy/test_saveresults.py,1;2;0,1;5;1
7e52b0f719bd256f71aeb3cda4a5280ff2274216,Miquel Torres,2010-05-14 11:22:17 +0200,,tools/save_single_result.py,4,5
9ff238671827af723627669e1786583697040407,Miquel Torres,2010-05-10 12:08:25 +0200,,tools/test_performance.py,56,0
bb227585a9649ba88668061b0b14198defc90fec,Miquel Torres,2010-04-25 10:27:21 +0200,,tools/save_single_result.py,10,9
34130e62967642566137d1101d5dbca3e0092259,Miquel Torres,2010-04-24 17:59:08 +0200,,tools/save_single_result.py,4,4
fdb69597e1c11ea5c08c6fc3ec7da0a48ab87817,Miquel Torres,2010-04-14 12:09:10 +0200,,tools/save_single_result.py,3,0
df73edc545a31fb0875e4b01b7abadea1958d0d3,Miquel Torres,2010-04-13 15:29:00 +0200,,tools/save_single_result.py,5,0
029f285fdee5f7921e7d11ca0af26a68a218a083,Miquel Torres,2010-04-05 00:13:00 +0200,,tools/save_single_result.py,8,8
f367838d1e9f0f64b6f86f0865cc71a6d92b795e,Miquel Torres,2010-03-30 20:09:09 +0200,,tools/save_single_result.py,2,2
