c350f6216b442c037869e0481d120a401a2424fa,binux,2018-04-17 20:47:33 -0700,,pyspider/__init__.py;tests/test_fetcher_processor.py,1;1,1;1
1e457313e028c507ca079ab8addb1390039c727a,jxltom,2018-04-08 16:48:28 -0500,779,pyspider/database/sqlalchemy/resultdb.py,4,3
d425b0cc15bcc6aa2c3c9093c585f4d860ac7f99,Roy Binux,2018-04-08 14:47:11 -0700,,tests/test_fetcher_processor.py,1,1
87337e7ce8a19677109a95b202ce6c77ba448af1,Lucas,2018-03-15 12:34:07 +0800,754,pyspider/database/mongodb/resultdb.py;pyspider/database/mongodb/taskdb.py,11;33,6;12
734d79a4b318a894197ea1785f009041d9951d72,Roy Binux,2018-03-14 21:28:59 -0700,775,setup.py,10,6
01f125ce926e116d959a3726289f21713fa3530b,M-swords,2018-03-07 06:24:32 +0100,769,pyspider/database/__init__.py;pyspider/libs/utils.py,113;34,89;24
f8f6b2f93181431065302f8f4869b09142414c30,hackty,2017-06-14 01:00:35 +0800,,pyspider/message_queue/__init__.py;pyspider/message_queue/redis_queue.py;setup.py,22;6;1,9;2;0
941704dc50de7bc913b20a805e05341ebed94b35,binux,2017-04-24 21:15:17 +0100,,pyspider/message_queue/__init__.py,3,0
85333fe065a5f2b99b1c8f99c029028f22c2aba3,laki9,2017-04-20 12:41:44 +0300,,pyspider/libs/counter.py,4,4
99e4cd56a716ad134cf6269e386e394702758d15,binux,2017-04-18 22:29:23 +0100,,setup.py,3,1
ab5124cb35f5bd57e17f4b6f7105b82cdc51cb97,binux,2017-04-18 22:24:24 +0100,,pyspider/libs/counter.py;pyspider/scheduler/scheduler.py,8;1,8;1
5b0bb19ed15b74feb11a0b6ffaf1f937e147ab8d,laki9,2017-04-18 13:56:55 +0300,,pyspider/libs/base_handler.py,0,4
2bcd5d298d799e22293853db0478ec3cc71f6cf7,binux,2017-03-18 21:01:20 +0000,,pyspider/__init__.py,1,1
9e6c347fbcd14e8ce9135b960d5c6429f5c72ef0,binux,2017-03-05 20:51:23 +0000,,tests/test_message_queue.py,18,0
21dd4021f00d37e1609146bc1dc96ca57e21a238,binux,2017-02-26 20:17:08 +0000,,pyspider/processor/project_module.py,18,0
9bb3dcc3ef44a9de045a39abef51a669f2dcc839,binux,2017-02-26 19:25:27 +0000,,pyspider/libs/bench.py;pyspider/processor/project_module.py;pyspider/run.py,6;3;7,5;0;13
edf772d8f8368152bf847f789bb477db94a6bd0d,binux,2017-02-26 18:26:04 +0000,,pyspider/processor/project_module.py,1,1
11aa1d8deef68099c3faee93526bd34016f4c6cc,binux,2017-02-26 18:08:09 +0000,,pyspider/libs/counter.py;pyspider/scheduler/scheduler.py,1;1,0;1
99f1e751cbd75339daf27542b65555477036856d,binux,2017-02-26 17:22:04 +0000,,pyspider/libs/utils.py;pyspider/processor/project_module.py,1;41,1;40
28b561c9d403644be211c77b0ab8e7552055367b,binux,2017-02-26 16:44:20 +0000,618,pyspider/libs/counter.py,2,2
75accdd708ae749635fddfb91f1ce3012c3a2294,binux,2017-02-26 16:37:01 +0000,,pyspider/processor/processor.py;pyspider/processor/project_module.py;tests/test_processor.py;tests/test_webdav.py,1;106;0;1,2;62;1;0
f7bcc443bf117c00363904fbc3949860535417f9,binux,2017-02-26 15:48:54 +0000,,pyspider/database/mongodb/taskdb.py;tests/test_webdav.py,1;2,1;0
37bef077cc646c0095dd08ca58c0d9e7be0fd629,binux,2017-02-26 10:44:01 +0000,,pyspider/libs/base_handler.py;tests/test_base_handler.py,3;70,1;0
cdddc52e05c4130b3d3b26484c9a8563ef629af9,binux,2017-02-13 23:47:35 +0000,,pyspider/database/base/projectdb.py;pyspider/database/base/taskdb.py;pyspider/database/basedb.py;pyspider/database/elasticsearch/projectdb.py;pyspider/database/elasticsearch/taskdb.py;pyspider/database/mongodb/projectdb.py;pyspider/database/mongodb/taskdb.py;pyspider/database/mysql/projectdb.py;pyspider/database/mysql/taskdb.py;pyspider/database/redis/taskdb.py;pyspider/database/sqlalchemy/projectdb.py;pyspider/database/sqlalchemy/taskdb.py;pyspider/database/sqlite/projectdb.py;pyspider/database/sqlite/taskdb.py,2;2;5;2;2;2;2;2;2;2;2;2;2;2,6;6;15;6;6;6;6;6;6;6;6;6;6;6
8ada29659655079664335c7ba137426114fc302f,binux,2017-02-13 23:23:45 +0000,,pyspider/libs/base_handler.py;tests/test_fetcher_processor.py,5;9,1;0
d990cc3a697c833aa0a857e7096a11e8ed87698a,zhuangzhuang,2017-01-25 22:32:24 +0800,,pyspider/webui/task.py,1,1
2bbd6349ba74187fbf9021bf4622e477cc16dcaf,zhuangzhuang,2017-01-24 23:24:03 +0800,,pyspider/webui/webdav.py,1,1
6c1870cf382a63681f51bf06c1257fca1f90a9bc,zhuangzhuang,2017-01-24 23:06:40 +0800,,pyspider/database/base/projectdb.py;pyspider/database/base/taskdb.py;pyspider/database/basedb.py;pyspider/database/elasticsearch/projectdb.py;pyspider/database/elasticsearch/taskdb.py;pyspider/database/mongodb/projectdb.py;pyspider/database/mongodb/taskdb.py;pyspider/database/mysql/projectdb.py;pyspider/database/mysql/taskdb.py;pyspider/database/redis/taskdb.py;pyspider/database/sqlalchemy/projectdb.py;pyspider/database/sqlalchemy/taskdb.py;pyspider/database/sqlite/projectdb.py;pyspider/database/sqlite/taskdb.py;pyspider/fetcher/cookie_utils.py;pyspider/libs/counter.py;pyspider/libs/response.py;pyspider/libs/url.py;pyspider/libs/wsgi_xmlrpc.py;pyspider/message_queue/__init__.py;pyspider/message_queue/kombu_queue.py;pyspider/message_queue/redis_queue.py;pyspider/processor/processor.py;pyspider/processor/project_module.py;pyspider/webui/task.py;pyspider/webui/webdav.py,6;6;15;6;6;6;6;6;6;6;6;6;6;6;3;5;3;1;3;4;1;1;3;3;1;1,2;2;5;2;2;2;2;2;2;2;2;2;2;2;1;1;1;1;1;5;1;1;1;1;0;1
0af93390ec7a010750ce0fe6df336b28f0fd8ce6,Kuan Huang,2017-01-19 22:38:34 +0800,617,pyspider/webui/webdav.py;tests/test_webdav.py,41;65,17;0
bb8355673858603801ac4f69087db5b506770cd4,G_will,2017-01-18 18:28:48 +0800,,pyspider/database/sqlalchemy/projectdb.py,1,1
92ece075beb71861f3b2e09cbd9bc14f37f06787,ihipop,2017-01-18 10:20:21 +0800,,pyspider/webui/debug.py;pyspider/webui/index.py,5;6,1;1
2ee8385094ba8bd01e0af318e6052890cb37eabf,Kuan Huang,2017-01-17 01:16:32 +0800,,tests/test_fetcher.py,1,1
26a4aad29fe5a8d24118fb104ae4895911219c81,Kuan Huang,2017-01-17 01:15:49 +0800,613,pyspider/scheduler/scheduler.py,1,1
7479f5348ee1ef26117fbe6edd91dcf77417e1d6,Kuan Huang,2017-01-17 00:17:51 +0800,607,pyspider/fetcher/tornado_fetcher.py;tests/test_fetcher_processor.py,1;7,1;0
c6a89d56cd6bef2a395ac207081335c2173138ac,binux,2016-12-29 11:41:41 +0000,594,pyspider/database/sqlalchemy/projectdb.py;pyspider/database/sqlalchemy/taskdb.py,2;2,2;2
62a83d2567d5188e33640f279e8da82c212c0238,binux,2016-12-29 11:08:10 +0000,576,pyspider/run.py;pyspider/scheduler/scheduler.py;tests/test_scheduler.py,4;3;8,2;0;0
df3e13813caf3bd17fbd60c89b69448d46c75479,dan,2016-12-01 21:04:49 +0800,,pyspider/database/base/projectdb.py,4,1
af647c6214a6114192871a9050384561e5c5795f,binux,2016-11-29 00:33:08 +0000,,pyspider/fetcher/tornado_fetcher.py;tests/test_fetcher.py,32;16,10;17
de3603f4e092022e606c1fd59ed45b49b0cf78fa,binux,2016-11-28 23:40:05 +0000,,tests/test_fetcher.py,2,1
b70bc6296f805cd39d4f433142f8aa687cf51c9a,binux,2016-11-28 23:08:26 +0000,,tests/test_fetcher.py,7,5
f61245c067d74f38df4c3d49b8a5cc03521f9910,binux,2016-11-28 22:56:34 +0000,,tests/test_fetcher.py,54,0
d2205988dc905c0a38dfbb277dc80423c2a814f0,binux,2016-11-21 22:42:42 +0000,578,pyspider/libs/response.py;tests/test_response.py,1;5,1;0
4b89fecc4162d2820a40a921f5b28954c3777129,binux,2016-11-21 22:20:46 +0000,,tests/test_bench.py;tests/test_message_queue.py,11;7,11;7
59f3e4e1cd09c88e6920b842a60f82cbdb916b48,binux,2016-11-21 21:27:34 +0000,567,pyspider/run.py;pyspider/webui/debug.py;tests/test_bench.py;tests/test_message_queue.py,4;3;11;7,1;11;11;7
8bd2ae4f342891861e7c5ff2cce0017bd04f0937,binux,2016-10-30 00:40:33 +0100,,setup.py,13,8
a423cb53f8fe4a4681039ef6138fd967ada65010,binux,2016-10-30 00:17:34 +0100,,pyspider/scheduler/scheduler.py,6,1
15a91793b64510ab3520386f94b57ae8e0a8d64c,binux,2016-10-30 00:13:36 +0100,,pyspider/webui/index.py,1,1
11a8768444c6a1e620a3a81e926f3fad58252efb,binux,2016-10-26 19:56:08 +0100,,pyspider/webui/task.py;tests/test_webui.py,17;5,1;0
1919c8b6771343447d70c5169b80294687164fc9,binux,2016-10-22 19:23:33 +0100,,pyspider/webui/webdav.py,4,1
ef9345d3ea14648409061c3f527ed7a9525a45de,binux,2016-10-22 19:08:42 +0100,,pyspider/webui/webdav.py;tests/test_webdav.py,6;3,7;3
387bbf4264f90f9200a05f2af1e62aefdc33272c,binux,2016-10-22 16:00:36 +0100,200,setup.py;tests/test_webdav.py,10;0,1;1
25baebed6b65385d41e90c0d5d89249355686ffb,eromoe,2016-09-23 21:41:56 +0800,,setup.py,3,1
ff9fa3aa1ef79c827f63a4850bf93712a9b06958,binux,2016-09-20 23:08:02 +0100,,tests/test_message_queue.py,17,2
a9c4a7f1c33ddfc6d49a077ddf44271f9e35cafe,binux,2016-09-20 22:58:04 +0100,,tests/test_message_queue.py,3,0
bee6dbad54ed3134ec42737560ddb79b4510708a,beader,2016-09-20 15:48:21 +0800,,pyspider/scheduler/scheduler.py,1,1
9cff90356fc2f2014150f54d957658fecf01aba2,zhimin,2016-09-19 18:19:34 +0800,,pyspider/database/sqlalchemy/projectdb.py;pyspider/database/sqlalchemy/resultdb.py;pyspider/database/sqlalchemy/taskdb.py,2;4;2,2;2;2
738867ec243542295e41e085758ad998c7c783b7,zhimin,2016-09-18 15:53:33 +0800,,pyspider/libs/response.py,30,17
80caf26a717911c633b2b7ef337c6a485b253a58,binux,2016-09-15 22:42:40 +0100,,tests/test_scheduler.py,16,0
48d863b3b7e94dafbf30f67938d20a6acdfac576,binux,2016-09-15 21:59:18 +0100,536,pyspider/libs/base_handler.py;pyspider/scheduler/scheduler.py,7;28,4;14
948d8a9bc7ebb9d2b45a3f25abf36538c838921a,binux,2016-09-14 22:08:28 +0100,,tests/test_database.py,3,3
a2910cef27f679b271c4a1ecf19b1e870f8fb15f,binux,2016-09-14 21:55:51 +0100,,pyspider/database/__init__.py;pyspider/database/elasticsearch/taskdb.py;tests/test_database.py,5;0;3,1;1;0
dee9bc4108d626e63765553fd4e081d36186331b,binux,2016-09-14 21:12:28 +0100,,pyspider/database/elasticsearch/taskdb.py;tests/test_database.py,1;3,0;3
05cfc3f8089c330746401c56582fb3a9f1268085,binux,2016-09-14 20:52:14 +0100,,tests/test_database.py,3,3
1840d33614f14dd7a62deb6928d135e981528464,binux,2016-09-14 01:08:50 +0100,,pyspider/fetcher/tornado_fetcher.py,1,1
53c32f2461067bdb4c3a79a742e04fa3fff6e1b4,binux,2016-09-13 23:35:56 +0100,,tests/test_fetcher.py,2,1
068282ef46e0f5d7383d2eba2e1768fe7be64a99,binux,2016-09-13 23:08:45 +0100,,tests/data_test_webpage.py;tests/test_fetcher.py,22;12,0;0
42a562717f6ef02e38b437857b504f5f44077d50,binux,2016-09-13 22:39:56 +0100,,pyspider/fetcher/tornado_fetcher.py,2,1
f44d4bbc919f923a2166db11f6767cdf4f468976,binux,2016-09-13 22:35:07 +0100,,pyspider/libs/response.py,1,1
1aefd6060fb4d9c462206a89edd1837358d663e3,binux,2016-09-13 01:54:20 +0100,,pyspider/fetcher/tornado_fetcher.py;tests/test_fetcher.py,1;2,1;1
8f04e97b960b2755240dab437e2a26576647434b,binux,2016-09-13 01:12:32 +0100,,tests/test_fetcher.py,143,7
e83818f3ed39fb667f48be6ebe9bc606f1547689,binux,2016-09-12 22:37:25 +0100,,pyspider/fetcher/tornado_fetcher.py;pyspider/libs/response.py;pyspider/run.py;setup.py,109;30;6;1,2;23;2;0
75d9e1c523329bc341fe4ff53a045c91220572c8,binux,2016-09-03 15:27:09 +0100,,pyspider/libs/base_handler.py;pyspider/libs/counter.py;pyspider/processor/processor.py;pyspider/run.py;pyspider/webui/app.py;pyspider/webui/debug.py,2;3;3;7;1;2,1;3;1;3;0;1
52151c8b6c5ef708fed8b0b0c0a3d23ee894dfb4,binux,2016-09-02 23:39:34 +0100,,pyspider/libs/utils.py;tests/data_handler.py;tests/test_processor.py,11;5;110,2;0;56
f9739558e6559bdf8f94f1975c7300f00911da98,beader,2016-09-02 12:41:25 +0800,,pyspider/libs/base_handler.py,10,3
2fd0d7004e33e36624a259b3c9fe50d32a7cc746,binux,2016-08-30 01:11:46 +0100,,pyspider/scheduler/scheduler.py;tests/test_counter.py;tests/test_fetcher.py;tests/test_result_worker.py;tests/test_scheduler.py;tests/test_webui.py,1;19;28;6;13;51,1;0;0;0;12;0
f2ad1f4d85fb5188f87719a2d633d12ecdb6db2f,binux,2016-08-29 23:57:27 +0100,,pyspider/webui/index.py,7,10
e3e114682f859e581b3735a385a76998be9896cd,binux,2016-08-29 23:30:05 +0100,,pyspider/scheduler/scheduler.py;tests/test_scheduler.py,32;1,2;0
a0e76a3f8b2334f7caee5af0e7434709af9ee6d8,binux,2016-08-29 22:41:04 +0100,,pyspider/scheduler/scheduler.py;tests/test_scheduler.py,63;124,10;0
6b86aed6ed80087e36b05471185055cecea8de5c,binux,2016-08-28 15:13:46 +0100,,pyspider/libs/base_handler.py,5,1
360f8698b59f68455252847ef318d8685dcf1146,binux,2016-08-28 14:44:58 +0100,524,pyspider/libs/base_handler.py;pyspider/webui/debug.py,3;9,0;2
9d92b29caa015968b1d75416584d6f34f176a15e,binux,2016-08-28 14:15:28 +0100,,pyspider/message_queue/__init__.py;setup.py;tests/test_message_queue.py;tests/test_scheduler.py,4;1;9;1,4;0;9;1
0ee396452dd98e7f4015acd14e258796d5696ddc,binux,2016-08-28 14:03:53 +0100,,pyspider/webui/login.py,4,1
3e16cb811395c05187b22303f83b781b12fb7de1,binux,2016-08-27 20:00:17 +0100,,tests/test_webui.py,1,1
26a7ba24e9598e8fa064abcd26d6f1b01aed04dd,binux,2016-08-27 19:49:25 +0100,,pyspider/run.py,1,1
97df3d66e5762e906e293f01a64d8bbe356b4da9,binux,2016-08-23 19:53:02 +0100,522,pyspider/libs/response.py,1,1
667c99dac906a34bd94af6874a06f726981c59e5,binux,2016-08-18 21:08:37 +0100,,pyspider/__init__.py,1,1
7c57cbb8c31de118de14e3e0348c870a611adc48,binux,2016-08-18 20:41:52 +0100,,pyspider/run.py,10,7
ac246049c9576be49d00262afdd3931cf71a4f6a,binux,2016-08-18 20:14:18 +0100,,pyspider/run.py,1,3
0a68b12a18a3e265a58e3021aa29e78f62038e93,binux,2016-08-18 18:30:31 +0100,,pyspider/scheduler/scheduler.py,6,1
addc191e9a51c02dfcedcf51b93bd9e0a87ba389,binux,2016-08-18 18:19:03 +0100,,pyspider/run.py,15,21
e6dbce6a7200678b2575d3e81b2fed30bc62c751,binux,2016-08-17 23:23:48 +0100,,pyspider/fetcher/tornado_fetcher.py;pyspider/scheduler/scheduler.py,1;2,0;1
0e1888b7d4d74cb56f3c94c83900c84256314912,binux,2016-08-17 23:16:06 +0100,,setup.py,1,1
3bdb042ef40fdc89c68a084f1bbd7da85c1416b4,binux,2016-08-17 23:12:10 +0100,,pyspider/scheduler/scheduler.py,4,1
cc5f414e0415baaf514c443f1310323364542443,maijver,2016-08-12 12:08:16 +0800,,pyspider/database/basedb.py,7,6
587bc7be42f899d7694be9fa1d1f63343896f33d,binux,2016-08-10 22:46:33 +0100,,tests/test_database.py,3,0
03175ff67b4e6673229bd718121da61c025f1f07,binux,2016-08-10 22:18:33 +0100,,pyspider/database/basedb.py;pyspider/database/elasticsearch/resultdb.py;pyspider/database/mysql/mysqlbase.py;tests/test_run.py,3;2;1;1,2;0;0;1
e82363400f230eac47d6b926fd00d9db0b0f1baa,binux,2016-08-10 21:53:13 +0100,,pyspider/database/basedb.py;pyspider/database/mongodb/resultdb.py;tests/test_database.py,4;2;7,0;0;0
6ebc9c56f0943a79db99162d7ee31837b44f41dd,tylderen,2016-08-04 18:30:17 +0800,,pyspider/run.py,1,1
03e847dbad70e830b7681fb2a73b6534c11253dc,binux,2016-07-31 10:50:53 +0100,,tests/test_fetcher.py,2,1
279c53baeb3366b8335dc41c3a3570f4516c0337,binux,2016-07-31 10:37:59 +0100,,pyspider/fetcher/tornado_fetcher.py;tests/test_fetcher.py,1;1,1;0
57ce12a70cac9d2428d324b059b456b6a09a0e8c,binux,2016-06-30 00:18:46 +0100,,pyspider/webui/app.py,1,1
09ce40a1c9d24b2b522bf2f3ac630ef4d88cca28,binux,2016-06-26 23:24:58 +0100,,pyspider/run.py,11,11
e455d8f2e9ec545756677c49b49ea8108fc0ff94,binux,2016-06-26 23:18:19 +0100,,pyspider/run.py,1,1
8f7d359887e2e301c76e96e0c191ba506a49949a,binux,2016-06-26 23:10:43 +0100,,pyspider/libs/bench.py;pyspider/run.py,0;20,1;9
9832cf063430833093876e6b0cee245396ed9375,binux,2016-06-26 23:06:42 +0100,,pyspider/run.py,9,9
32f9b8976356451af74104fc94fafaecb672e4f9,binux,2016-06-26 22:56:26 +0100,,pyspider/run.py,9,9
e546f760bfe9dfdd16fe8568fc986a559bd52a04,binux,2016-06-14 21:21:55 +0100,471,pyspider/scheduler/scheduler.py,6,6
c4fa9e94194ccb1c48c4c3a1bea732ebb652ea1d,binux,2016-06-13 21:28:47 +0100,,pyspider/libs/base_handler.py;pyspider/scheduler/scheduler.py,41;10,40;1
e052d7e1c405ef188e456f5eb5a47d5a6760a031,binux,2016-06-12 17:08:32 +0100,,pyspider/scheduler/scheduler.py,17,16
273c6652e80c992dec4f7b489169b09cc9bc586a,binux,2016-06-12 16:27:08 +0100,,pyspider/scheduler/scheduler.py;pyspider/scheduler/task_queue.py;tests/test_scheduler.py,133;1;11,79;1;0
d27a46ab271227564151879092ad4b5344aceea2,binux,2016-06-07 19:34:50 +0100,466,pyspider/libs/response.py;pyspider/processor/processor.py,1;1,1;1
0def7634985e0176494a29a03ced454859189b65,binux,2016-06-07 19:10:20 +0100,460,pyspider/fetcher/tornado_fetcher.py,4,6
1aabdf56c999d6151e5fc07309406e0a94ebaec1,binux,2016-06-05 12:05:38 +0100,,setup.py,1,1
dfd0414517a8b5771cdca52f5834f16779d26482,binux,2016-06-05 04:19:39 +0100,,setup.py,1,1
133bdeb2d350129f53864d49449f13a3ea68005e,binux,2016-06-05 04:10:52 +0100,,tests/test_fetcher.py;tests/test_fetcher_processor.py;tests/test_response.py;tests/test_run.py;tests/test_webui.py,1;1;1;1;1,1;1;1;1;1
d251763a0d5086da4c9bc403b7277707c74e38f0,binux,2016-06-05 03:23:45 +0100,,setup.py,1,1
a80e1745897e169f6f57223929f88cc81bfc6e6d,binux,2016-06-05 03:17:26 +0100,,pyspider/libs/base_handler.py;pyspider/scheduler/scheduler.py;pyspider/scheduler/task_queue.py;setup.py;tests/test_scheduler.py,10;14;15;8;45,2;7;0;1;2
b8b58660782bac86f643d8e09e4973054c2e3d9f,binux,2016-06-05 02:04:15 +0100,,pyspider/scheduler/scheduler.py;pyspider/scheduler/task_queue.py,18;6,1;0
e885f6f5c652a8b7beb7dce4fa2417d8f55e2c9f,binux,2016-05-21 23:46:25 +0100,,pyspider/fetcher/tornado_fetcher.py;pyspider/libs/base_handler.py,3;1,3;0
a7f33cb0c63dc625978abb36be4402c112598c87,binux,2016-05-19 22:48:56 +0100,,pyspider/libs/bench.py;pyspider/run.py,7;8,0;6
a62f83c6399f8c54f6875073990a5c61a9c52765,binux,2016-05-19 22:25:11 +0100,,pyspider/database/mongodb/resultdb.py;pyspider/database/mongodb/taskdb.py;tests/test_database.py,7;8;11,0;0;1
327536a7d5094f6606fa536586023441f45efa7b,binux,2016-05-07 21:26:48 +0100,,pyspider/scheduler/scheduler.py;setup.py,5;1,1;1
23359b52f468d3eed62533e7aed3ea9afce998e4,Mithril,2016-05-06 09:34:46 +0800,,pyspider/webui/webdav.py,2,1
e2b616e92e6179ab9ae9ca764b7ecb860d278fae,binux,2016-04-28 21:07:23 +0100,,docs/conf.py;pyspider/scheduler/scheduler.py,7;5,0;1
4dd9967745477c91b442d3dcda2468a973ae9085,binux,2016-04-26 20:19:30 +0100,418,pyspider/fetcher/tornado_fetcher.py;tests/test_fetcher.py,1;4,0;0
4bead27827040e5371f0ac7bf99ee623a55b21cd,binux,2016-04-20 21:43:15 +0100,,pyspider/__init__.py,1,1
c8d4558c760c08d2c5f33ea45d8dd4f07b0ff303,binux,2016-04-20 21:07:20 +0100,,pyspider/fetcher/tornado_fetcher.py;pyspider/libs/base_handler.py;tests/test_fetcher_processor.py,4;2;2,3;1;2
5579f4d37913d33388f53877a9914c01b1c468e5,binux,2016-04-06 20:09:13 +0100,415,pyspider/libs/response.py,1,1
31940c9a913c43c104fd8013aa1a9ef8df21a2e1,binux,2016-03-28 23:10:58 +0100,403,pyspider/libs/base_handler.py;pyspider/scheduler/scheduler.py;tests/test_scheduler.py,4;16;110,0;0;30
0bf0f72b9e6874765fcfec59883687a484eee725,binux,2016-03-27 22:52:33 +0100,,pyspider/fetcher/tornado_fetcher.py;pyspider/run.py;pyspider/webui/app.py;tests/test_fetcher_processor.py;tests/test_response.py,25;1;1;1;1,31;1;1;1;1
dffe31afdf4c00ec47b7775ec0963744d155d952,binux,2016-03-26 21:18:39 +0000,407,pyspider/fetcher/tornado_fetcher.py,3,1
0ce354d79a16e9512efbfe2c84aab7df0074b7a5,binux,2016-03-26 21:02:26 +0000,409,pyspider/scheduler/task_queue.py,4,1
aa4b33468d3edb1ea9ab1c693af1fcbed1ed299e,binux,2016-03-26 20:56:50 +0000,408,pyspider/fetcher/tornado_fetcher.py,6,0
8e29f6fa6f79af222afac3d3aebfba8a433acb61,binux,2016-03-19 21:00:36 +0000,400,pyspider/libs/counter.py,5,5
a1d68d29961a1dcd42d19d907bcf12dba1fa1f58,binux,2016-03-09 23:06:41 +0000,,pyspider/fetcher/tornado_fetcher.py,1,0
8022ccc384faa8b82828ae57a3814081a3161360,binux,2016-03-06 18:50:54 +0000,,pyspider/scheduler/scheduler.py,2,0
313c98e693bf1ada2b595a101753c0e719d4a63e,binux,2016-03-06 14:43:47 +0000,,pyspider/webui/app.py;tests/test_webdav.py,3;6,2;0
77196e866bfa1f85eddc805dec0c6fbf108bd81a,binux,2016-03-06 13:40:51 +0000,,pyspider/fetcher/tornado_fetcher.py;pyspider/libs/utils.py;pyspider/scheduler/scheduler.py;tests/test_fetcher.py;tests/test_run.py;tests/test_scheduler.py;tests/test_webui.py,4;10;7;7;11;6;7,3;0;6;0;0;0;1
0e5b363043ae8263210d172784c16d70b934974e,binux,2016-03-06 11:25:57 +0000,,pyspider/fetcher/tornado_fetcher.py;pyspider/scheduler/scheduler.py;tests/test_xmlrpc.py,17;26;1,13;22;1
5399c8dbed62ca62b6ec35158a97fab803e6eee1,binux,2016-03-06 01:18:44 +0000,,pyspider/fetcher/tornado_fetcher.py;pyspider/scheduler/scheduler.py;pyspider/webui/app.py;tests/test_database.py;tests/test_message_queue.py;tests/test_run.py;tests/test_scheduler.py;tests/test_webdav.py;tests/test_webui.py;tests/test_xmlrpc.py,1;1;4;16;10;7;2;2;11;6,1;1;4;16;9;5;1;1;6;4
dd8562a585033108b1dbc605e4038a34e8bb11c6,binux,2016-03-05 23:34:20 +0000,,pyspider/libs/wsgi_xmlrpc.py;tests/test_xmlrpc.py,22;56,15;0
f1d7370b6c5eae2b001927c8fb3015cc6bce18e7,binux,2016-03-05 22:28:29 +0000,,pyspider/libs/wsgi_xmlrpc.py,86,0
fe41f86e539cf0c10c7a7d97aa77bff1f4cc0192,binux,2016-02-29 23:30:20 +0000,396,pyspider/fetcher/tornado_fetcher.py,1,1
468202f282e2dfb1f12830d44c7e2ea7c5b3d811,binux,2016-01-28 21:45:49 +0000,,pyspider/libs/counter.py;pyspider/scheduler/scheduler.py;tests/test_counter.py;tests/test_scheduler.py,9;2;15;1,0;0;1;0
8f71e0e8d67f03a728cd5ea48fa931f6415e1e10,binux,2016-01-25 20:38:28 +0000,,pyspider/libs/result_dump.py;tests/test_result_dump.py,17;12,6;0
bfb0b4e43f2b64f11f9c65fa4dff1f8e7b38cbf8,binux,2016-01-23 18:41:43 +0000,,pyspider/database/elasticsearch/taskdb.py,2,1
66b2372d432fc52fd887c29aad2e5b4c335f1355,binux,2016-01-23 18:19:20 +0000,,pyspider/database/__init__.py;pyspider/database/elasticsearch/projectdb.py;pyspider/database/elasticsearch/resultdb.py;pyspider/database/elasticsearch/taskdb.py;tests/test_database.py,3;3;8;124;21,0;7;0;0;8
4d074153d5c5f6ca7e0aab0ad55d316e86d15075,binux,2016-01-22 20:19:49 +0000,,pyspider/fetcher/tornado_fetcher.py,2,3
4313736120502c8161737754be4036433f22f770,binux,2016-01-21 23:02:48 +0000,,pyspider/fetcher/tornado_fetcher.py,1,1
e5112a3d46d21fc561b2d6db40adb6de020d2f2c,binux,2016-01-21 21:18:50 +0000,,pyspider/fetcher/tornado_fetcher.py,10,12
39574453dbc4a82c1ba18b0aac8098a21ba9704b,binux,2016-01-21 20:56:13 +0000,374,pyspider/fetcher/tornado_fetcher.py,5,0
06039ed533e8ee52f6ef834b525585b67436e092,binux,2016-01-21 20:38:30 +0000,375,pyspider/fetcher/tornado_fetcher.py;tests/test_fetcher.py,2;16,0;0
6273fb4cb6f2cec4d8aeb7ef7113170e5f8fa47e,binux,2016-01-18 20:49:49 +0000,,pyspider/database/__init__.py;pyspider/database/base/resultdb.py;pyspider/database/elasticsearch/resultdb.py;tests/test_database.py,3;0;82;42,0;1;0;3
a387cea18af5f3464fb26d31b234d3570305e79f,binux,2016-01-17 21:36:35 +0000,,tests/test_database.py,1,1
55b0b1f8b61caaa788197227ecaef4570187c3f2,binux,2016-01-17 21:14:49 +0000,,pyspider/database/__init__.py;pyspider/database/elasticsearch/__init__.py;pyspider/database/elasticsearch/projectdb.py;setup.py;tests/test_database.py,14;6;76;1;17,5;0;0;0;2
d5cc3fbb6bcb4a58827fe873764c8a43b0f9471b,binux,2016-01-17 17:20:57 +0000,,pyspider/fetcher/tornado_fetcher.py,19,6
1aa254676f63739f4202ff8387e589cad4002035,binux,2016-01-17 16:36:21 +0000,,pyspider/fetcher/tornado_fetcher.py,0,2
ba437b71a6f3f982dd582b92ff59e2ae48dff812,binux,2016-01-17 16:20:02 +0000,,tests/test_fetcher_processor.py,0,1
eeed857bb2c6e95e270d4aba3f9af47d577f3c1c,binux,2016-01-17 16:09:38 +0000,218,pyspider/fetcher/tornado_fetcher.py;pyspider/libs/base_handler.py;tests/test_fetcher.py;tests/test_fetcher_processor.py,56;2;15;6,4;1;0;0
c89357379ed965ca962a00b493d9ecc3684fd6a4,binux,2016-01-17 14:57:08 +0000,,pyspider/fetcher/tornado_fetcher.py,1,0
a019cb4611304f3fc3201bc7fcd78082b379942d,binux,2016-01-17 14:08:22 +0000,,pyspider/fetcher/tornado_fetcher.py,111,103
0eebd62be6b46545df02435394953b7ec8d6aee5,binux,2016-01-14 20:33:30 +0000,,pyspider/scheduler/scheduler.py,3,4
98a50c01604f3af8ddd323e2424ac1dcebbb6187,binux,2016-01-14 20:31:37 +0000,,pyspider/scheduler/scheduler.py,6,4
c54284c7a85b47c0efc90f2056b03e5137d9ad06,binux,2016-01-14 01:22:55 +0000,,pyspider/database/__init__.py;pyspider/database/base/projectdb.py;pyspider/database/base/resultdb.py;pyspider/database/base/taskdb.py;pyspider/libs/bench.py;pyspider/run.py;pyspider/scheduler/__init__.py;pyspider/scheduler/scheduler.py,6;10;10;10;1;11;1;136,0;0;0;0;1;5;1;14
b244b227c655144a84da37e4f69460bc7172e6c9,binux,2016-01-13 23:33:21 +0000,,pyspider/scheduler/scheduler.py,19,9
582f1bbffd3b17fd281d9b9cfc546ca611013b1a,binux,2016-01-09 18:43:50 +0000,334,pyspider/webui/app.py,15,16
febc155b76a2d6003dc709d8fc2a1148ab3b78cc,binux,2016-01-09 16:16:11 +0000,,pyspider/webui/app.py;setup.py,3;0,40;1
f409599fed3686f291582f4756349b6884b0a9a6,binux,2016-01-09 16:13:38 +0000,,pyspider/database/sqlite/sqlitebase.py;pyspider/webui/app.py;setup.py,2;40;1,1;3;0
7ffc4b34cfa6cd67a4b8a8e788f1ef8adc0eefb2,binux,2015-12-13 18:56:31 +0000,,pyspider/fetcher/tornado_fetcher.py;tests/test_fetcher.py,1;4,151;51
9592b7439939900dc05594734036abd103a38b62,binux,2015-12-13 18:32:40 +0000,,pyspider/scheduler/scheduler.py,0,1
dc161af53f170f926cc1ef7d5d6177397adcd6c6,binux,2015-12-12 21:13:44 +0000,,pyspider/fetcher/tornado_fetcher.py;tests/test_fetcher.py,151;51,1;4
3cff04a4c57d040277bd05668bc747c78f417350,binux,2015-12-07 21:00:17 +0000,,pyspider/scheduler/scheduler.py;tests/test_scheduler.py,6;1,2;4
5d35a6aaa232fe1b505fe3f89035cfcb00ba477a,binux,2015-12-07 20:24:51 +0000,,pyspider/webui/index.py,2,1
1929e0fff1eef07ca459cea44c416b3ecbd9210b,Mithril,2015-12-07 13:42:24 +0800,,pyspider/database/mongodb/resultdb.py;pyspider/database/mongodb/taskdb.py,3;1,0;0
421d466c5ba1099cd585dbd4da396034b6492d55,Mithril,2015-12-07 11:44:39 +0800,,pyspider/webui/index.py,2,2
e8a7e0b0d1efd12e81cb1b5c913be3dfce722309,binux,2015-11-29 18:32:09 +0000,,pyspider/webui/result.py;tests/test_webui.py,2;3,2;3
d49605d6d1f07d325ff7a4ca311dc5405ed93159,binux,2015-11-28 14:07:31 +0000,,pyspider/libs/multiprocessing_queue.py,1,1
ed871f5c1a326ea64df067390fb935b8a0909749,binux,2015-11-28 13:55:55 +0000,347,pyspider/fetcher/tornado_fetcher.py;pyspider/libs/bench.py;pyspider/message_queue/__init__.py;pyspider/message_queue/beanstalk.py;pyspider/message_queue/kombu_queue.py;pyspider/message_queue/rabbitmq.py;pyspider/message_queue/redis_queue.py;pyspider/processor/processor.py;pyspider/result/result_worker.py;pyspider/run.py;pyspider/scheduler/scheduler.py;pyspider/scheduler/task_queue.py;tests/test_fetcher.py;tests/test_fetcher_processor.py;tests/test_message_queue.py;tests/test_processor.py;tests/test_result_worker.py;tests/test_scheduler.py,1;1;1;1;1;1;1;1;1;1;1;1;1;1;14;1;1;6,2;1;1;1;1;1;1;1;1;2;1;1;1;1;4;1;1;6
e1a00e675cd99c63f1b573c6416f32d4e501e288,binux,2015-11-25 20:09:06 +0000,344,tests/data_handler.py,4,0
693d8804ab51b84be466770b07ff379eb64657f2,kaito,2015-11-25 09:42:17 +0800,,pyspider/libs/utils.py,1,1
b9fea843d2bea3e5e4aa41b9ac7f6f0dff5bc915,binux,2015-11-21 23:11:01 +0000,,pyspider/fetcher/tornado_fetcher.py,4,4
6a25b40ff8473383ff8587ca15603739126dca2e,binux,2015-11-21 22:06:33 +0000,,pyspider/database/local/projectdb.py;pyspider/libs/base_handler.py;pyspider/run.py;pyspider/scheduler/scheduler.py;tests/test_processor.py,21;1;1;2;1,5;1;1;2;1
6a66d31508a85a1c10de08f67af8fc308d1f0193,binux,2015-11-21 21:05:18 +0000,,pyspider/libs/base_handler.py;pyspider/scheduler/scheduler.py;tests/test_processor.py;tests/test_scheduler.py,5;12;2;10,0;7;1;3
d77c8738505bc2234f5fcb24b0a66283072f6c79,binux,2015-11-21 20:43:28 +0000,,pyspider/database/mongodb/taskdb.py,4,4
0e4f4fec37af510630beeec81ae84f8120576c52,binux,2015-11-21 17:17:23 +0000,,pyspider/database/mongodb/projectdb.py;pyspider/database/mongodb/resultdb.py;pyspider/database/mongodb/taskdb.py;setup.py,3;3;3;1,2;2;2;1
1c53cceccf992d840bcba6e33c18f952ab772497,binux,2015-11-21 16:51:59 +0000,,pyspider/libs/base_handler.py,5,3
649aabbe8757d9a9d125d94e6d0e090897d3137a,binux,2015-11-21 16:03:39 +0000,,pyspider/run.py,2,0
6b71bb36a4f0884716713170d4885f1ccfa18bf1,binux,2015-11-21 15:51:07 +0000,,pyspider/run.py,4,4
074aa698133f2c120251ce3bf2b89ffe8c0dd3bd,waveyeung,2015-11-21 19:07:43 +0800,,pyspider/libs/response.py,17,10
c3873b91727f745c8e55063e8fcd799ae5a2211f,binux,2015-11-19 21:31:11 +0000,,pyspider/fetcher/tornado_fetcher.py;pyspider/libs/base_handler.py;tests/test_fetcher.py,1;1;9,1;0;0
9a950f7588bb16b9253c62eace69428e592a41b2,binux,2015-11-16 00:31:28 +0000,,pyspider/fetcher/tornado_fetcher.py,1,0
34b82cbee4346e5ee37c8264249c5e72eae25d87,binux,2015-11-15 16:53:41 +0000,,pyspider/fetcher/tornado_fetcher.py,2,1
1c59289a41027f2c7de3aa9eb4959b0dd68fb706,binux,2015-11-10 01:33:48 +0000,,docs/conf.py,17,0
d3d6d66400f4ec8b674d6208fa42a5373823d0c8,binux,2015-11-10 00:37:15 +0000,,pyspider/__init__.py,1,1
942c12c81d723211f74c00c507bd98c9a9381dad,binux,2015-11-07 15:05:57 +0000,,tests/test_fetcher_processor.py,1,2
a220cb5a1ef21c2f23a0435a2a46f7c86507b763,Xie Yanbo,2015-11-06 15:10:36 +0800,,pyspider/message_queue/__init__.py;tests/test_fetcher.py;tests/test_processor.py;tests/test_result_worker.py;tests/test_scheduler.py,1;1;1;1;1,1;1;1;1;1
65f852e461f86b3b80746ea303b55521f3f1b6c5,Xie Yanbo,2015-11-05 18:36:29 +0800,,pyspider/message_queue/__init__.py;tests/test_fetcher.py;tests/test_fetcher_processor.py;tests/test_processor.py;tests/test_result_worker.py;tests/test_scheduler.py,1;1;2;1;1;1,1;1;1;1;1;1
2d06e3bf20126d49d95c734034b933d169e17d48,Xie Yanbo,2015-11-05 18:21:44 +0800,,pyspider/scheduler/task_queue.py,2,2
e5fc2dd81c6a707c2f3a555b001aa66733e5b0d4,Xie Yanbo,2015-11-05 16:34:57 +0800,,pyspider/fetcher/tornado_fetcher.py;pyspider/libs/bench.py;pyspider/message_queue/__init__.py;pyspider/message_queue/beanstalk.py;pyspider/message_queue/kombu_queue.py;pyspider/message_queue/rabbitmq.py;pyspider/message_queue/redis_queue.py;pyspider/processor/processor.py;pyspider/result/result_worker.py;pyspider/scheduler/scheduler.py;pyspider/scheduler/task_queue.py;pyspider/webui/index.py;tests/test_fetcher.py;tests/test_fetcher_processor.py;tests/test_processor.py;tests/test_result_worker.py;tests/test_scheduler.py,2;1;1;1;1;1;1;1;1;1;2;0;1;1;1;1;4,1;1;1;1;1;1;1;1;1;1;1;2;1;7;1;1;4
81899855ae6fb54b84912a6a7665523b2da0e00d,Arthas Lucifer,2015-10-20 22:52:11 +0800,,pyspider/libs/base_handler.py,1,0
e59bd63b56270d6a4b85905327ae9d726cc4cc75,binux,2015-10-16 00:25:32 +0100,,pyspider/processor/processor.py;pyspider/processor/project_module.py;pyspider/webui/debug.py;tests/test_processor.py,5;21;5;32,11;10;12;0
19e9e94f1cc27b80c44e17344b8731c7349e8c1f,binux,2015-10-15 20:01:06 +0100,,pyspider/libs/utils.py;tests/test_utils.py,1;1,1;0
2d7e0bad5bcc674b8daee2a3e11a29b1e0bdbcf0,binux,2015-10-14 23:21:42 +0100,,pyspider/database/sqlalchemy/projectdb.py;pyspider/database/sqlalchemy/resultdb.py;pyspider/database/sqlalchemy/taskdb.py;tests/test_database.py,8;3;9;10,21;12;16;5
a10d5989024c7342cf439f32deae017f8d88da6f,machinewu,2015-10-14 11:11:39 +0800,,pyspider/libs/utils.py;tests/test_utils.py,5;7,4;1
6ed9942a2e734433be7d1b442dad13c778d243b6,binux,2015-10-13 01:34:32 +0100,,tests/test_database.py,14,14
563660bc07da26a8158fc397ead6ceb1df640a52,binux,2015-10-13 01:21:52 +0100,,pyspider/database/sqlalchemy/projectdb.py;pyspider/database/sqlalchemy/resultdb.py;pyspider/database/sqlalchemy/taskdb.py,1;1;1,1;1;1
23f246649c771cd8757e68f540ba07aa384fdcaf,binux,2015-10-13 00:33:11 +0100,,tests/test_database.py,21,32
abd926d5ea487d5563cdbdd659ee6b5aecfa1d2f,binux,2015-10-12 23:51:02 +0100,,tests/test_result_dump.py,1,2
2c83f1498c5d5a1aa64b25120d9659fa0d4b4c2e,binux,2015-10-12 23:48:44 +0100,,pyspider/run.py,6,0
7463f74591692b17d47f64e2b7d62d557d64b1da,binux,2015-10-12 23:35:20 +0100,258,pyspider/fetcher/tornado_fetcher.py,4,1
da6f2cadc6b85012b8f2a3df3504e026e31fd9c6,binux,2015-10-12 23:29:23 +0100,,tests/test_result_dump.py,1,1
ab3f6a068a771afd59d0f455395307403edf7fde,binux,2015-10-12 23:21:45 +0100,249,pyspider/scheduler/scheduler.py;tests/test_scheduler.py,1;13,1;0
9ae23ca5950660a87f3436003423dbf6f3833f66,binux,2015-10-12 22:46:14 +0100,235,pyspider/libs/result_dump.py;tests/test_result_dump.py,4;71,3;0
56f42e737c30b56c35742edb9d1b7e756fdb9ca7,machinewu,2015-10-09 21:05:23 +0800,,pyspider/libs/utils.py,1,1
ff2236af7e45916b4b723a73600f0b6d3b9134c7,binux,2015-10-01 00:44:44 +0100,,tools/migrate.py,69,0
19b9fdb1abc74d1021fc61b9bfdc0ed5c0b39c7b,binux,2015-09-30 00:37:20 +0100,,pyspider/run.py;tests/test_webui.py,2;36,2;1
583dfd161623c6c034ceb16233f90a2dafc1249e,binux,2015-09-29 20:56:40 +0100,,pyspider/database/sqlalchemy/projectdb.py;pyspider/database/sqlalchemy/resultdb.py;pyspider/database/sqlalchemy/taskdb.py;setup.py,6;6;6;1,2;2;2;0
8866498ada01608c5ba3fb5294f9e21598250f60,binux,2015-09-29 20:37:54 +0100,,pyspider/libs/base_handler.py;pyspider/run.py,1;7,1;6
28467a3c71bce71f8aa2184f285528a9d23f5f29,zz,2015-09-15 14:50:32 +0800,,pyspider/webui/login.py,18,0
92f3cd9830efc11562c1e969905d7e473717c219,ihipop,2015-09-11 15:56:23 +0800,,pyspider/libs/base_handler.py,5,1
b5cc48d1a4db70813298df6681d55ba24513560e,ihipop,2015-09-11 15:37:00 +0800,,pyspider/libs/base_handler.py,1,7
ec5dc2cf6285c01553c5983bcf17ceedcd62fb15,ihipop,2015-09-10 17:52:15 +0800,,pyspider/libs/base_handler.py,7,1
39aa049b7ac99377894cf6f3adffd79af8e51336,zz,2015-09-08 20:26:37 +0800,,pyspider/message_queue/__init__.py;pyspider/message_queue/redis_queue.py,3;2,1;2
a728262a952abeb1d8fff74614333c54b32a3b0a,twinmegami,2015-08-19 11:15:57 +0800,,pyspider/database/mongodb/resultdb.py,1,0
370c43676f65cac80d7dab82aa9424d87b254071,twinmegami,2015-08-19 10:44:40 +0800,,pyspider/webui/result.py,1,1
c82cf47f6c5b0cf4e01a2f70e88dbcb38006a2af,qiang.luo,2015-07-31 09:26:28 +0800,,pyspider/libs/utils.py,4,2
98d34012f5b8b04169638a4153f59486e0c67c45,qiang.luo,2015-07-30 19:14:01 +0800,,pyspider/libs/utils.py,1,1
51573bf8f00b5e985279e46ac42ba451b13fcfd3,qiang.luo,2015-07-30 17:55:44 +0800,,pyspider/libs/utils.py,2,4
244d83b416df325b2af448ac53140b97bde04d0b,qiang.luo,2015-07-30 17:41:41 +0800,,pyspider/message_queue/beanstalk.py,1,1
710eed56dc310da6f72907eff8adc9785aedadc9,binux,2015-06-14 22:46:54 +0800,,pyspider/database/sqlalchemy/projectdb.py;pyspider/database/sqlalchemy/resultdb.py;pyspider/database/sqlalchemy/sqlalchemybase.py;pyspider/database/sqlalchemy/taskdb.py;tests/test_database.py,12;12;1;13;42,1;1;3;2;1
9707d6829cd47d19d1b43a7dce2aca9884baca22,binux,2015-06-14 21:10:45 +0800,,pyspider/database/base/projectdb.py;pyspider/libs/base_handler.py;pyspider/webui/debug.py;pyspider/webui/webdav.py,7;2;6;1,0;0;12;6
4df3ae020b856644b30892f39c4628f865931837,binux,2015-06-09 00:04:02 +0800,,pyspider/run.py,7,7
a3df2792754b7c98cebd20a4d9b27b9b3a54548d,binux,2015-06-05 23:09:53 +0800,,pyspider/webui/debug.py;tests/test_webui.py,10;8,0;1
2c21d1dfc5a6481d47060ed6d31cfb1d4bed3e75,binux,2015-06-04 22:26:06 +0800,,pyspider/webui/debug.py;tests/test_webui.py,19;32,2;0
27179e6f5084ea84ca6f15d62109983a8ee80568,binux,2015-06-04 10:52:46 +0800,,tests/test_webdav.py,1,0
617c94b86c2da24cfe38937c6568f7df7691ac68,binux,2015-06-04 10:37:05 +0800,,setup.py,1,0
fdf2f01bf4c9c4c5d2737f9f9ed17cf24d149b3d,binux,2015-06-04 00:10:09 +0800,,pyspider/webui/webdav.py;tests/test_webdav.py,39;112,10;0
3abe6191d3f456cfd06fd03b92066ded8d61c7dd,binux,2015-06-03 17:08:07 +0800,,pyspider/message_queue/rabbitmq.py;setup.py,15;45,8;25
eaba7a7d15e8a421c9b33ed832e214d4751041be,binux,2015-06-03 15:13:04 +0800,,pyspider/webui/app.py;pyspider/webui/login.py;pyspider/webui/webdav.py,16;1;165,7;1;0
731ed44f6f0eb71b741fe960e822f96f23f2d966,binux,2015-06-02 22:05:05 +0800,,pyspider/run.py,1,0
09cb7653ee16345918bb44ab194b48f1674fc8b9,binux,2015-05-31 22:52:35 +0800,,pyspider/webui/debug.py,1,1
734cb3b42c7afcb2f8095c059f5043b3b55b73f9,binux,2015-05-27 18:20:07 +0800,,pyspider/database/sqlalchemy/projectdb.py;pyspider/libs/utils.py,6;1,2;1
36027a43a5b1f5be3277b12801cc49b927039651,binux,2015-05-27 18:00:30 +0800,,pyspider/database/sqlalchemy/projectdb.py;pyspider/database/sqlalchemy/sqlalchemybase.py;pyspider/scheduler/scheduler.py,6;2;1,8;6;1
41f55d75a4bf7e52fcc7ee78ac600d984a5e3492,binux,2015-05-27 15:26:01 +0800,,pyspider/run.py;tests/test_run.py,8;1,6;0
bff5611c88bc5ce33e7d8127813984b6a4c1f4dc,binux,2015-05-27 15:19:21 +0800,,pyspider/libs/base_handler.py;pyspider/scheduler/scheduler.py;tests/test_processor.py,2;11;1,6;12;1
932673fbb6652dc860328520560b905d8da1694a,binux,2015-05-26 23:49:29 +0800,,pyspider/libs/base_handler.py,25,13
2863e2cd1fd9ad44d02362abad582dfd0dc8c139,binux,2015-05-25 00:08:00 +0800,,pyspider/run.py,1,1
cd1aab3f97a048681a3c294e1e1181bc58b732b5,binux,2015-05-24 21:35:52 +0800,,pyspider/run.py,1,1
f7969f2f942c5ec08fa688a0795ae5ed7a5726b2,binux,2015-05-23 23:57:41 +0800,201,pyspider/libs/sample_handler.py;pyspider/webui/debug.py;tests/test_webui.py,1;3;23,1;2;3
732ecedac36d513cdca359b13bde48aa1eff303a,binux,2015-05-23 01:21:10 +0800,,pyspider/processor/processor.py,2,1
c20deedd473d9658d7d38a826e65561633b9d280,binux,2015-05-23 00:03:06 +0800,,pyspider/__init__.py,1,1
708b00445930f77d05762e54ce7b31828b2b3182,binux,2015-05-22 23:34:53 +0800,,pyspider/message_queue/__init__.py;pyspider/message_queue/kombu_queue.py;pyspider/message_queue/redis_queue.py;setup.py;tests/test_message_queue.py,9;117;0;1;48,1;0;1;0;0
b55607df07cc07381b001274f9a032fde635f8fa,binux,2015-05-22 15:54:30 +0800,,tests/test_scheduler.py,2,1
a46dd6af694cdc01ebc4bf9bd83946c03eec3fca,binux,2015-05-22 15:41:21 +0800,205,pyspider/database/redis/taskdb.py;pyspider/scheduler/scheduler.py,2;1,2;0
a2c845f627ae7b457d0d11bbbb32b7dda0230a77,binux,2015-05-17 15:53:48 +0800,,pyspider/database/__init__.py;pyspider/database/redis/taskdb.py;tests/test_database.py,9;104;13,0;51;2
c906287a266bc11ec5562aa30ec6c3b431f90881,binux,2015-05-17 01:34:27 +0800,,pyspider/database/redis/__init__.py;pyspider/database/redis/taskdb.py,7;122,0;0
96ab33cbcfb599e7a191b8adbd6870e0dc875a52,binux,2015-05-11 22:35:57 +0800,,pyspider/libs/base_handler.py,4,1
61115c236d5d6715610548718cbfef75ea6fcde4,binux,2015-05-11 11:42:12 +0800,,pyspider/processor/processor.py;pyspider/run.py,16;3,12;0
1095fde74704ee3d09a3a9ef779f9ea0d23bfbb6,binux,2015-05-07 22:34:09 +0800,,pyspider/scheduler/scheduler.py;tests/test_scheduler.py,46;8,29;8
5f8f91cc1cc89322b4c6050f0cab33937fc34918,binux,2015-05-01 21:37:33 +0800,,pyspider/database/base/taskdb.py;pyspider/libs/base_handler.py;pyspider/processor/processor.py;tests/data_fetcher_processor_handler.py;tests/test_fetcher_processor.py,1;11;3;7;19,0;7;1;1;2
205b980e143a8201e925d79056de681ca727c19b,binux,2015-05-01 12:05:06 +0800,,pyspider/message_queue/__init__.py;pyspider/run.py;tests/test_message_queue.py,53;25;19,0;27;13
70d7ee96f011ab523536584a575c060315f8574d,binux,2015-04-30 20:56:24 +0800,,pyspider/libs/bench.py,1,1
e7588d8cc5af3694ee0fa8d729bbcfda9786e344,binux,2015-04-30 11:42:54 +0800,,tests/test_message_queue.py,6,4
3887d48a1ae5b181ca29a3b3cce558f37820f130,binux,2015-04-30 09:06:05 +0800,,pyspider/libs/bench.py,6,1
08895aca8540fe968cdd65c4bb01af3d80d28b95,binux,2015-04-28 00:07:45 +0800,,setup.py;tests/test_message_queue.py,2;26,1;0
b96af576513c5759140cfe224b0e18411d998943,binux,2015-04-27 22:34:35 +0800,,pyspider/fetcher/tornado_fetcher.py;pyspider/libs/base_handler.py,0;2,2;0
3983b54987e1525ed92385b6541b664bbc52e7c7,binux,2015-04-27 22:23:47 +0800,,pyspider/run.py,3,0
cee41487bd8f4f20d4381eb550bcbdc6348528d3,binux,2015-04-25 20:01:21 +0800,,pyspider/scheduler/scheduler.py;pyspider/scheduler/task_queue.py,1;1,1;1
2fe8f4913dd3e7b7cfefcd5452ddbc0c6da3a10a,binux,2015-04-23 22:36:46 +0800,,pyspider/libs/base_handler.py;pyspider/processor/processor.py;pyspider/scheduler/scheduler.py;tests/test_scheduler.py,2;1;21;92,1;0;6;2
b7764886a99d702f52371498f1b9d2102d900a3d,binux,2015-04-23 21:06:46 +0800,,pyspider/scheduler/scheduler.py,1,1
f07b05889e480689ac2eaa7f28ee5523219de016,binux,2015-04-23 21:06:14 +0800,,pyspider/database/mongodb/taskdb.py;pyspider/scheduler/scheduler.py,3;1,6;1
f1e109e7b700f47212e5d08e181bc7ce8741e065,binux,2015-04-23 21:03:39 +0800,,pyspider/database/mongodb/taskdb.py;pyspider/scheduler/scheduler.py,6;1,3;1
e9263678801fe146dcd56518d87dff40e9cd289e,Horrower,2015-04-21 22:08:15 +0300,,pyspider/scheduler/scheduler.py,1,1
a175e5a73921fdaa75bf7f1d6328dee353c58ed1,binux,2015-04-21 23:04:58 +0800,,pyspider/__init__.py,1,1
d6606964e184ab3328cb04e360475783eb5ca802,binux,2015-04-21 22:32:34 +0800,,pyspider/__init__.py,1,1
27cfd5a37735865064ba7510b7b2dd1882d40e8a,binux,2015-04-21 21:11:00 +0800,189,pyspider/database/base/projectdb.py;pyspider/database/mongodb/projectdb.py;tests/test_database.py;tests/test_run.py,2;15;11;3,0;5;6;4
a71fdaa4a042ecce88a7e527c2043875920bfcdb,binux,2015-04-21 01:39:07 +0800,,pyspider/run.py;tests/test_run.py,4;2,2;2
5a2628e1c62f2e555b50836fbc88624916a41d7b,binux,2015-04-21 01:05:38 +0800,,pyspider/run.py,4,4
05e62f465104c883c2d2b035b5ce430221fce0f9,binux,2015-04-20 21:52:13 +0800,,pyspider/processor/processor.py;pyspider/processor/project_module.py;pyspider/scheduler/scheduler.py;tests/test_processor.py,3;10;12;1,2;6;8;0
4804d07679fe146a8994383ba3c084658b821eb6,binux,2015-04-20 21:29:19 +0800,,tests/test_processor.py,69,1
a4671157c8d043383707ca4148c1af6530c56718,binux,2015-04-11 18:21:04 +0800,,tests/test_run.py,2,2
df73747b2dadc0bfe6595fffcb9b5b9ce24f8d1d,binux,2015-04-11 17:51:51 +0800,,pyspider/run.py,1,1
0b57d63543ac1752ec95b7af4b2b91a51f717aa8,binux,2015-04-11 16:07:06 +0800,,setup.py,1,1
28069386ef8c0336ccf7372f6004faa2cbc9d095,binux,2015-04-11 15:37:03 +0800,175,pyspider/run.py;pyspider/scheduler/scheduler.py,19;1,11;0
21b3388ac1a6a8ce26073e5ea7f4b16a4be4e4d5,binux,2015-04-07 21:29:43 +0800,,pyspider/run.py,2,1
cd4526329e71faa53b4d67e5b035464c10e952d8,binux,2015-04-07 19:51:14 +0800,,pyspider/run.py;pyspider/webui/app.py;pyspider/webui/index.py,8;1;20,3;0;0
4b9126f845706fd70c05c39dacdaab6c0c21ed8b,binux,2015-04-05 20:19:58 +0800,,pyspider/run.py,3,1
d9ca36743641280a890cecf96240c8f3109b80ea,binux,2015-04-05 01:53:38 +0800,,pyspider/libs/counter.py;tests/test_counter.py,1;4,0;4
6d78219b575bf5cddfc7ee38e5f33f078dd400b3,binux,2015-04-05 00:54:02 +0800,,tests/test_counter.py,2,2
4a066b49c95f3195b13198c6263efbaadb684b95,binux,2015-04-05 00:44:22 +0800,,pyspider/libs/counter.py;pyspider/scheduler/scheduler.py;tests/test_counter.py,1;12;21,1;8;0
f7c3bac5ac4902ddf1feeb8386bfcefd9ce762bc,binux,2015-04-04 23:33:31 +0800,,pyspider/scheduler/scheduler.py;tests/test_run.py;tests/test_webui.py,4;3;5,4;3;20
9851cdc1f18ac461bbbc9061ba527a4cfd5c0639,binux,2015-04-04 19:54:26 +0800,,pyspider/libs/counter.py;pyspider/scheduler/scheduler.py;pyspider/webui/index.py,85;15;13,1;1;4
e1a3ee31eb800da661fd83cdabfdfeec7e0d86d0,binux,2015-04-02 21:38:26 +0800,,pyspider/fetcher/tornado_fetcher.py,7,1
d68c17568da33f26499c220088b892f6cb42a13e,binux,2015-03-30 23:41:26 +0800,,pyspider/scheduler/scheduler.py,41,1
4d97c12cb0e9456f16de4cce32fc8afabbf7337a,binux,2015-03-27 21:40:15 +0800,,pyspider/libs/result_dump.py;pyspider/webui/result.py;tests/test_webui.py,120;13;12,0;111;0
2b74de4afebec02238501646d92ea65f2a402689,binux,2015-03-15 21:26:07 +0800,,pyspider/fetcher/tornado_fetcher.py;pyspider/libs/base_handler.py;pyspider/processor/__init__.py;pyspider/processor/processor.py;pyspider/processor/project_module.py;tests/test_processor.py,17;2;1;51;16;55,9;37;1;8;2;1
eceaf48306a7787bd84d950a837a034b3005e63a,Tiancheng91,2015-03-14 16:21:56 +0800,,tests/test_scheduler.py,1,1
42fc76d10ab255b23c838d991647d502a4286b3e,tiancheng91,2015-03-13 18:17:50 +0800,,tests/test_message_queue.py,1,1
f4a2fa4ece6aec73aea2d88059921b8101dd662a,binux,2015-03-13 14:49:26 +0800,,tests/test_message_queue.py,3,2
830b1a3ecb94d38c8679994769fb35dc4ccac5c3,binux,2015-03-13 14:40:19 +0800,,tests/test_message_queue.py,1,0
6436d0e31c68587bcdc2be7a2a0c3319b2d4c3fc,binux,2015-03-13 14:23:28 +0800,,tests/test_message_queue.py,1,0
a26c4bb09ae760241b197c3000967372afa7813c,tiancheng91,2015-03-10 15:28:42 +0800,,pyspider/run.py,8,0
95aabe149a6a57631383356c9fe872bd74d469d0,binux,2015-03-08 21:31:44 +0800,,pyspider/__init__.py,1,1
3a01cb2d9c3869e73970bea4f4dc4f52215e866d,binux,2015-03-06 17:34:49 +0800,,pyspider/run.py,3,2
ddfe67850a9ea34db953308d757d6d538cb69981,binux,2015-03-04 20:00:03 +0800,,tests/test_database.py,44,0
3d0fd5590540f91129060c423a05448ef4819c34,binux,2015-03-04 18:51:16 +0800,,pyspider/run.py,17,3
c1ce40d37e2bf4049766f95136fb3d12f9e37481,binux,2015-03-04 18:41:12 +0800,,pyspider/libs/bench.py;pyspider/run.py,158;5,0;0
9fc2ffa57324d1a42ef767289faa3a04f4d20f2e,binux,2015-02-27 12:01:53 +0800,,pyspider/libs/bench.py;pyspider/run.py,1;63,0;60
d463f8a1c578b7e2fe4662cf1cc965a4dad1c6c3,binux,2015-02-18 16:19:51 +0800,,setup.py,1,1
c4d3f905739f9021c3dfd48dce3f3c0c83a35342,binux,2015-02-13 00:36:45 +0800,,pyspider/fetcher/tornado_fetcher.py;pyspider/libs/base_handler.py;pyspider/libs/url.py;tests/test_fetcher_processor.py,1;11;54;41,1;2;0;1
35eaf0fe9ff552a1e4f3dac80c8aab94cbf62ded,binux,2015-02-12 00:04:35 +0800,,pyspider/libs/base_handler.py;tests/test_fetcher_processor.py,16;4,10;0
0cde22f01502656c2fceb9149f5c0f0892c5a190,binux,2015-02-11 23:41:16 +0800,,pyspider/__init__.py,1,1
2471eb4fe5edf062b45136ab9a305c313ec54ceb,binux,2015-02-08 17:44:22 +0800,67,pyspider/run.py;pyspider/scheduler/scheduler.py;tests/test_run.py,27;6;41,0;0;0
ece43a26bcc27606c6b72de7c705afcbcbd84339,binux,2015-02-08 10:46:26 +0800,,pyspider/run.py,4,0
a92f8ac9c1e42bdd2af3255fe47cf8e9ba0bdcaa,binux,2015-02-05 23:30:18 +0800,,pyspider/libs/response.py,3,3
a81be8b620f715f03922b5465f736a6323e27d92,binux,2015-02-05 17:40:01 +0800,119,pyspider/webui/login.py,5,4
fc6d0f709e91f30bd30f52ea784fc810633446e3,binux,2015-02-05 17:28:52 +0800,119,tests/test_webui.py,76,2
039dc0a9941d652bce45768ca3fb90a700b40b53,binux,2015-02-04 22:23:04 +0800,,pyspider/fetcher/tornado_fetcher.py,3,3
8f9588d19d7528317eb4c5a464dc5c896f0fb08f,binux,2015-02-04 20:58:55 +0800,113,pyspider/fetcher/tornado_fetcher.py;tests/test_fetcher_processor.py,14;11,5;0
1e06a83cc3635c2c0f4fc0da23876ff2732b0957,binux,2015-02-04 17:06:13 +0800,,setup.py,3,3
fe8a65ca00a1729fc7920a705c6114273947c5cc,binux,2015-02-04 15:16:25 +0800,,tests/test_scheduler.py,3,3
15a3aea814f397465bbc9cad0842fde78d62a5d1,binux,2015-02-04 15:03:08 +0800,,pyspider/scheduler/task_queue.py;tests/test_scheduler.py,37;36,23;16
42baad28c55f6a0bbaa6a95322fd2fb68d7bb719,binux,2015-02-01 13:49:25 +0800,,pyspider/fetcher/tornado_fetcher.py;tests/test_fetcher_processor.py,19;26,10;3
d1cb58c489bfe0608528b9abc2b5d72c43d5f1ed,binux,2015-02-01 12:12:18 +0800,,pyspider/fetcher/tornado_fetcher.py,3,2
ca6f097979bd0aa34995428cccd5037d5d59bfc3,binux,2015-02-01 11:58:43 +0800,,pyspider/database/basedb.py;pyspider/database/mysql/resultdb.py;pyspider/database/sqlalchemy/resultdb.py;pyspider/database/sqlite/resultdb.py,3;2;1;2,1;1;0;1
aa5eb5220f59ba58efa721ce3d1b3f76826c0705,binux,2015-01-30 01:10:57 +0800,,pyspider/run.py;tests/test_webui.py,17;10,25;0
c55c810e3d40ee78ac6ce034ae0a2d6f5e1db828,binux,2015-01-29 23:58:42 +0800,,tests/test_run.py,5,2
82ab736b845026e9108f718234f00dd3e2f478d7,binux,2015-01-29 23:42:08 +0800,,pyspider/scheduler/scheduler.py;tests/test_run.py,0;2,3;2
0a64e0500ff9d99ef05769fd5a1333cda3501ee2,binux,2015-01-29 23:22:42 +0800,,pyspider/run.py,17,2
94d16c70075056282d9ec4fafaeb8d08775b1488,binux,2015-01-29 09:39:08 +0800,,pyspider/scheduler/scheduler.py;tests/test_fetcher.py;tests/test_fetcher_processor.py,3;61;3,0;28;6
d1713733cad980693335bbff075dc876f952c58b,binux,2015-01-29 00:08:21 +0800,,tests/test_fetcher_processor.py,7,5
47a072a5b997ee2404c35c6d5d1c5ad457822829,binux,2015-01-28 23:27:55 +0800,,pyspider/fetcher/tornado_fetcher.py;tests/test_fetcher_processor.py,7;73,7;0
5a235f360fb50c0fadd7feef354f0b8890620367,binux,2015-01-28 11:51:04 +0800,,pyspider/fetcher/tornado_fetcher.py;pyspider/run.py;pyspider/webui/app.py;tests/test_run.py,3;3;3;1,2;4;2;1
31cdafe140ef1afb9f7d51e5458dfb21afcebbac,laapsaap,2015-01-28 00:20:23 +0000,,pyspider/database/__init__.py;pyspider/scheduler/scheduler.py;pyspider/webui/index.py,2;2;1,2;2;1
6a792fd8d6c0b0e727cf37c3404064965f40c76a,laapsaap,2015-01-27 23:46:38 +0000,,pyspider/database/mysql/projectdb.py;pyspider/database/mysql/resultdb.py;pyspider/database/mysql/taskdb.py,1;2;1,1;2;1
c067e0f2d953d5fe33cef1f20e885c69b43a9755,binux,2015-01-26 23:38:48 +0800,,pyspider/fetcher/tornado_fetcher.py;tests/test_fetcher.py;tests/test_fetcher_processor.py,8;5;15,3;3;13
b58976245ed5fc89c06bda11ccb0942d6d1558a9,binux,2015-01-26 23:08:09 +0800,,pyspider/fetcher/tornado_fetcher.py;tests/test_fetcher_processor.py,68;9,67;2
b4a9fe77c404f9519121bed9e36a76cbb60b3f10,binux,2015-01-24 16:44:03 +0800,,tests/test_run.py,4,0
b8ad0c35aeb481f3cafc51511ec1a997bb5dde5a,binux,2015-01-24 15:41:48 +0800,,tests/data_sample_handler.py;tests/data_test_webpage.py,27;46,0;0
e9573ecb2db812674d5e72f39f959c4a19f66459,binux,2015-01-24 14:57:40 +0800,,pyspider/processor/project_module.py;tests/test_fetcher.py;tests/test_run.py;tests/test_webui.py,1;1;2;1,1;1;2;1
47ab6ed5de7415e92d88299a54b48a0a3b76fb9c,binux,2015-01-24 14:24:14 +0800,,tests/test_fetcher.py;tests/test_run.py;tests/test_webui.py,13;27;11,9;16;1
85dd400d56c3007eed4c62c97fa020d83ee70f32,binux,2015-01-24 13:31:41 +0800,,pyspider/libs/base_handler.py;pyspider/processor/processor.py;pyspider/processor/project_module.py;pyspider/run.py;tests/data_handler.py;tests/test_scheduler.py,2;9;19;6;1;1,1;3;16;4;0;1
0f43efc9c611f4b8bd93a42f85db3e14106915ba,binux,2015-01-20 23:43:51 +0800,,pyspider/database/local/projectdb.py,4,4
6b02ed527ba77ed3692cdd9387925433ae9913c5,binux,2015-01-20 23:30:17 +0800,,pyspider/result/__init__.py;pyspider/result/result_worker.py;pyspider/run.py;pyspider/scheduler/__init__.py;pyspider/scheduler/scheduler.py,1;24;5;1;1,1;1;2;1;0
81108f6d05cfa2d7f49c00108eb9ced95d8bb770,binux,2015-01-20 15:58:04 +0800,,pyspider/run.py;pyspider/scheduler/scheduler.py,4;11,12;3
f33ca7fadaec947053d7dacfe75fb6bc3daf0bf8,binux,2015-01-19 22:58:18 +0800,,pyspider/__init__.py;pyspider/libs/response.py,1;8,1;2
033781591f7074325405c04f30906d0308dfc299,binux,2015-01-19 18:19:32 +0800,,tests/test_run.py,8,8
32a8a7eab6dc0d9a9ddc42ef3a017aadbbfbfbf5,imlonghao,2015-01-19 18:14:49 +0800,,pyspider/run.py,2,2
1157b5266133272449a508cfa9d10ac43016055f,binux,2015-01-19 17:08:14 +0800,,pyspider/run.py;tests/test_bench.py;tests/test_run.py,1;23;67,0;14;54
71590b11e272d61fcf58d9305ee24daa1b93a2bb,binux,2015-01-19 11:10:27 +0800,,pyspider/scheduler/scheduler.py;tests/test_scheduler.py,1;27,1;0
bd1d74f8f775c5ce316d121fc1d5fc977083ab6b,binux,2015-01-18 22:25:09 +0800,84,pyspider/fetcher/cookie_utils.py;tests/test_fetcher.py;tests/test_fetcher_processor.py,2;8;6,2;9;7
a75a845f18e3157ddd2d56165f878eb3b2f83cab,binux,2015-01-18 22:09:24 +0800,,tests/test_bench.py;tests/test_run.py,2;7,0;4
34f41f033883a90ab54334a776e2fc8d2197b667,binux,2015-01-18 21:25:14 +0800,,pyspider/database/__init__.py;pyspider/libs/sample_handler.py;pyspider/scheduler/scheduler.py;tests/test_bench.py;tests/test_run.py;tests/test_utils.py,17;1;5;15;102;45,5;0;0;3;12;0
33e1bc323d9b98c63af8bac440fa7a12fa931099,piglei,2015-01-18 17:12:39 +0800,,pyspider/database/sqlalchemy/projectdb.py;pyspider/database/sqlalchemy/resultdb.py;pyspider/database/sqlalchemy/taskdb.py,1;1;2,1;1;2
b087a63f8ca0146ac3295b14288dc8b6daff5d5b,binux,2015-01-18 16:12:50 +0800,,pyspider/fetcher/tornado_fetcher.py;pyspider/libs/base_handler.py;pyspider/libs/dataurl.py;pyspider/libs/response.py;pyspider/libs/url.py;pyspider/processor/processor.py;pyspider/scheduler/scheduler.py;tests/data_fetcher_processor_handler.py;tests/data_handler.py;tests/test_fetcher.py;tests/test_fetcher_processor.py;tests/test_response.py;tests/test_webui.py,1;4;5;3;1;1;1;47;3;1;301;25;1,1;1;3;1;1;1;0;0;1;0;0;1;1
8f2430c2c0af9e002400c1c8410046b7c1219f5b,binux,2015-01-18 12:04:35 +0800,,pyspider/libs/utils.py;pyspider/scheduler/scheduler.py;tests/test_fetcher.py;tests/test_response.py,16;3;118;66,0;0;60;0
a1985a273fb454b28bb028e4451b94107575e3d7,binux,2015-01-18 00:52:52 +0800,,pyspider/libs/counter.py,4,2
6d44a2d5cb87c3e8a0cc420c755c8e384d47d731,binux,2015-01-18 00:36:15 +0800,,pyspider/libs/utils.py;pyspider/run.py;pyspider/scheduler/scheduler.py,45;5;94,0;2;1
a8e64352083067c856656c2ca586e74900205de7,binux,2015-01-17 21:15:37 +0800,,pyspider/database/local/__init__.py;pyspider/database/local/projectdb.py;pyspider/run.py;pyspider/scheduler/scheduler.py,6;79;42;12,0;0;11;1
02d76af3f3122427ae78124b68fd95db1de62eec,binux,2015-01-17 17:16:28 +0800,,pyspider/result/result_worker.py;pyspider/run.py;pyspider/scheduler/scheduler.py,12;68;53,14;0;4
bc8985408a8fd8fb51ad8fb31f8a3b2b110df19f,binux,2015-01-17 17:15:40 +0800,,pyspider/processor/project_module.py,1,1
b1f0294194e1ff9e6c9bc52d6e86cc0207e59d45,binux,2015-01-17 14:07:20 +0800,,pyspider/scheduler/scheduler.py,4,1
7a261dee342646d1e0d7baa6b86d7738c9d41a5b,binux,2015-01-17 13:45:22 +0800,,pyspider/scheduler/scheduler.py,13,17
c39a5a08289c1e4288e6ab0422f260b62eb0f280,piglei,2015-01-15 23:26:12 +0800,,pyspider/database/__init__.py,2,1
20c997910353f57b03472fd8f5675cb5f3974232,binux,2015-01-15 22:56:37 +0800,,pyspider/libs/base_handler.py;pyspider/processor/processor.py;pyspider/processor/project_module.py;pyspider/webui/debug.py;tests/data_handler.py;tests/test_processor.py,6;1;5;1;4;17,6;2;4;1;0;11
6102285a6408059218a23c77e02655796b38950c,binux,2015-01-13 12:50:14 +0800,,pyspider/processor/project_module.py,2,1
fc2bb5fc28276371b72a07fb93d5f5244b9543c2,binux,2015-01-11 13:41:07 +0800,,setup.py,1,1
1ed91bdb52a40674ced9714052829d741eb59883,binux,2015-01-10 21:20:33 +0800,,pyspider/fetcher/tornado_fetcher.py;pyspider/libs/base_handler.py;pyspider/processor/processor.py;pyspider/processor/project_module.py;pyspider/result/result_worker.py;pyspider/scheduler/scheduler.py;pyspider/scheduler/task_queue.py;pyspider/scheduler/token_bucket.py;pyspider/webui/index.py,11;1;8;9;2;32;8;3;3,3;1;0;3;0;12;0;0;0
d88508e4ab1f8260df4a2dacedb15ec405880246,binux,2015-01-10 17:06:06 +0800,,pyspider/__init__.py,1,1
014763880088a7c7dc27ec9af598d981aa39489f,binux,2015-01-09 18:38:16 +0800,,pyspider/processor/processor.py,1,1
e3a62a9e9304ecd1a0d8056ae90654ba035e6a50,binux,2015-01-09 10:51:34 +0800,,pyspider/run.py;tests/test_run.py,7;1,1;1
6b014735f03e04340d471aa18b9c1bb0da30f386,binux,2015-01-08 18:44:47 +0800,,pyspider/run.py,2,1
0a0330171c10229c7171c5c27fadc66bad3d91e0,binux,2015-01-08 16:14:26 +0800,,pyspider/fetcher/tornado_fetcher.py;pyspider/processor/processor.py;tests/test_processor.py,2;12;4,1;2;4
e9bc91a29562f866d243265a3e1444aaf1124c72,emilio,2015-01-07 14:13:19 +0100,,pyspider/webui/result.py,16,1
40ce5f0f4d7777b366bc50d9074a2f3089c8b67a,binux,2015-01-07 00:12:44 +0800,,pyspider/run.py,48,46
d1f4a6827c178f6e1a4d95e490f06cf50fcba3f0,binux,2015-01-06 11:10:18 +0800,,pyspider/libs/base_handler.py,3,6
7d7b64970a715c59b467e1f3c984f1396ec69e69,binux,2015-01-06 11:01:06 +0800,,pyspider/fetcher/tornado_fetcher.py,1,1
923bd421a1ab2548dd4e8c0df03845faba0acf9a,binux,2015-01-06 10:35:24 +0800,,pyspider/run.py,3,1
61381fcdfdbb06a4a3a82bb2ecad3a8f3e3c2046,binux,2015-01-05 22:01:44 +0800,,pyspider/webui/debug.py,4,1
09bce50f6dba8c99e85e8b3811f545a2f8f85920,binux,2015-01-05 20:16:42 +0800,,pyspider/libs/base_handler.py;pyspider/processor/processor.py;pyspider/scheduler/scheduler.py;tests/test_processor.py,5;10;0;62,1;6;6;1
abf2c796cdd1b0551f6be3551b6020451ae0313c,binux,2015-01-04 14:56:33 +0800,,pyspider/fetcher/tornado_fetcher.py;pyspider/webui/result.py,16;2,12;0
7cfa07bb3ebce5f1f465ed8d54a18770659eb7c5,binux,2015-01-04 02:52:41 +0800,,tests/test_fetcher.py,1,1
7325c5af83425a0aa0059f45cb2e6460da398ce7,binux,2015-01-04 02:38:19 +0800,,pyspider/__init__.py,1,1
1f6bbc833f3abfef1eb7dff2aace61dca45257a2,binux,2015-01-04 00:46:23 +0800,,pyspider/fetcher/tornado_fetcher.py,1,1
9f6d990ac5e183bb5d77415b2bfdd9749ea1bebb,binux,2015-01-03 23:24:13 +0800,,pyspider/libs/response.py,2,0
67f00ca9b295994c6048de1c47b8e0ce83a8118d,binux,2015-01-03 22:31:15 +0800,,pyspider/run.py;setup.py,41;6,0;1
945b8b64946245140a044f80892f18d759c51912,binux,2015-01-03 20:34:09 +0800,,pyspider/fetcher/tornado_fetcher.py,2,1
62855c8f0bda0a096929c13b8dfe4b8123785359,binux,2015-01-02 18:01:14 +0800,,pyspider/processor/project_module.py,0,1
da40d51505948a6dc928293f9482c663f2fa79b4,binux,2015-01-01 21:49:26 +0800,,pyspider/fetcher/tornado_fetcher.py;tests/test_fetcher.py,4;15,0;1
6136f8a58d5099c44f42284abfd52912636833ba,binux,2015-01-01 17:35:02 +0800,,pyspider/libs/sample_handler.py;pyspider/webui/debug.py,3;3,8;2
c754f4322352daa6716dbcfc92dd44af0a4bacf3,binux,2014-12-31 23:02:40 +0800,,pyspider/fetcher/tornado_fetcher.py;pyspider/processor/processor.py;pyspider/scheduler/scheduler.py;tests/test_fetcher.py;tests/test_scheduler.py,4;1;1;8;1,7;3;2;0;1
b73e884c5d509786057d8cfebc9c469e0668fcb2,binux,2014-12-31 21:40:02 +0800,,pyspider/webui/app.py,41,11
889681f34bbf9dd6c36ab7bf0507e649b1228f24,binux,2014-12-31 12:48:55 +0800,,pyspider/processor/project_module.py,5,2
b9ddb558b0ecb4bea74ed3764dfc2c57dd131aef,binux,2014-12-30 23:17:35 +0800,,pyspider/libs/base_handler.py,5,1
48d5cf5aa8309dc926ab84b14693305401c33f27,binux,2014-12-27 12:54:38 +0800,,pyspider/__init__.py,1,1
150d87b26146962eb57ae6fae97c1e5bee38761f,binux,2014-12-27 12:12:35 +0800,,pyspider/__init__.py;setup.py;tests/__init__.py,1;73;5,1;71;0
ff4e4c5f75ab6cc55699c9bdf9594a1587fc8509,binux,2014-12-25 23:10:50 +0800,,pyspider/fetcher/__init__.py;pyspider/fetcher/tornado_fetcher.py;pyspider/libs/response.py;pyspider/libs/utils.py;pyspider/processor/processor.py;pyspider/result/result_worker.py;pyspider/run.py;pyspider/webui/app.py,1;2;5;14;2;2;61;10,0;0;1;0;0;0;34;0
c0f0e1eedf87804b520e6f2f439ccabeae943922,binux,2014-12-24 21:15:31 +0800,,pyspider/__init__.py;pyspider/libs/bench.py;pyspider/libs/log.py;pyspider/libs/sample_handler.py;pyspider/libs/url.py,1;5;3;7;2,1;3;1;3;0
4e326f4753bbdb85a45b6b3d1cdff34da7117822,binux,2014-12-23 23:47:59 +0800,,pyspider/libs/counter.py;pyspider/libs/dataurl.py;pyspider/libs/utils.py,55;6;60,2;3;1
b951c36fbc9e4a48513498bef654edda4164d85f,binux,2014-12-22 22:40:53 +0800,,pyspider/libs/base_handler.py;pyspider/libs/response.py,58;16,7;4
49050c6f536b3bbd4b8519ad7a6c1711ad839fb3,binux,2014-12-18 22:23:35 +0800,,tests/test_webui.py,2,2
94bef6b02e0abe7be3333c40282df3491752048c,binux,2014-12-18 22:14:57 +0800,,tests/test_webui.py,2,2
ded8992a47c4324ecbf6f05ede9350b732621e54,binux,2014-12-18 21:56:45 +0800,,pyspider/scheduler/scheduler.py;tests/test_webui.py,5;21,2;0
ac6f2af2a0a2e5fdda95d41eac299d65bb189106,binux,2014-12-18 11:05:16 +0800,,pyspider/libs/log.py;pyspider/processor/project_module.py;pyspider/run.py;pyspider/scheduler/scheduler.py,3;4;1;11,1;2;1;1
8cbe4fecadd83bbc91b6386baf2a6c72cd59375d,binux,2014-12-18 01:02:38 +0800,,pyspider/scheduler/scheduler.py,2,9
23cf89c78908a09631ef28acdc27e58a37ad42bf,binux,2014-12-15 19:25:50 +0800,,tests/test_scheduler.py,1,6
20861f8f3d24fed990a39c576381c21a3e5c4948,binux,2014-12-15 18:52:57 +0800,,tests/test_scheduler.py,1,0
7aca56785618695f3841c327ab3ee07dce99d5a9,binux,2014-12-15 12:04:19 +0800,,pyspider/database/mysql/resultdb.py;pyspider/database/mysql/taskdb.py,5;5,1;1
5b3a2212cc86906fbb47888733749e095b3668e3,binux,2014-12-15 01:58:27 +0800,,pyspider/database/sqlalchemy/projectdb.py;pyspider/database/sqlalchemy/resultdb.py;pyspider/database/sqlalchemy/taskdb.py;setup.py;tests/test_database.py;tests/test_run.py,32;22;25;3;0;1,11;6;11;0;3;20
b765db838a4b63c0cce793ac979ff6b819ff9cd1,binux,2014-12-14 23:53:00 +0800,,setup.py,2,0
93272e600e7b6985a3f97da03cacda34df2289e2,binux,2014-12-14 22:49:25 +0800,,pyspider/fetcher/tornado_fetcher.py;pyspider/libs/pprint.py;pyspider/processor/processor.py;pyspider/webui/bench_test.py;tests/test_database.py;tests/test_run.py,2;3;1;6;1;19,2;8;2;3;1;0
0253c3ddcaba7793c6191544a6044046579b49e7,binux,2014-12-14 22:24:10 +0800,,pyspider/database/__init__.py;pyspider/libs/url.py;pyspider/run.py;pyspider/webui/__init__.py;pyspider/webui/app.py;pyspider/webui/debug.py;pyspider/webui/index.py;pyspider/webui/login.py;pyspider/webui/result.py;pyspider/webui/task.py;tests/test_webui.py,4;4;2;1;3;1;1;3;24;1;45,2;1;2;6;5;1;1;1;12;1;44
ce9440c00473e0c45b55cf7ea30b8ae45a20c847,binux,2014-12-14 21:54:06 +0800,,pyspider/libs/base_handler.py;pyspider/libs/url.py;pyspider/libs/utils.py;pyspider/processor/__init__.py;pyspider/processor/processor.py;pyspider/processor/project_module.py;tests/test_processor.py,1;15;1;1;4;3;1,1;14;2;1;3;3;1
fb07f75518706ad7e40575960e23085aa50fa9e3,binux,2014-12-14 20:50:43 +0800,,pyspider/result/__init__.py;pyspider/result/result_worker.py,1;1,1;1
ba5faab4ccb0af93d7850b85b75c069eb92e5119,binux,2014-12-14 20:46:50 +0800,,pyspider/database/mongodb/resultdb.py;pyspider/database/mongodb/taskdb.py;pyspider/database/mysql/projectdb.py;pyspider/database/mysql/resultdb.py;pyspider/database/mysql/taskdb.py;pyspider/database/sqlalchemy/sqlalchemybase.py;tests/test_database.py;tests/test_scheduler.py,1;1;1;3;3;2;1;6,1;1;1;4;4;1;1;6
b798b77f6ffe60e7e39fc7432986a2092b07285b,binux,2014-12-14 15:13:01 +0800,,pyspider/libs/counter.py;pyspider/scheduler/__init__.py;pyspider/scheduler/scheduler.py;pyspider/scheduler/task_queue.py;tests/test_scheduler.py,1;1;5;16;7,1;1;5;3;4
c01259520b67401f13c732690f13f8b06be6f281,binux,2014-12-14 13:57:48 +0800,,pyspider/fetcher/tornado_fetcher.py;pyspider/libs/url.py;pyspider/run.py;pyspider/scheduler/scheduler.py;pyspider/webui/app.py;tests/test_fetcher.py,3;5;10;15;2;2,3;58;4;4;2;2
99c899bad72698179ae0c3911655d7e45c8fef4f,binux,2014-12-14 11:56:43 +0800,,tests/test_webui.py,1,1
49ff30d556d714e040b3f503b362db6cf454c2b1,binux,2014-12-14 11:49:11 +0800,,tests/test_webui.py,2,1
5feeee77f09c6d82d5d4657f344a3ce8a2b87721,binux,2014-12-14 11:41:05 +0800,,pyspider/libs/log.py;tests/test_webui.py,2;3,2;1
81b049306efb997b9229e42a8b4d49c3bc3ea219,binux,2014-12-14 11:20:08 +0800,,pyspider/libs/bench.py;pyspider/processor/processor.py;pyspider/webui/result.py,3;1;6,1;1;5
c19dfcbb98b83ebb0b8b3a6c4352449e8440e2f4,binux,2014-12-14 10:15:52 +0800,,pyspider/database/sqlalchemy/taskdb.py;pyspider/fetcher/cookie_utils.py;pyspider/fetcher/tornado_fetcher.py;pyspider/libs/counter.py;pyspider/libs/dataurl.py;pyspider/libs/log.py;pyspider/libs/pprint.py;pyspider/libs/response.py;pyspider/libs/url.py;pyspider/libs/utils.py;pyspider/processor/processor.py;pyspider/processor/project_module.py;pyspider/scheduler/scheduler.py;tests/test_fetcher.py,2;12;23;7;3;3;2;3;9;20;1;2;3;19,1;190;17;1;2;114;1;2;9;7;1;1;3;16
b5027545dda2332c21d57bf9b0416cd1a7b0c23f,binux,2014-12-13 22:47:13 +0800,,pyspider/database/__init__.py;pyspider/database/basedb.py;pyspider/database/sqlite/projectdb.py;pyspider/database/sqlite/resultdb.py;pyspider/database/sqlite/sqlitebase.py;pyspider/database/sqlite/taskdb.py;pyspider/fetcher/tornado_fetcher.py;pyspider/libs/base_handler.py;pyspider/libs/counter.py;pyspider/libs/log.py;pyspider/libs/pprint.py;pyspider/libs/response.py;pyspider/libs/url.py;pyspider/libs/utils.py;pyspider/processor/processor.py;pyspider/run.py;pyspider/scheduler/scheduler.py;pyspider/webui/app.py;pyspider/webui/result.py;setup.py;tests/test_bench.py;tests/test_database.py;tests/test_fetcher.py;tests/test_scheduler.py,2;11;1;1;2;1;6;15;23;3;7;1;15;8;2;4;6;3;9;1;1;9;1;2,1;6;1;1;2;1;3;9;6;2;5;1;20;5;1;2;4;1;6;0;1;3;0;2
dd0fc55458ba7cb26a57e387c794d983ab06a258,binux,2014-12-11 22:18:43 +0800,,tests/test_bench.py;tests/test_processor.py,1;5,0;5
a5e747827ffb38cff4bd3be3471d6fce575ddf42,binux,2014-12-11 21:40:53 +0800,,pyspider/processor/processor.py;pyspider/scheduler/scheduler.py,3;12,4;5
e0dd2d842fe1b754665513b506f226fd689ca012,binux,2014-12-11 01:50:39 +0800,,pyspider/webui/task.py,2,1
fcdca46af9635647833150c6e371b930bc316acb,binux,2014-12-10 22:12:37 +0800,,pyspider/fetcher/tornado_fetcher.py;pyspider/webui/app.py,15;4,15;4
18b15aa5f2c07bf3cd6a7620034222ff351fbe9f,binux,2014-12-10 21:36:46 +0800,,pyspider/fetcher/tornado_fetcher.py;pyspider/libs/bench.py;pyspider/run.py;pyspider/webui/__init__.py;pyspider/webui/app.py;pyspider/webui/login.py;tests/test_bench.py,18;6;14;1;22;53;25,14;2;8;0;43;0;0
554f56ea68059eccdd09350f14128128db98dc0a,binux,2014-12-10 01:31:35 +0800,,pyspider/run.py;pyspider/webui/bench_test.py,23;1,20;1
9d07ab1e82fd9587f0777db68d541e086099a33c,binux,2014-12-09 22:19:43 +0800,,pyspider/libs/bench.py;pyspider/libs/counter.py;pyspider/run.py,27;2;20,36;1;10
4efbd228529dab00879738e0e853e2310ae5ec35,binux,2014-12-08 23:48:19 +0800,,pyspider/libs/bench.py;pyspider/run.py;pyspider/webui/bench_test.py,95;116;28,0;12;0
1818f75b9c95aa384ed786c69d0c56d78c5f2844,binux,2014-12-06 21:14:26 +0800,,pyspider/fetcher/tornado_fetcher.py;pyspider/libs/response.py;pyspider/processor/processor.py;tests/test_fetcher.py,3;6;2;2,1;2;1;2
679b5ac549b3b8acd82562fe70c54efa2d6d5fa2,binux,2014-12-06 20:38:49 +0800,,pyspider/processor/processor.py;pyspider/processor/project_module.py;pyspider/scheduler/scheduler.py;pyspider/webui/debug.py;tests/test_processor.py,6;93;1;2;7,76;0;1;3;5
62446a1cdc376bccbb0e0fec00f534ac81b8debc,binux,2014-12-05 15:13:36 +0800,,pyspider/scheduler/scheduler.py,2,2
1217eae3b77cda3688a764822fb1fbc4ef4c9739,binux,2014-12-05 00:33:40 +0800,,pyspider/__init__.py;pyspider/database/__init__.py;pyspider/database/sqlalchemy/projectdb.py;pyspider/database/sqlalchemy/resultdb.py;pyspider/database/sqlalchemy/taskdb.py;pyspider/scheduler/scheduler.py;setup.py;tests/test_database.py;tests/test_webui.py,1;2;3;1;2;3;2;30;7,1;0;3;1;2;1;1;1;3
5994200adb22259fdce11f231f96db1e1d5f6127,binux,2014-12-05 00:07:25 +0800,,pyspider/database/sqlalchemy/projectdb.py,72,0
f96fb5103c5ea1074ba840b49e7bcad71712a2d0,binux,2014-12-04 23:23:06 +0800,,pyspider/database/mysql/taskdb.py;pyspider/database/sqlalchemy/taskdb.py;pyspider/database/sqlite/taskdb.py;tests/test_database.py,2;136;2;13,2;0;2;0
04de08fc83e23161a81e3dc00308bd97965bab67,binux,2014-12-04 22:45:45 +0800,,pyspider/database/__init__.py;pyspider/database/sqlalchemy/__init__.py;pyspider/database/sqlalchemy/resultdb.py;pyspider/database/sqlalchemy/sqlalchemybase.py;tests/test_database.py,27;7;107;63;13,1;0;0;0;0
f83db719406eab02e51bc02744cb0977278887a7,binux,2014-12-02 22:41:09 +0800,,pyspider/webui/debug.py;pyspider/webui/index.py;pyspider/webui/task.py;tests/test_webui.py,7;17;22;42,2;3;6;2
bec60b2fd6a35045f698ccfb1ec621d01435cada,binux,2014-12-02 22:12:27 +0800,12,pyspider/run.py;pyspider/webui/index.py,2;1,2;1
75e748ca965eb1543b85614874a4c231aabd9242,binux,2014-12-01 21:41:07 +0800,,pyspider/fetcher/tornado_fetcher.py;tests/test_fetcher.py,32;14,38;0
007a809b15c9dad9da9a62722cba9eae85cab0c5,binux,2014-11-30 22:21:01 +0800,,pyspider/scheduler/task_queue.py;tests/test_scheduler.py,10;13,6;0
a82eef432c79f3826532ea69cba1cee50726a6c5,binux,2014-11-29 00:12:49 +0800,,pyspider/scheduler/scheduler.py;pyspider/scheduler/task_queue.py,7;9,6;1
a4c34a22fcc111fef18c387e94264a1f1548613e,binux,2014-11-28 01:59:39 +0800,,tests/test_fetcher.py,16,6
280648ac2f681b59cfcf82531e2d48c2b723108c,binux,2014-11-27 17:54:02 +0800,,tests/test_fetcher.py;tests/test_processor.py,10;3,9;2
27c09d94ad688b0b763417218da851892da197b0,binux,2014-11-27 17:40:55 +0800,,tests/test_fetcher.py,59,3
f838ed93fa7499a7572ee4fefec34b8ea9585731,binux,2014-11-27 16:53:20 +0800,,pyspider/fetcher/tornado_fetcher.py,11,2
21c37426e877d3a90a7d2c568f9a16937f89bf05,binux,2014-11-27 16:48:14 +0800,,pyspider/webui/debug.py,14,2
b94e039a109272a80d4d4e677e88a43290f84865,binux,2014-11-27 15:58:02 +0800,,pyspider/libs/response.py,7,1
e1a3514364c046070bdd108adba6ddc96794607e,binux,2014-11-27 15:12:23 +0800,,pyspider/libs/base_handler.py;pyspider/libs/utils.py,5;14,13;5
9c3e88c2c5cfe8396a2e960658917277941bf890,binux,2014-11-26 17:19:25 +0800,,pyspider/fetcher/tornado_fetcher.py,21,26
e3f8ea902c3accb66f68e1a427cf3f5ed523869b,binux,2014-11-25 01:12:47 +0800,,pyspider/__init__.py,1,1
a5b4f7886bbafbb3181c994a9dcb6b9679cde128,binux,2014-11-25 01:08:51 +0800,,setup.py,4,0
666174f7c016ecdd9f041d005708316f47c4c75c,binux,2014-11-25 00:59:52 +0800,,pyspider/run.py;tests/test_processor.py;tests/test_result_worker.py;tests/test_scheduler.py,1;1;1;1,1;1;1;1
21d621c9f53e80a8fe56adc5bf5b72e57978639c,binux,2014-11-25 00:45:53 +0800,,pyspider/run.py,6,3
9469653806e06d4e4a83b1cdd977a2da8ec46bac,binux,2014-11-25 00:22:53 +0800,,pyspider/run.py,1,1
1e69d8800c8763cf2d3ddd54039d8c6d78c7cbee,binux,2014-11-25 00:02:33 +0800,,setup.py,2,0
e254a3f88cfbcb9dedcb6a0bc47a0a6d0bc2f05a,binux,2014-11-24 23:16:31 +0800,,pyspider/run.py;run.py;setup.py;tests/test_run.py;tests/test_webui.py,322;3;1;1;1,0;314;1;1;1
0b540dc23f62384ff77ec142d0ef3c41ec6b835a,binux,2014-11-24 23:08:39 +0800,,pyspider/__init__.py;run.py;setup.py,2;4;79,0;1;0
24b3bd12a637c22cdb20f4b2cb5ce9d439b1b064,binux,2014-11-23 22:55:52 +0800,,pyspider/database/mongodb/resultdb.py;pyspider/libs/base_handler.py;pyspider/scheduler/scheduler.py,0;3;4,2;3;4
09e4e1c114561e251da60e59b75bb694f8a1f9cb,Jouke Waleson,2014-11-23 11:12:22 +0100,,pyspider/libs/sample_handler.py;tests/data_handler.py,1;0,1;2
c8272c033aac5280b833996b377e5970fe01e2a9,Jouke Waleson,2014-11-23 09:57:57 +0100,,pyspider/database/basedb.py;pyspider/database/mysql/taskdb.py;pyspider/database/sqlite/taskdb.py;pyspider/fetcher/tornado_fetcher.py;pyspider/libs/base_handler.py;pyspider/libs/url.py;pyspider/processor/processor.py;pyspider/scheduler/scheduler.py;pyspider/webui/app.py;pyspider/webui/result.py;pyspider/webui/task.py;tests/test_database.py;tests/test_run.py;tests/test_scheduler.py,9;3;4;9;2;4;10;16;3;13;5;19;6;4,4;1;2;3;1;1;2;5;1;6;1;7;3;1
b6954c798aab55e3e4968733453cfb3a06438773,Jouke Waleson,2014-11-23 09:38:06 +0100,,pyspider/libs/url.py,0,1
0fc5933d55c753f6ad207b2d48c9f6729d887855,Jouke Waleson,2014-11-23 09:37:02 +0100,,pyspider/database/mongodb/resultdb.py;pyspider/database/mongodb/taskdb.py;pyspider/database/mysql/taskdb.py;pyspider/database/sqlite/taskdb.py;pyspider/fetcher/tornado_fetcher.py;pyspider/libs/base_handler.py;pyspider/result/result_worker.py;pyspider/scheduler/scheduler.py,3;5;6;4;3;21;6;34,1;1;1;1;1;2;1;10
d6409be998f9f60c82477d73a741bcc8d2e302a8,Jouke Waleson,2014-11-23 09:18:48 +0100,,pyspider/database/mongodb/taskdb.py;pyspider/fetcher/tornado_fetcher.py;pyspider/libs/base_handler.py;pyspider/libs/log.py;pyspider/libs/utils.py;pyspider/processor/processor.py;pyspider/scheduler/scheduler.py,1;2;1;2;1;1;1,1;2;1;2;1;1;1
80337234759e71d2287a1d66510cbeae07206389,Jouke Waleson,2014-11-23 09:10:35 +0100,,pyspider/libs/pprint.py,378,371
1560398137689285a6f314d0914d01cee9181d2f,Jouke Waleson,2014-11-23 09:04:19 +0100,,pyspider/__init__.py;pyspider/database/__init__.py;pyspider/database/base/projectdb.py;pyspider/database/base/resultdb.py;pyspider/database/base/taskdb.py;pyspider/database/basedb.py;pyspider/database/mongodb/mongodbbase.py;pyspider/database/mongodb/projectdb.py;pyspider/database/mongodb/resultdb.py;pyspider/database/mongodb/taskdb.py;pyspider/database/mysql/__init__.py;pyspider/database/mysql/mysqlbase.py;pyspider/database/mysql/projectdb.py;pyspider/database/mysql/resultdb.py;pyspider/database/mysql/taskdb.py;pyspider/database/sqlite/projectdb.py;pyspider/database/sqlite/resultdb.py;pyspider/database/sqlite/sqlitebase.py;pyspider/database/sqlite/taskdb.py;pyspider/fetcher/cookie_utils.py;pyspider/fetcher/tornado_fetcher.py;pyspider/libs/ListIO.py;pyspider/libs/base_handler.py;pyspider/libs/counter.py;pyspider/libs/dataurl.py;pyspider/libs/log.py;pyspider/libs/response.py;pyspider/libs/sample_handler.py;pyspider/libs/url.py;pyspider/libs/utils.py;pyspider/processor/processor.py;pyspider/processor/project_module.py;pyspider/result/result_worker.py;pyspider/scheduler/scheduler.py;pyspider/scheduler/task_queue.py;pyspider/scheduler/token_bucket.py;pyspider/webui/app.py;pyspider/webui/debug.py;pyspider/webui/index.py;pyspider/webui/result.py;pyspider/webui/task.py;run.py;tests/data_handler.py;tests/test_database.py;tests/test_fetcher.py;tests/test_processor.py;tests/test_result_worker.py;tests/test_run.py;tests/test_scheduler.py;tests/test_webui.py,0;5;11;8;22;25;2;2;8;9;0;5;5;11;6;0;7;5;4;12;91;2;15;15;2;10;5;8;8;34;43;6;3;39;7;4;9;52;16;12;4;44;4;79;22;95;12;22;74;14,1;4;11;6;22;16;1;1;6;8;1;2;5;9;5;2;6;2;4;2;79;1;10;4;0;1;2;6;1;7;41;2;1;36;2;1;5;44;11;9;1;36;0;62;22;89;10;22;64;14
319fe9c70a150a7fac6884dcb04771d097801834,binux,2014-11-23 11:20:19 +0800,43,pyspider/fetcher/tornado_fetcher.py;pyspider/libs/base_handler.py;pyspider/libs/utils.py;pyspider/processor/processor.py;pyspider/webui/debug.py;tests/test_fetcher.py;tests/test_processor.py,4;5;20;9;10;12;9,1;9;1;4;7;0;2
c54abd7267c822f76cb86fa410da4f2cca0ea86c,binux,2014-11-22 23:31:17 +0800,,pyspider/libs/base_handler.py;pyspider/libs/url.py,4;0,0;35
1a98aaed69814a5d65fa69a0b19bcbb1762bb470,binux,2014-11-22 21:11:58 +0800,,pyspider/fetcher/tornado_fetcher.py,1,1
66754e4ed8bc6833b133a6cfcb7f659d2d0a3ca8,binux,2014-11-22 20:58:05 +0800,,pyspider/database/mongodb/mongodbbase.py;pyspider/database/mongodb/resultdb.py;pyspider/database/mongodb/taskdb.py;pyspider/database/mysql/mysqlbase.py;pyspider/database/sqlite/projectdb.py;pyspider/database/sqlite/resultdb.py;pyspider/database/sqlite/sqlitebase.py;pyspider/database/sqlite/taskdb.py;tests/test_database.py,50;2;2;14;3;3;61;9;37,0;28;28;0;11;38;0;35;18
e63613567b2fbf7abc19ab786a767d0e2018bd66,binux,2014-11-22 01:08:33 +0800,,tests/test_run.py,1,1
814650c534f0989848b20e63598af3dc73afafde,binux,2014-11-22 00:46:57 +0800,,run.py;tests/test_run.py;tests/test_webui.py,17;168;45,1;0;25
0613d0addba8030335640f91e6aaf73a4d648143,binux,2014-11-21 20:43:56 +0800,,pyspider/fetcher/tornado_fetcher.py;run.py,1;13,1;3
b18967794ee08870d7950ad0c0477cdb6f5a49af,binux,2014-11-21 19:09:17 +0800,,pyspider/database/__init__.py,3,0
0e33879dd08b95a9713ac651dd21bbc5a293a9db,binux,2014-11-21 18:49:52 +0800,,run.py,10,10
ddf8d30643fa1907bec0f5b5fbf8204ccbcddf25,binux,2014-11-21 10:37:09 +0800,38,run.py,3,1
6d06bf7ddf359f5baa21c98ae16a44b8b634287e,binux,2014-11-21 01:42:09 +0800,,run.py,6,0
9821f189a16fde0c6d5103f4e2748832211b7bfb,binux,2014-11-21 00:48:03 +0800,,run.py;tests/test_scheduler.py,19;2,5;1
1ef1d65a4af9ab0e5732f995af93a03542fb66cb,binux,2014-11-21 00:30:31 +0800,,run.py,36,8
ef1de9ad40f28f0b0e178036df5a7b4b45d7248c,binux,2014-11-20 19:28:39 +0800,,pyspider/fetcher/tornado_fetcher.py;pyspider/libs/log.py;pyspider/processor/processor.py;pyspider/result/result_worker.py;run.py,2;5;2;2;32,0;1;0;0;12
efa68a892abab03511a77af0a121164792ddf989,binux,2014-11-20 02:49:58 +0800,,pyspider/fetcher/tornado_fetcher.py;pyspider/libs/utils.py;pyspider/webui/app.py;run.py;tests/test_fetcher.py;tests/test_result_worker.py,2;7;1;151;2;1,2;0;0;144;2;1
4ff873b00b622e26dc6e4f3bf819be4d5eadd94c,binux,2014-11-19 16:52:48 +0800,,pyspider/fetcher/tornado_fetcher.py;pyspider/scheduler/scheduler.py;tests/test_scheduler.py,1;1;1,0;0;1
2e32009dda5f33bb3a9af58ed5ea3eb83df6ff99,binux,2014-11-19 11:26:49 +0800,,pyspider/processor/processor.py,5,2
88c94e66dc29300c87fbabd281c0393fda62a5d0,binux,2014-11-19 00:30:13 +0800,,pyspider/fetcher/tornado_fetcher.py;pyspider/libs/utils.py;pyspider/scheduler/scheduler.py;pyspider/webui/result.py;tests/test_fetcher.py;tests/test_scheduler.py;tests/test_webui.py,3;7;3;2;1;2;223,1;0;1;0;0;1;0
73f66eda02a85ec78ed29311ea3a93f6b80f9967,binux,2014-11-18 13:04:57 +0800,,pyspider/scheduler/scheduler.py,24,5
d1a7fd542b8721110942b472f4fc40caec3fc89b,binux,2014-11-17 22:17:49 +0800,26,pyspider/database/base/resultdb.py;pyspider/database/base/taskdb.py;pyspider/webui/result.py,1;2;2,0;0;0
1e01e05a2677ea23436a2fdc2cad4f66406af575,binux,2014-11-17 20:13:26 +0800,,pyspider/libs/response.py,1,1
95aa9b933f0cda683cf9edfa1ca8ed57cf99b439,binux,2014-11-17 19:35:24 +0800,,pyspider/__init__.py;pyspider/webui/app.py;pyspider/webui/debug.py;pyspider/webui/result.py;pyspider/webui/task.py;run.py,0;1;7;1;1;9,1;1;5;1;1;9
ab25b2918ab8cf4161703082ce6441203c8f4cf6,binux,2014-11-17 18:38:15 +0800,,pyspider/__init__.py,8,0
3f5f20546682aece086836ec7a40a9e049fa9cd7,binux,2014-11-05 10:50:57 +0800,,run.py,2,2
757757ec4806af966f5feeb209c1f042d10b49eb,binux,2014-11-02 00:53:41 +0800,,run.py,10,5
6e53f047023f286f225035fd062318181a7f5125,binux,2014-11-02 00:40:46 +0800,,run.py,3,3
3eb13b7a2d8fc6d03d5e9441235182ebf0953899,binux,2014-10-31 20:35:13 +0800,,run.py,2,0
7a82e3d875e7c0137a2270189c98124104fcd243,binux,2014-10-31 20:25:37 +0800,,run.py,20,0
d945a6fa36c2a5f5995a7bbea319abb982f246c0,binux,2014-10-28 01:50:13 +0800,,run.py,1,1
8ffb2e708bbf283167f136fc38613df6e688e329,binux,2014-10-28 01:31:47 +0800,,run.py,1,1
5ecbcb1000a760c725fb5455fa38aa2e1c7748c8,binux,2014-10-27 22:06:32 +0800,,run.py,3,0
73d641ad6c1c88a828900b1228a13b8b3ca39a33,binux,2014-10-19 20:14:52 +0800,,run.py,4,0
04c3e46efdeba2a850c490b77669033ed2b85365,binux,2014-10-19 16:18:41 +0800,,run.py,36,6
251bf62af8df1224811ec7dbcad7a5067373116b,binux,2014-10-16 22:53:56 +0800,,run.py,6,3
483873f9942e2e00a13542caf7be289521e45bf0,binux,2014-10-14 13:05:56 +0800,,run.py,4,2
785e87d1f7e856a144f7bc4926f6f70bda0118df,binux,2014-10-14 11:40:46 +0800,,run.py,9,6
74aa6e0750291e447b634916e28933c415ddb3c9,binux,2014-10-12 12:42:52 +0800,17,run.py,8,8
4e9ce49164af7bf07fd3ebb6aee8a966f560d7c6,binux,2014-10-12 01:46:48 +0800,,run.py,66,54
75d45c83339ef8160fe597ecc3a65dde266a911c,binux,2014-10-09 22:58:47 +0800,,run.py,2,1
d19a7863dff087f1219d9ac123008f135928f37a,binux,2014-10-09 00:22:03 +0800,,run.py,2,2
5ae201e509cc3a87d7090b5dae5ed4ef59f49d52,binux,2014-10-08 23:22:50 +0800,,run.py,1,1
9761825aaeb23137ca8133a22a4bcba5ce801921,binux,2014-10-08 22:35:30 +0800,,run.py,1,1
fa9d8e09b695260da4290554d8004aeda9f99b0f,binux,2014-10-08 22:05:00 +0800,,run.py,3,3
b5be371c2df4c6d832eab435bad9962d0f869246,binux,2014-10-08 20:55:15 +0800,,run.py,1,2
874d36059cebbcf558e0127474dde65332c152d0,binux,2014-10-08 20:39:53 +0800,,run.py,1,0
9bce809aa1dcf80b39b0e83038be262bb8aad1b5,binux,2014-10-08 18:19:00 +0800,,run.py,3,3
a800a88b0b1c6a28c59d503475753218231ae370,binux,2014-10-08 17:43:10 +0800,,run.py,74,59
cfd18eafcfe3ddb280e32f097593efcebb05b32e,binux,2014-10-08 15:39:12 +0800,,run.py,3,3
dac06ae7088deea18cc12f7076cfc9175c7f7112,binux,2014-10-08 15:31:55 +0800,,run.py,80,60
7ed7b697462505d9521fcdd30e3c2787ea110889,binux,2014-07-17 21:06:16 +0800,,run.py,1,1
4d4a6d43804c07f5d9faf2700c7acaf43d780902,binux,2014-07-16 20:47:11 +0800,4,run.py,3,2
adc7a7fab9170f57b42be826a9a640a75492e75a,binux,2014-04-03 20:01:57 +0800,,run.py,1,0
ac8da0011d2fb5f94878580b181fa492537bd5f2,binux,2014-03-11 12:59:55 +0800,15,run.py,2,1
01ca19576d83fb32e996276c238bf10f27f8d414,binux,2014-03-09 22:45:02 +0800,,run.py,6,5
fee4b5027a8724c8ed34b6e3db80d0c719b8dde9,binux,2014-03-07 23:24:23 +0800,,run.py,3,1
f5b23b3e729ec96044a9945931dc788a1a198a63,binux,2014-03-07 01:44:58 +0800,,run.py,1,14
723085f48c3f10aad5121ec2f25e53b57fe5a579,binux,2014-03-06 01:24:34 +0800,,run.py,1,1
256bbaf16e589e8ac40dfcd9cfda79e4f828a638,binux,2014-03-05 01:45:03 +0800,,run.py,95,0
