adb36e95b9056f3ece9bfcfb2c1f32a9567b4d36,Darren Yin,2012-11-29 12:53:05 -0800,,cheetah/Template.py,1,1
317118d8d3c4229844652a5fa5fca0f3ad7e2149,mikola,2012-10-22 04:15:24 -0400,,cheetah/Template.py,1,1
bbca0d9e1db4710b523271399b3fae89d9993eb7,Lakshmi Vyasarajan,2012-01-26 14:51:04 +0530,,cheetah/Version.py;cheetah/convertTmplPathToModuleName.py,1;5,1;1
073876f66e35501e289cc5dd1d60672e88c893f2,R. Tyler Croy,2011-04-22 17:11:43 -0700,,cheetah/Compiler.py,6,2
1f3e4ed66a343f21f6171e42b7222b5189a1fdce,Evan Klitzke,2010-11-10 16:39:48 -0800,,cheetah/CheetahWrapper.py;cheetah/Compiler.py,1;9,0;1
86229c10e234813c19f49882ddd4a2321dc2edb9,R. Tyler Croy,2010-12-12 19:46:52 -0800,,cheetah/Tests/SyntaxAndOutput.py,3,3
4fc404506214df31f3be7b3e6ffd08bda4472f4b,R. Tyler Croy,2010-12-12 19:46:10 -0800,,cheetah/CheetahWrapper.py,4,3
e9b2d300fce75a77aeacbe1e71767a88cb572d58,R. Tyler Croy,2010-12-12 19:45:36 -0800,,SetupConfig.py,1,0
6ac031ab0f10be385c813b6fbe4651ead100129b,Jon Siddle,2010-10-12 13:37:06 +0100,,cheetah/Template.py,1,1
f8e2a8ea51a280cdd1f6309ce95662c956f2d8d0,R. Tyler Croy,2010-09-16 13:04:52 -0700,,cheetah/Version.py,2,2
0287a0833cc30e0e469f6a774770002128a0281f,Jon Siddle,2010-09-14 15:08:26 +0100,,cheetah/Tests/NameMapper.py,13,0
a969475248fcaa350dc921b2ec52499d8c7fb84e,R. Tyler Ballance,2010-06-24 11:46:23 -0700,,cheetah/Template.py,2,2
d5e6ce97204ac5ca02b0149072b0b631b9c115a2,R. Tyler Ballance,2010-04-10 15:12:28 -0700,,SetupTools.py,2,0
8724436c90babf5a9e45580858749ad3050d0db3,R. Tyler Ballance,2010-03-21 20:29:16 -0700,,cheetah/Tests/CheetahWrapper.py,12,6
a28fcc76bacaea7403cf0ba22fdda1a5a34c13aa,R. Tyler Ballance,2010-03-01 04:58:26 -0800,,cheetah/Version.py,2,2
a1957504ab4c67b657a1f193de9f119df962bba7,R. Tyler Ballance,2010-02-07 22:47:52 -0800,,cheetah/Version.py,2,2
d20b523d30d77b2bccb8cfa0d39ab416e35da9c0,R. Tyler Ballance,2010-02-07 20:17:17 -0800,,cheetah/Version.py,1,1
62f5a2fe995695c1a88cef5e059192b20143afe0,R. Tyler Ballance,2010-01-31 18:22:42 -0800,,cheetah/NameMapper.py,1,1
6a42520b8f6bc32c0d53e1e4771b010ca1177cf8,R. Tyler Ballance,2010-01-31 18:22:24 -0800,,cheetah/NameMapper.py,17,27
97c0b6580cb40401cdc58247e4a17001fec9f6de,R. Tyler Ballance,2010-01-31 18:18:52 -0800,,cheetah/Version.py,4,4
d28a4d9c90c1dca8734db06f0c867ff490d9ca75,R. Tyler Ballance,2010-01-27 20:47:10 -0800,,cheetah/Version.py,1,1
0eead16006099c658988ebc4e1687ccabcbd3e92,R. Tyler Ballance,2010-01-27 20:43:05 -0800,,cheetah/Servlet.py,8,72
5d931545fcde3029a5e4f49d9d72533c0bd0f667,R. Tyler Ballance,2010-01-27 20:39:01 -0800,,cheetah/Compiler.py;cheetah/Tests/SyntaxAndOutput.py,1;6,1;0
46df95cf55fc1d9b9bb2513d47e3e1c9aa401b21,R. Tyler Ballance,2010-01-03 14:08:33 -0800,,cheetah/SourceReader.py,5,28
020059f74d1fe5b4d2147718dda001e1c1ec6323,R. Tyler Ballance,2010-01-03 13:40:06 -0800,,cheetah/Compiler.py;cheetah/Tests/NameMapper.py,5;12,2;2
dd56eea7375f24b782c136cfacca30d4022e9132,R. Tyler Ballance,2010-01-03 13:23:28 -0800,,cheetah/Template.py,13,12
189eaa59f1060d9e9476b277abf0b4e1f116b46d,R. Tyler Ballance,2009-12-30 23:40:09 -0800,,cheetah/Template.py,10,2
ed60164ecb50ebc955321a8fde8d78fcc4960880,R. Tyler Ballance,2009-12-27 16:58:45 -0800,,cheetah/convertTmplPathToModuleName.py,9,4
0900226c99b77d633410b1aaeb6cdc4ca9b625a2,R. Tyler Ballance,2009-12-27 16:51:49 -0800,,cheetah/ImportHooks.py;cheetah/Parser.py;cheetah/SettingsManager.py;cheetah/Template.py;cheetah/Tests/SyntaxAndOutput.py,7;5;1;10;0,16;5;7;17;1
1ee4ba40d6ab9a92f941ff5ccab30066b921bcb2,R. Tyler Ballance,2009-12-27 16:39:49 -0800,,cheetah/CacheStore.py,1,3
0c35ef91d0a2940b4bf88638e33fe2c498401d6d,R. Tyler Ballance,2009-12-27 15:52:57 -0800,,cheetah/Tests/NameMapper.py,1,1
2a7231b583a82afbeac4ac969808d3d23e94e3f1,R. Tyler Ballance,2009-12-27 15:52:27 -0800,,cheetah/NameMapper.py,1,1
a0c6979f8f3882f3994e25be4648e9a70c8876e0,R. Tyler Ballance,2009-12-27 15:49:37 -0800,,cheetah/NameMapper.py,1,4
2ce00d1867dbe8f2a101d237b43bc9306470c85a,R. Tyler Ballance,2009-12-26 22:22:51 -0800,,SetupTools.py,2,2
9b2cbb3b3c2f42a678dc81bddcfa239f7b9d1492,R. Tyler Ballance,2009-12-26 22:15:21 -0800,,SetupTools.py,7,2
ebf61469152fb0c8eca87ad50abee6a4e5b970ae,R. Tyler Ballance,2009-12-26 22:12:44 -0800,,SetupConfig.py,0,1
4c6a28883f25636dff6bbd3fcb702ef3a1618726,R. Tyler Ballance,2009-12-26 14:48:13 -0800,,www/conf.py,5,4
43d7cbe361a3fe73dc20337e544144b8c7c0d7d2,R. Tyler Ballance,2009-12-26 14:31:09 -0800,,cheetah/Template.py,12,0
5b32df45da4202f6bcd1465cc8ffcb640c55956f,R. Tyler Ballance,2009-12-26 14:02:58 -0800,,cheetah/Tests/Template.py,10,0
837d26cb8cd754d3a44a9170db365a2dab2cfcc1,R. Tyler Ballance,2009-12-26 12:39:46 -0800,,cheetah/Version.py,2,2
d51badc5fc584bc18e11076f0806b36d10191d6c,R. Tyler Ballance,2009-12-19 15:30:52 -0800,,cheetah/Version.py,2,2
ab598b6db1ce0c63cfe62b35d323f75064df9a19,R. Tyler Ballance,2009-12-19 14:29:05 -0800,,cheetah/Tests/SyntaxAndOutput.py,17,1
0f4310ae128a0566d863d47a677b6a0b35d8dc18,R. Tyler Ballance,2009-12-16 19:03:00 -0800,,cheetah/Tests/Unicode.py,16,5
752cb3af40a9463c81ac6a31b9baec79b8ee36ca,R. Tyler Ballance,2009-12-15 00:01:00 -0800,,cheetah/Tests/SyntaxAndOutput.py,6,0
70c9bd4737cd446c76b5c0be520b4a2a67044407,Doug Knight,2009-12-14 16:36:09 -0900,,cheetah/Compiler.py;cheetah/Parser.py,25;1,23;1
0cc9f781eeeb98d6c0d2812145a525f5dfe27b40,Doug Knight,2009-12-14 16:36:08 -0900,,cheetah/Compiler.py;cheetah/Parser.py,1;15,16;0
5cd02208b268958e3c28a338d32041abc82a9b85,R. Tyler Ballance,2009-12-14 23:13:10 -0800,,cheetah/Tests/Unicode.py,28,0
f45b9f070934fcb4fc6809ed90b89a25f90ea222,R. Tyler Ballance,2009-11-18 19:34:13 -0800,,cheetah/DirectiveAnalyzer.py,1,0
0fca88e647edb4cda3cff4de9b0f8dcbdc40913b,R. Tyler Ballance,2009-11-18 19:32:55 -0800,,SetupConfig.py,3,2
b49163a592fe6393b1f32949c16efad687713d7e,R. Tyler Ballance,2009-11-18 19:26:34 -0800,,cheetah/Tests/Test.py,11,11
d8ce9cf6eb2f7a81debb13586fdd519776d16fd1,R. Tyler Ballance,2009-11-18 19:17:24 -0800,,cheetah/Tests/Test.py,2,0
59354e88a548c0b62f756daa16dd458a64039483,R. Tyler Ballance,2009-11-18 19:17:13 -0800,,cheetah/DirectiveAnalyzer.py;cheetah/Template.py,1;3,1;1
980817005b067811a68b18e8cf44f79747f3fd6c,R. Tyler Ballance,2009-11-16 22:31:54 -0800,,www/conf.py,1,1
7c8e1d15feebb97d27d651c539bea9becdbfc15c,R. Tyler Ballance,2009-11-16 20:58:13 -0800,,cheetah/DirectiveAnalyzer.py;cheetah/Parser.py;cheetah/SourceReader.py;cheetah/Template.py;cheetah/Tests/Analyzer.py,97;9;1;4;29,0;6;14;0;0
e43765a679b84c52df875e9629d303e304af50a1,R. Tyler Ballance,2009-11-16 10:44:43 -0800,,cheetah/Template.py,1,1
47fbe57de8fc7fab20fd2d6b381ffbae411b74bc,R. Tyler Ballance,2009-11-15 17:20:23 -0800,,cheetah/CacheRegion.py;cheetah/CacheStore.py;cheetah/CheetahWrapper.py;cheetah/Compiler.py;cheetah/FileUtils.py;cheetah/Filters.py;cheetah/ImportHooks.py;cheetah/ImportManager.py;cheetah/NameMapper.py;cheetah/Parser.py;cheetah/Servlet.py;cheetah/SettingsManager.py;cheetah/SourceReader.py;cheetah/Template.py;cheetah/TemplateCmdLineIface.py;cheetah/Templates/SkeletonPage.py;cheetah/Templates/_SkeletonPage.py;cheetah/Tests/CheetahWrapper.py;cheetah/Tests/NameMapper.py;cheetah/Tests/Performance.py;cheetah/Tests/SyntaxAndOutput.py;cheetah/Tests/Template.py;cheetah/Tools/CGITemplate.py;cheetah/Tools/MondoReport.py;cheetah/Tools/SiteHierarchy.py;cheetah/Tools/turbocheetah/cheetahsupport.py;cheetah/Utils/statprof.py;cheetah/Version.py,1;2;3;40;19;9;2;13;6;60;1;10;2;25;3;15;11;1;36;4;34;4;1;11;0;4;1;3,1;2;4;41;35;9;2;37;6;60;1;10;2;26;3;15;11;1;36;4;34;4;1;5;1;4;1;3
74961058e939739e97f9c570d5fc8c0959760dc9,R. Tyler Ballance,2009-11-15 22:56:13 -0800,,cheetah/Parser.py;cheetah/Tests/Parser.py;cheetah/Tests/Test.py,21;49;2,24;0;0
987fc399ff52ed27dc655a84f5712c323ae28e56,R. Tyler Ballance,2009-11-15 23:22:22 -0800,,cheetah/Tools/SiteHierarchy.py,136,151
69194e509b8dcd76a5474b5c0016ae540547521c,R. Tyler Ballance,2009-11-08 16:25:36 -0800,,cheetah/Template.py,9,11
b6ae1200cc013ae8fede21a290bcbd95e9758742,R. Tyler Ballance,2009-11-08 16:52:48 -0800,,cheetah/Tests/CheetahWrapper.py,22,5
a062578776fb57bc83edf042f84f21588ac780dc,R. Tyler Ballance,2009-11-08 16:01:31 -0800,,SetupTools.py;cheetah/DummyTransaction.py;cheetah/SettingsManager.py;cheetah/Templates/_SkeletonPage.py;cheetah/Tests/Filters.py;cheetah/Tests/Misc.py;cheetah/Tests/SyntaxAndOutput.py;cheetah/Tests/Test.py;cheetah/Tools/MondoReport.py;cheetah/Utils/Misc.py,3;1;3;4;4;20;1;2;2;4,9;1;5;4;2;0;1;0;7;18
0b8c21f8f3cc5f95f2184bf717b62f2888ed4935,R. Tyler Ballance,2009-11-08 15:22:10 -0800,,SetupConfig.py;SetupTools.py;cheetah/CheetahWrapper.py;cheetah/Filters.py;cheetah/ImportManager.py;cheetah/NameMapper.py;cheetah/Parser.py;cheetah/Template.py;cheetah/TemplateCmdLineIface.py;cheetah/Templates/_SkeletonPage.py;cheetah/Tests/CheetahWrapper.py;cheetah/Tests/Filters.py;cheetah/Tests/Performance.py;cheetah/Tests/Regressions.py;cheetah/Tests/SyntaxAndOutput.py;cheetah/Tests/Template.py;cheetah/Tests/xmlrunner.py;cheetah/Tools/SiteHierarchy.py;cheetah/Utils/statprof.py;cheetah/Version.py,1;6;4;12;2;7;12;1;4;1;2;1;4;1;1;2;2;5;8;5,1;6;4;12;2;7;28;1;4;1;2;1;4;1;1;2;2;5;8;5
a23cfe7fc38af7f38a5d032592456152f635f995,James Abbatiello,2009-10-15 19:42:41 -0400,,cheetah/CheetahWrapper.py;cheetah/Tests/Unicode.py,2;1,2;1
4213bbe9856d9c33a35ed2d7d5dba1ca16472015,Mike Bonnet,2009-10-16 19:52:41 -0400,,cheetah/Filters.py,7,28
87cb61133ea9f1b53b811d534e3fae73e41c5e9a,R. Tyler Ballance,2009-10-16 15:15:08 -0700,,cheetah/Filters.py;cheetah/Template.py;cheetah/Tests/Unicode.py,1;24;16,1;1;0
8237cf474f5398ec737c1f9bc511cbb40b7655bb,R. Tyler Ballance,2009-10-15 11:40:27 -0700,,cheetah/Version.py,2,2
32fffac33a3e26d027e67fe931470173f983b02e,R. Tyler Ballance,2009-10-15 07:34:49 -0700,,cheetah/Version.py,2,2
e354cde7e5b3d42c4ff34f451ada310a8fe558fc,R. Tyler Ballance,2009-10-12 21:48:58 -0700,,cheetah/Template.py,2,3
c93d8b2020cbdd0b300982210cdd44382d7fc38e,R. Tyler Ballance,2009-10-12 21:48:32 -0700,,cheetah/Tests/Performance.py,11,10
2e5c9bc2ff7bbb1b2496038860a120ecae15591b,R. Tyler Ballance,2009-10-14 23:04:37 -0700,,cheetah/DummyTransaction.py,25,15
b51cd10aa0e22a55029833c1e80cd9bd6846e38d,R. Tyler Ballance,2009-10-14 22:39:58 -0700,,cheetah/DummyTransaction.py,7,18
e0df2a214f6404b41073127ed4b8b52cbb1f6380,R. Tyler Ballance,2009-10-14 22:36:59 -0700,,cheetah/Tests/Performance.py,17,0
e8d6782076e0d582d0090c7cef6239f6d72efcd0,R. Tyler Ballance,2009-10-14 19:52:34 -0700,,cheetah/DummyTransaction.py;cheetah/Tests/Unicode.py,5;2,2;3
9ac5e4c6ed36c3b6b1bc8340fdb69d32db9d98c4,Arun Kumar,2009-10-14 09:59:45 +0000,,cheetah/DummyTransaction.py,19,8
d3940a809019c44da2348eca12e087a9843f9b64,R. Tyler Ballance,2009-10-13 10:21:40 -0700,,cheetah/Template.py,2,2
989282f984333ccba5ece0256a4268a9726a2d58,R. Tyler Ballance,2009-10-12 23:06:15 -0700,,cheetah/Tests/Performance.py,9,5
11a9c395da2dd30547c0129a94562aa94586c6e2,R. Tyler Ballance,2009-10-12 22:18:01 -0700,,cheetah/Template.py,45,57
6c3c427355c8074116884ebaef5dc73898dfcf1d,R. Tyler Ballance,2009-10-12 21:48:58 -0700,,cheetah/Template.py,2,3
c8caedc6222e22420a4d7fd433a0cfc43fca3a3b,R. Tyler Ballance,2009-10-12 21:48:32 -0700,,cheetah/Tests/Performance.py,11,10
6a763e7c84c1ef551e81aca6f3200de9a7e9c87c,Mike Bonnet,2009-09-15 17:55:31 -0400,,cheetah/Tests/CheetahWrapper.py,13,2
ad9f16e04b12c47fa1225af50e5a90c2d6fdbf99,R. Tyler Ballance,2009-09-17 10:25:08 -0700,,cheetah/Version.py,2,2
d6cc8d39f8248182590cdb1bcf56d0e477dbd6b9,Mike Bonnet,2009-09-15 17:55:31 -0400,,cheetah/Tests/CheetahWrapper.py,13,2
9050b8bf0fa67e098aae6f6f9f675530ffffd364,R. Tyler Ballance,2009-09-17 10:25:08 -0700,,cheetah/Version.py,2,2
f0ab772973efcc0ab07bba4ca98afc0fc58bb3e0,James Abbatiello,2009-09-14 18:35:54 -0400,,cheetah/Tests/Performance.py,2,1
458d63a67c4188d15e22f09a0e9e266728a151ac,R. Tyler Ballance,2009-09-14 14:06:50 -0700,,cheetah/Tests/Test.py,0,2
f08b044959bf77499b5796561dc5607921cf3ddd,R. Tyler Ballance,2009-09-14 13:50:37 -0700,,SetupConfig.py,6,6
7c3128f3f928b6bc0d024aab4d00a4527b76d428,James Abbatiello,2009-09-11 17:08:45 -0400,,SetupTools.py,47,1
a30a4cc52fd9543d3a1099ca7c0ffb3c79b3b073,R. Tyler Ballance,2009-09-10 14:49:01 -0700,,cheetah/Version.py,1,1
264282bfbb993567d3238f972c9e13fe67be0580,R. Tyler Ballance,2009-09-10 14:44:12 -0700,,cheetah/Tests/SyntaxAndOutput.py,0,1
d0762d8e66ffc21493dd54821e54da1c4d7520b1,R. Tyler Ballance,2009-09-10 14:42:23 -0700,,cheetah/CheetahWrapper.py,8,6
c0ce8aebde54b983abdcb4b069fa9c58cd555cc9,R. Tyler Ballance,2009-09-10 14:42:12 -0700,,cheetah/Tests/SyntaxAndOutput.py;cheetah/Tests/Test.py,19;6,18;2
7b210bcf477057dd7e3c13577c677a77be076161,R. Tyler Ballance,2009-09-10 14:40:48 -0700,,cheetah/Tests/NameMapper.py;cheetah/Tests/Regressions.py;cheetah/Tests/SyntaxAndOutput.py;cheetah/Tests/Template.py;cheetah/Tests/Test.py;cheetah/Tests/Unicode.py,0;1;1;2;1;1,1;2;2;2;1;3
805727f468346f2a36de0c462ca0fe97026dd9da,R. Tyler Ballance,2009-09-10 14:37:52 -0700,,cheetah/Template.py,6,9
5b6eb450670fd8b320c20dc0b1a1492044a2e73c,James Abbatiello,2009-09-03 00:05:33 -0400,,cheetah/Template.py,121,96
9778d8e7b44badaccce3c156bb22bb1df576b367,James Abbatiello,2009-09-02 22:30:31 -0400,,cheetah/Template.py,24,29
87092f217d35abe11e4b45ae26f99dd201e1876b,R. Tyler Ballance,2009-09-01 16:15:06 -0700,,cheetah/Tests/Performance.py;cheetah/Tests/Test.py,220;3,0;3
1b1b4cb083ac07d8347b0d4f4a1c9bb2a621284f,R. Tyler Ballance,2009-09-01 16:09:20 -0700,,SetupConfig.py,10,7
8ecdd3337418e6dfe3f163f224d64d87d12b38cb,R. Tyler Ballance,2009-09-01 14:34:10 -0700,,cheetah/Template.py,1,1
8bb8f0f2c9c06578987bf4ceb2d25c3b7cb0e0b7,R. Tyler Ballance,2009-09-01 14:04:14 -0700,,SetupConfig.py,1,1
9bc0b37a331290c829efa6365da7455aa8bde6d9,R. Tyler Ballance,2009-08-31 11:57:05 -0700,,cheetah/Tests/Cheps.py,39,0
c7da1e012425c3fd53b86f9a67351bce21c2b9cd,R. Tyler Ballance,2009-08-28 12:23:03 -0700,,cheetah/Tests/Test.py,2,0
894c72845e83230f8374e0949920f1e712c3b346,James Abbatiello,2009-08-25 00:53:35 -0400,,SetupConfig.py,0,4
da52de58a83fb39eefe245a7509796cb5b9acf37,R. Tyler Ballance,2009-08-14 19:35:52 -0700,,cheetah/Tests/Test.py,0,2
f902efca620e0ab0ead60dd73ba28e5f99a3631a,R. Tyler Ballance,2009-08-14 19:34:43 -0700,,SetupConfig.py,4,4
e658b4ba82c5c07d40d2a5e394f42ecdac82b8fb,James Abbatiello,2009-08-04 14:36:49 -0400,,SetupConfig.py;cheetah/CheetahWrapper.py,8;10,0;0
53144fffd7754476b8b866b7b52fa9faab1548e4,R. Tyler Ballance,2009-07-16 15:36:54 -0700,,www/conf.py,5,2
832a7c766de46cff23d6716ece9efd79db78cf5d,R. Tyler Ballance,2009-07-16 15:25:04 -0700,,SetupConfig.py;SetupTools.py,4;1,4;1
dc896aa348b7d5e4dbeed440c6ae8cf8ebdf2fdd,R. Tyler Ballance,2009-07-16 15:23:18 -0700,,SetupConfig.py,0,1
714a46b4ed922d7afaf8ef95144890cfcd74007e,James Abbatiello,2009-06-28 15:41:34 -0400,,SetupConfig.py,3,0
a8539369bb2a55f6c9ac38ef50f99ba8d0ae1660,R. Tyler Ballance,2009-06-28 10:05:31 +0800,,SetupConfig.py,5,3
8bee5af2e355e78e28b9a2f6a86009bbf01aa654,R. Tyler Ballance,2009-06-27 15:32:19 +0800,,SetupConfig.py,8,14
f74245118b8218c15740336bcad34fcbbb5fad9d,R. Tyler Ballance,2009-06-27 19:05:31 -0700,,SetupConfig.py,5,3
62a69f356b60b66e7cade8e9da327a679e1f5a7a,R. Tyler Ballance,2009-06-27 00:32:19 -0700,,SetupConfig.py,8,14
d31b642c5c2a50fb90794315550810d80b4953f4,R. Tyler Ballance,2009-06-21 20:44:47 -0700,,SetupConfig.py,2,0
23487def3a0bce57d9db55c7f44e4a36612301a3,R. Tyler Ballance,2009-06-21 15:11:22 -0700,,SetupConfig.py,5,2
9bc13d99b7d03892ed82a8cc7a97b15643405dc5,R. Tyler Ballance,2009-06-21 13:37:37 -0700,,SetupConfig.py,1,1
56f550b70a565828237f1aad7a5d92429f7aaaab,R. Tyler Ballance,2009-06-15 22:28:03 -0700,,SetupConfig.py;SetupTools.py,8;5,8;6
b9bfe53457fd1a5a08920bea26424d19c9c0ff3d,R. Tyler Ballance,2009-06-09 10:17:49 -0700,,SetupTools.py,6,21
5aa67355b0039c1ae90f49247906cdec0d57aec8,R. Tyler Ballance,2009-06-09 10:15:15 -0700,,SetupConfig.py,9,1
56c8db9bc8e41b50e649ed4f9510a6be0d96eab6,R. Tyler Ballance,2009-06-01 21:31:49 -0700,,SetupConfig.py,4,4
8cbbb51dcb1b83cdccdf4235494bde2f57989cce,R. Tyler Ballance,2009-06-01 10:45:21 -0700,,www/conf.py,5,5
0cb8314d36af237638890520d90863f0f4543c37,R. Tyler Ballance,2009-06-01 10:14:39 -0700,,www/conf.py,194,0
fa593e26a737acfac0453825905ff991a2c70b85,R. Tyler Ballance,2009-05-17 15:31:39 -0700,,SetupConfig.py,1,1
8bd3bc25b8f68bb907e957c31cd4ed06e73aa9bd,R. Tyler Ballance,2009-05-15 12:27:35 -0700,,SetupConfig.py,1,1
73875d9d66427bc213dc7a2874c921c07409dd0b,R. Tyler Ballance,2009-04-16 23:14:52 -0700,,SetupConfig.py,1,1
684b9280da77f8afc86736315caf910b81c144f9,R. Tyler Ballance,2009-04-16 22:49:59 -0700,,SetupConfig.py,1,1
1c42c232c419001116a099e4a49032231fff38fe,R. Tyler Ballance,2009-04-16 22:32:29 -0700,,SetupConfig.py,1,1
03176ef8e96b3dda98a585914fec1e67b8de26e9,R. Tyler Ballance,2009-04-05 17:26:51 -0700,,SetupConfig.py,2,0
ef47988927b452db48c0bd19b0fc900b7d604fb3,R. Tyler Ballance,2009-04-03 00:40:54 -0700,,SetupConfig.py,0,32
c480b09f7f7b51180d64b29017650e201210ae62,R. Tyler Ballance,2009-04-03 00:14:10 -0700,,SetupConfig.py,6,12
6f21865845f3b12aa2fd7727309770c27e3447cc,R. Tyler Ballance,2009-03-29 17:35:25 -0700,,SetupConfig.py,0,1
f84cdad072f1dd5ecb8aa182cea44efe2742ab88,tavis_rudd,2007-11-03 19:44:38 +0000,,SetupTools.py,5,2
e2bd128d0f6cda13892b825deae211f77b81b95c,tavis_rudd,2006-02-03 20:19:02 +0000,,SetupConfig.py,2,2
404c70c8dd84fc9c86316a05cebe277b4e6a55d8,tavis_rudd,2006-01-31 05:07:14 +0000,,SetupConfig.py,1,0
a7c4db376de382bb85a0101e4cd91840d71968bb,tavis_rudd,2006-01-15 01:49:23 +0000,,SetupConfig.py,65,8
1c92ffd43492980e175e76185c168977968f2484,tavis_rudd,2006-01-01 23:40:54 +0000,,SetupTools.py,14,20
dda3a9bada6be2760f2e4bc4151456b02ec548b5,tavis_rudd,2006-01-01 23:34:12 +0000,,SetupConfig.py,17,1
0b5a924b26508217cbb6c29db2d9efc63dcbd269,tavis_rudd,2005-08-17 18:45:21 +0000,,SetupTools.py,10,112
9647161be60423fa95273d74477f2d7e21a0b14e,tavis_rudd,2005-01-06 13:11:48 +0000,,SetupConfig.py,1,1
ea625aaf00ea7df862b2217dd82470803ee0aa1d,tavis_rudd,2005-01-03 17:58:41 +0000,,setup.py,5,16
18ef2318ffc12005035eba8f9ca6fe65cc4af6f6,tavis_rudd,2002-10-05 19:53:14 +0000,,SetupConfig.py,1,1
be28349daf360b02e1428da534752ef8d47c2e88,tavis_rudd,2002-10-05 19:52:00 +0000,,SetupTools.py,27,2
7fd2570a9e11c02fae309cad9241716d6c7b51b8,tavis_rudd,2002-10-01 17:52:02 +0000,,SetupTools.py,3,3
99b3d634cd94e36183861d440828cc4b12b80549,hierro,2002-08-24 17:15:35 +0000,,SetupConfig.py,1,0
e0eae0ffeb79a082109b71fd1a64dbd2c4df3708,tavis_rudd,2002-03-28 18:14:48 +0000,,setup.py,8,1
90e0faebc8f6ed5c032c20795fcab4a10143fc0b,tavis_rudd,2002-03-08 17:01:00 +0000,,setup.py,2,4
01300fd47277dd07ba912c6d8736f2e90155edb1,tavis_rudd,2002-03-07 04:39:55 +0000,,SetupConfig.py,1,0
13fc4273f315b847d6a0cceb0c307ae9830d4a60,tavis_rudd,2002-03-06 18:05:50 +0000,,setup.py,2,1
4f9d4b674f5e89ff81d8c606bb27ea17518fde83,tavis_rudd,2002-03-02 20:26:07 +0000,,SetupConfig.py;setup.py,2;16,1;5
96121cb60696923e02770e5f1c459fd708116729,tavis_rudd,2002-02-25 06:16:34 +0000,,SetupConfig.py,7,1
3cf95657002e23541e50942e0574deaa495038b4,tavis_rudd,2002-01-21 23:40:09 +0000,,SetupConfig.py,1,1
bbb4ebde5dee78c1e0bdd01888fce6736c9cd78c,tavis_rudd,2002-01-01 20:02:33 +0000,,SetupTools.py,2,85
0bf26e7e4ed68e92df6a060cf5bb95582bf8e770,tavis_rudd,2001-11-25 19:53:04 +0000,,SetupConfig.py;SetupTools.py,0;16,1;17
922cd593b8f6417aad249351b104610dffa1d04b,hierro,2001-11-08 06:34:37 +0000,,SetupConfig.py,1,0
c7d48b5be6d3fefb089fb7b5bfa1942ad136dbf3,tavis_rudd,2001-10-10 06:59:45 +0000,,SetupConfig.py;SetupTools.py;setup.py,37;305;5,0;0;104
32b73ba062a6eda4591dfd3821507058677a0770,tavis_rudd,2001-10-10 06:18:30 +0000,,setup.py,6,6
7b6700a169dfd54e2c2cda3b337bd4f75f37056c,tavis_rudd,2001-10-10 06:17:14 +0000,,setup.py,5,4
bad02e550da3aad63006a9374d726e4d5168d2fa,tavis_rudd,2001-09-06 03:51:55 +0000,,setup.py,10,5
f7eee3bd60ee808b3535952e9aef51c714c48f28,tavis_rudd,2001-08-03 19:20:50 +0000,,setup.py,7,5
9c862baf027897242f88a1bd88cb63914fa978db,tavis_rudd,2001-08-02 05:17:15 +0000,,setup.py,5,6
adb8e94d5d605369091d590424e8e6f9495eeaff,hierro,2001-07-19 02:36:35 +0000,,setup.py,5,4
d3f16271fb7d065fa6a38110ff412a552549d1aa,tavis_rudd,2001-07-13 23:26:22 +0000,,setup.py,5,4
083fdea9765a1aa833cc71c7ece369971e58c1e3,tavis_rudd,2001-06-13 05:10:16 +0000,,setup.py,25,8
32567d843c4f6be31453904b60e7863b9e889d25,tavis_rudd,2001-06-13 03:50:36 +0000,,setup.py,84,0
