2c6577d38041c96bfa26825078d38d4cba31a21a,mathilde.oustlant,2019-03-11 16:29:47 +0100,,sqlparse/keywords.py,97,2
47edb371d5d563487a991a7ce1ad45b89e907502,Andi Albrecht,2019-03-11 19:34:33 +0100,,sqlparse/__init__.py,1,1
93d7718e486c715849b291c35f8bbc5672a1a5de,Andi Albrecht,2019-03-11 19:18:20 +0100,,sqlparse/__init__.py,1,1
cff61bb93a080c1becbf2c6cd33911bc206cf587,Andi Albrecht,2019-03-11 12:45:11 +0100,469,sqlparse/keywords.py;sqlparse/sql.py;sqlparse/tokens.py;tests/test_regressions.py;tests/test_tokenize.py,2;4;1;7;6,0;0;1;0;0
c9a490abf869eddf5b88de57c17d7a6c6c643ed8,Jon Dufresne,2018-12-28 15:46:38 -0500,,sqlparse/compat.py;sqlparse/lexer.py,0;2,2;2
9aab1d2fc5c1ea9435bec404fa33b844996f2a4b,John Bodley,2019-01-15 15:46:28 -0800,,sqlparse/filters/aligned_indent.py,6,6
c4e9dae235abca0b4ae7099f9f9000c075b3a8e5,John Bodley,2019-01-14 22:38:55 -0800,,sqlparse/filters/aligned_indent.py;sqlparse/filters/reindent.py;sqlparse/keywords.py;sqlparse/sql.py;tests/test_grouping.py;tests/test_tokenize.py,12;1;2;2;1;12,5;1;0;2;1;0
8fd25a972b3d4123cee9ceb8276bc834507753ef,John Bodley,2019-02-12 09:58:53 -0800,,sqlparse/keywords.py,4,0
170010e7d709f2145169d23482d006dc56856256,Ian Robertson,2019-01-14 09:38:51 -0500,,sqlparse/keywords.py;tests/test_split.py,2;16,2;0
5faadeba8e337a7344907e1eae2abb07392d9ce0,John Bodley,2019-02-27 21:18:50 -0800,,sqlparse/filters/others.py;tests/test_format.py,2;3,2;3
fa7def01d00fc7c5c3047b077bc0f1a4cdc1d10a,Fredy Wijaya,2018-12-13 16:44:29 -0600,329,sqlparse/engine/grouping.py;sqlparse/filters/reindent.py;sqlparse/sql.py;tests/test_format.py;tests/test_grouping.py,13;18;4;43;7,0;1;0;0;4
6a7eb243274e1f17c0bb99d65272c4313b9ee08c,Andreas Albrecht,2019-03-10 07:31:37 +0100,,sqlparse/engine/grouping.py;sqlparse/engine/statement_splitter.py;sqlparse/filters/others.py;sqlparse/keywords.py;sqlparse/sql.py;tests/test_format.py,2;2;3;4;6;2,2;2;3;4;4;2
d02339582f151d24bacefa636bc3955c2932c29f,MrVallentin,2018-11-01 13:03:12 +0100,,sqlparse/sql.py;tests/test_parse.py,8;53,4;53
4140d2ea1514b1d293cc4802880c2e414ffc615c,Fredy Wijaya,2018-12-01 10:57:25 -0600,446,sqlparse/keywords.py;tests/test_parse.py,1;18,1;0
0e56a02e14b6e2d87b955928d819e77b0d3f5693,Fredy Wijaya,2018-12-01 01:39:25 -0600,,sqlparse/keywords.py;tests/test_format.py;tests/test_parse.py,1;5;21,1;0;0
6c7b89cc8ddbe3159befb4616b70384bf491a29e,Fredy Wijaya,2018-11-21 18:05:53 -0600,425,sqlparse/filters/others.py;tests/test_format.py,7;13,0;0
488505f6c448e7eb0e4a1915bdc5b6130d44a68a,Jon Dufresne,2018-08-28 02:47:23 -0700,,setup.py,1,0
3853a076c63493f43e969cf4ddd2e642e92f02fb,Andi Albrecht,2018-07-31 08:12:54 +0200,372,examples/column_defs_lowlevel.py;examples/extract_table_names.py;setup.py;sqlparse/__init__.py;sqlparse/__main__.py;sqlparse/cli.py;sqlparse/compat.py;sqlparse/engine/__init__.py;sqlparse/engine/filter_stack.py;sqlparse/engine/grouping.py;sqlparse/engine/statement_splitter.py;sqlparse/exceptions.py;sqlparse/filters/__init__.py;sqlparse/filters/aligned_indent.py;sqlparse/filters/others.py;sqlparse/filters/output.py;sqlparse/filters/reindent.py;sqlparse/filters/right_margin.py;sqlparse/filters/tokens.py;sqlparse/formatter.py;sqlparse/keywords.py;sqlparse/lexer.py;sqlparse/sql.py;sqlparse/tokens.py;sqlparse/utils.py,2;2;2;2;2;2;2;2;2;2;2;2;2;2;2;2;2;2;2;2;2;2;2;2;2,1;1;1;1;1;1;1;1;1;1;1;1;1;1;1;1;1;1;1;1;1;1;1;1;1
7f2b6a831fb0b9ba86e3f9ae71e245a94a44a224,Andi Albrecht,2018-07-31 07:55:12 +0200,408,sqlparse/keywords.py,1,0
b4121569a82eed1c174011be113bee184470f60d,Andi Albrecht,2018-07-28 09:32:06 +0200,421,sqlparse/keywords.py,1,0
5e1d5e234bf2a45881c63c24702bb02d4456db3e,Kevin Boyette,2018-07-17 19:05:04 -0400,,sqlparse/sql.py,2,2
8bf78a086f540fc22f0e155031f063a93ce1d4a8,slickholms,2018-06-25 15:10:12 +0530,,sqlparse/sql.py,6,0
71fb55606b6092e7e57d587bd21672dc01a10711,andrew deryabin,2018-07-08 13:32:47 +0300,418,sqlparse/sql.py,2,1
6d664219f85eb65841183e0ef49dd5eecc42c562,Josh Soref,2018-05-18 09:32:23 -0400,407,setup.py;sqlparse/filters/others.py;tests/test_cli.py;tests/test_regressions.py,1;1;1;4,1;1;1;4
2321a6be794d3364c7ec8cf9a7e055c7d86c5e6d,Jon Dufresne,2018-04-13 17:18:36 -0700,,examples/extract_table_names.py;tests/conftest.py,1;4,1;4
0fe6e3bac797bdedeeb0714dac080645377f29e2,Soloman Weng,2018-03-26 09:38:57 +1000,,sqlparse/filters/reindent.py;tests/test_format.py,5;12,2;0
fb52a01b6467896c38872046ca06ac6a38353ebb,Soloman Weng,2018-03-26 08:54:59 +1000,,sqlparse/filters/reindent.py,31,0
e07e09540d056f2fad0f18acfb8196b42c2ace66,Fredy Wijaya,2018-03-21 23:01:17 -0500,,sqlparse/sql.py;tests/test_parse.py,4;9,3;0
002f37dde390ab2f189c579f5fb18e191f7eed89,Fredy Wijaya,2018-03-09 14:35:33 -0600,,sqlparse/keywords.py;tests/test_split.py,1;10,0;0
ec0af031e646251b91c15761012ede966d455358,Patrick Schemitz,2018-03-03 15:30:07 +0100,,sqlparse/cli.py,7,0
6dac1d9c98742e5e7df1281d09d33db67fdde9a6,Patrick Schemitz,2018-03-03 15:13:18 +0100,,sqlparse/filters/reindent.py;sqlparse/formatter.py,9;9,3;0
abda367a7e3358b69a1f5f588414350e11879743,circld,2018-02-17 15:08:13 -0600,,sqlparse/filters/aligned_indent.py,2,1
3f51a744d5d29893b3c4ba6934e1d003576f2bf4,Jon Dufresne,2018-01-11 05:38:23 -0800,,setup.py,1,0
65cd4493a024d896393c22c58b62e422bf8de5ab,Jon Dufresne,2018-01-04 18:04:05 -0800,,setup.py,0,1
4efc82d568fe15daaa9264e5230c0a2a68796a18,Jon Dufresne,2018-01-04 18:05:08 -0800,,sqlparse/compat.py,0,1
2c2cd33b790088da75d0e944390556cffa2447c5,Jon Dufresne,2018-01-04 17:54:13 -0800,,setup.py,1,1
5b9f3f3e9cc311b7043d94970ae6dbc8fe7fefca,Jesse Claven,2017-12-18 11:18:57 +0100,,sqlparse/keywords.py,27,0
374941644e7006b1b0149b349a7220c346fe876b,Andi Albrecht,2017-12-03 16:36:14 +0100,,sqlparse/formatter.py,6,5
eabaac100830cab2b27018fa947dfcc8c3dffc0b,Andi Albrecht,2017-12-03 16:23:50 +0100,,sqlparse/formatter.py,1,0
43478c60394e09246ee6275f89ae434e429cc5b5,Victor Uriarte,2017-11-29 09:56:06 -0700,,sqlparse/engine/grouping.py;sqlparse/engine/statement_splitter.py;sqlparse/filters/aligned_indent.py;sqlparse/filters/output.py;sqlparse/keywords.py;sqlparse/lexer.py;sqlparse/sql.py;sqlparse/tokens.py;tests/conftest.py;tests/test_cli.py;tests/test_grouping.py;tests/test_parse.py,3;3;2;2;2;1;3;2;2;1;1;2,3;3;2;2;2;1;3;2;2;1;1;2
8f5003bc8d06fc5b3167eb2a1bd24cc1fb399fa4,Johannes Hoff,2017-11-23 12:14:32 -0800,,sqlparse/filters/reindent.py,1,1
acaf00cbaf32e7a14e39bcc0a5fd774a5385faa0,Jon Dufresne,2017-10-28 17:07:09 -0700,,sqlparse/cli.py;tests/test_cli.py,5;4,2;3
490c3d90c6b07a35ec60bf146de115a06a839c2a,Jon Dufresne,2017-10-28 16:52:24 -0700,,tests/test_regressions.py,2,2
63d9cfde9982ab59c059fe8f88315f2359cedc79,Andi Albrecht,2017-09-27 09:11:51 +0200,,sqlparse/__init__.py,1,1
7c3f77133819ff61f19b22b651bf2f7312c04802,Andi Albrecht,2017-09-27 09:08:35 +0200,,sqlparse/__init__.py,1,1
bf9ce73e3720bdbf1cc671f35f4f299511d59650,Andi Albrecht,2017-09-24 09:14:35 +0200,,sqlparse/cli.py;tests/test_cli.py;tests/test_regressions.py,6;5;6,1;4;6
097478e47fbc0423118f82a0a7b458c2e9dbea7b,Andi Albrecht,2017-09-24 08:54:01 +0200,359,sqlparse/engine/grouping.py;tests/test_regressions.py,1;10,1;0
b3dc9a6ac2dd7511ecb6712ed6aceb4d4ce359ac,Andi Albrecht,2017-09-14 15:52:00 +0200,,sqlparse/keywords.py,11,11
617d38908bb999018598e3cbbdd123a992a08ba9,mvbentes,2017-08-25 21:22:42 -0300,,sqlparse/keywords.py,7,7
c48a221e72dfc0a6631a16e5e42e768249919090,Demetrio92,2017-08-07 18:02:51 +0200,,sqlparse/keywords.py,16,0
7d91d361ad8c26af3fe0a15b807db4cefa5d000a,Andi Albrecht,2017-07-29 10:28:18 +0200,344,sqlparse/keywords.py,1,1
113897280c612aa839fa9f8bd44bfd720d3729c7,Andi Albrecht,2017-07-29 10:16:34 +0200,349,sqlparse/sql.py;tests/test_grouping.py,3;9,2;0
7cdefe9aa751fa54831cc1e64fbf4b16acc6c90e,Johannes Hoff,2017-06-20 20:18:15 -0700,,sqlparse/cli.py;sqlparse/filters/reindent.py;sqlparse/formatter.py,7;2;6,0;2;0
dc788ab5b1af2e2a4a988b31a09d8d6656853f76,Andi Albrecht,2017-05-25 08:52:13 +0200,337,sqlparse/keywords.py;tests/test_parse.py,2;5,2;2
78d46de2430104e41ba8738609c0cdd744f3fda2,Oleg Broytman,2017-05-11 01:18:23 +0300,,sqlparse/keywords.py,3,0
4dd31c48c5ef42ea731e0c6a86b99cb3c89f0a6a,atronah,2017-04-29 14:49:38 +0300,,sqlparse/keywords.py;tests/test_keywords.py,3;14,2;0
ea3f99aa44f47d1fcd7229f8c887541bfd09fffe,Jon Dufresne,2017-04-29 15:18:41 -0700,,sqlparse/utils.py,2,2
dff274ca46e8a38b2f1615b99a799e3266dc8c5e,Andi Albrecht,2017-04-18 08:50:50 +0200,327,sqlparse/engine/grouping.py;tests/test_grouping.py,2;14,2;0
1bc1113665c87196d751636bcbd5272c49ce1da9,Oleg Broytman,2017-04-14 21:38:55 +0300,,sqlparse/keywords.py,1,0
7f8846b43aca5994983651bbcbe18f22386358fe,Andi Albrecht,2017-03-02 05:49:03 +0100,,sqlparse/__init__.py,1,1
1b9e371ee55a60ecb41dafa4945898424c095dff,Andi Albrecht,2017-03-02 05:41:20 +0100,,sqlparse/__init__.py,1,1
59033cc0ea75e160c87a68de6817cad06888cc38,Andi Albrecht,2017-03-02 05:37:20 +0100,324,sqlparse/sql.py;tests/test_grouping.py,1;8,1;0
da54c39e30f62f69718e448e003591ce2233ca77,Rowan Seymour,2017-02-09 11:33:01 +0200,,tests/test_regressions.py,2,1
7c37c7f9132028b5af9c02bcccc33bef1c33787a,Rowan Seymour,2017-02-09 11:13:06 +0200,,sqlparse/keywords.py;tests/test_regressions.py,1;12,0;0
18dbc4d3aad10fa5d8fa206e7ba0d15dcf3fc52c,Victor Uriarte,2017-02-07 18:47:34 -0700,,tests/test_regressions.py,3,2
b1c06469189a2ef09980e87ae80495e4d70d0a17,Romain Rigaux,2017-02-04 07:38:55 -0800,320,sqlparse/filters/reindent.py,1,1
5a9ed090400b5bce00826d141b58ea6e272297f7,Andi Albrecht,2017-01-24 12:05:57 +0100,,sqlparse/keywords.py,2,1
702468a3147883cc0de7a2096d2c23d9c31565eb,Andi Albrecht,2017-01-23 12:18:59 +0100,296,sqlparse/keywords.py,1,1
e312917f58542b4c202cb5970f72f49e1e8599f9,Victor Uriarte,2017-01-22 23:49:49 -0700,,tests/test_cli.py,8,0
f6e9141d3131954c7576faf059ceca8a652f3dad,Tao Wang,2017-01-11 20:38:30 +1100,,sqlparse/cli.py;tests/test_cli.py,15;60,6;0
66b36af84fbe6d546b73a207e687234f28bb00a0,Victor Uriarte,2017-01-10 18:52:12 -0700,,sqlparse/lexer.py,6,5
a6d372d52469304860902a3eba1bafa412d420f0,Tao Wang,2017-01-11 11:44:40 +1100,315,sqlparse/lexer.py;tests/test_regressions.py,1;19,1;0
f776dde633acfd846e209b209fcef55051849c1a,Victor Uriarte,2017-01-09 23:35:36 -0700,,setup.py,1,0
d66b9247d1b1a3aec5f1b78ef40aa018adaa3330,Jon Dufresne,2017-01-08 12:53:02 -0800,,sqlparse/filters/reindent.py,1,1
b87ae89e8610f76c9902c46644bdca6fd4e83607,Andi Albrecht,2016-10-25 11:13:57 +0200,,sqlparse/filters/reindent.py,2,1
e0970cc54af6e441aabfea602e412428d02b7374,Andi Albrecht,2016-10-24 20:45:43 +0200,,sqlparse/filters/reindent.py;tests/test_grouping.py,2;10,1;0
b68e4b781b8d74b0222411e83a16408a83cde7d6,Andi Albrecht,2016-10-24 20:06:39 +0200,284,sqlparse/engine/grouping.py;tests/test_regressions.py,1;7,1;4
ce7125072675d4c5391c5dddadb2a95946e62568,Andi Albrecht,2016-10-22 23:35:58 +0200,,sqlparse/__init__.py,1,1
dfb28998056fa33efccaa0f8b95c22815dab7811,Andi Albrecht,2016-10-22 23:31:50 +0200,,sqlparse/__init__.py,1,1
f0754a6b6540e37c8aa270975194101024d4b2f8,Andi Albrecht,2016-10-01 14:07:52 +0200,297,sqlparse/engine/grouping.py;tests/test_grouping.py,1;14,1;0
08862d24091faa2bfe80972df142e12575b7790c,Andi Albrecht,2016-10-01 09:05:52 +0200,,tests/test_grouping.py,9,10
ee2cbfea194fac4f2bbfe526fe2c3bdb856aed0b,Andi Albrecht,2016-09-26 13:03:42 +0200,294,sqlparse/keywords.py;tests/test_tokenize.py,1;6,0;0
e413b7867b8599fac2d4e9f6bb19a668fecb7e02,Andi Albrecht,2016-09-21 16:32:47 +0200,286,sqlparse/tokens.py,0,2
a16326e690d6363b0f191152f7b54dce40648d39,Tim Graham,2016-09-20 07:53:07 -0400,,sqlparse/filters/reindent.py,1,1
a03e7fd681e275dfd214f1196bad94af225a9d68,Tim Graham,2016-09-19 12:31:31 -0400,286,sqlparse/tokens.py,2,0
b8f73564b747cdb250fcc75fa7aa02f56d6484e0,Andi Albrecht,2016-09-17 15:35:19 +0200,,sqlparse/filters/reindent.py;tests/test_format.py,7;4,3;4
4d05b441fcb801d320ac52ce90465b74d419ceac,Andi Albrecht,2016-09-14 18:42:22 +0200,141,sqlparse/cli.py;sqlparse/filters/reindent.py;sqlparse/formatter.py;tests/test_format.py,7;16;7;15,0;1;1;0
4430c5c163d8b6ffc89d83b506c8a478037d26ea,Andi Albrecht,2016-09-14 14:56:34 +0200,288,examples/column_defs_lowlevel.py;examples/extract_table_names.py;setup.py;sqlparse/__init__.py;sqlparse/__main__.py;sqlparse/cli.py;sqlparse/compat.py;sqlparse/engine/__init__.py;sqlparse/engine/filter_stack.py;sqlparse/engine/grouping.py;sqlparse/engine/statement_splitter.py;sqlparse/exceptions.py;sqlparse/filters/__init__.py;sqlparse/filters/aligned_indent.py;sqlparse/filters/others.py;sqlparse/filters/output.py;sqlparse/filters/reindent.py;sqlparse/filters/right_margin.py;sqlparse/filters/tokens.py;sqlparse/formatter.py;sqlparse/keywords.py;sqlparse/lexer.py;sqlparse/sql.py;sqlparse/tokens.py;sqlparse/utils.py,1;1;1;1;1;1;1;1;1;1;1;1;1;1;1;1;1;1;1;1;1;1;1;1;1,1;1;1;1;1;1;1;1;1;1;1;1;1;1;1;1;1;1;1;1;1;1;1;1;1
358ad4b9754721f69c6b40333653bd84edb8634f,Andi Albrecht,2016-09-14 14:45:44 +0200,,sqlparse/keywords.py;tests/test_tokenize.py,2;14,2;0
843499915e91e0ee324a0407c78ac6f570806370,Oleg Broytman,2016-08-31 16:10:35 +0300,,sqlparse/compat.py;sqlparse/lexer.py;tests/test_parse.py,2;16;19,14;5;1
b05bc5ab586cb06d89c38e2eee7f77e1d3fc03c5,Oleg Broytman,2016-08-29 21:36:15 +0300,,sqlparse/__init__.py;sqlparse/cli.py;sqlparse/filters/output.py;sqlparse/filters/reindent.py;sqlparse/sql.py,1;5;1;1;6,1;4;1;1;6
31830af6355557ec159d2173b12ad1437f49b447,Victor Uriarte,2016-08-22 19:55:37 -0700,284,sqlparse/engine/grouping.py;tests/test_regressions.py,1;6,1;0
e29fbf01a7eba050782eca3e0a3c250763ce23ac,Victor Uriarte,2016-08-22 19:52:23 -0700,,tests/test_regressions.py,1,1
a36008a235e31bc24b9d42a3a69b479031f024f9,Victor Uriarte,2016-08-22 19:29:45 -0700,283,examples/extract_table_names.py;sqlparse/engine/grouping.py;sqlparse/filters/aligned_indent.py;sqlparse/filters/others.py;sqlparse/filters/output.py;sqlparse/filters/reindent.py;sqlparse/filters/right_margin.py;sqlparse/sql.py;tests/test_grouping.py,1;5;1;9;2;3;2;12;1,1;5;1;9;2;3;2;19;1
ae0532678b0fdc859cae021ee135579d875a24a8,Victor Uriarte,2016-08-22 19:25:06 -0700,,sqlparse/sql.py,4,8
2704243f2da01c66b0e99a53d3f99e72f1e1c4d6,Victor Uriarte,2016-08-13 09:43:43 -0700,,sqlparse/engine/statement_splitter.py,0,18
d11c96aac41521bf6000ca27cbdf330cc656b926,Victor Uriarte,2016-08-13 09:21:43 -0700,277,sqlparse/keywords.py,1,1
83ca5c8ed2134a0f1a1132159c8571060d9b6e91,Victor Uriarte,2016-08-13 09:21:04 -0700,277,sqlparse/keywords.py;sqlparse/lexer.py,2;2,11;5
bc9879d48fd4fb308a1eb82a92cfd3509ad22487,Andi Albrecht,2016-08-13 17:44:16 +0200,,sqlparse/__init__.py,1,1
c2561491b8adb10ad30932d4d61781a97edad675,Andi Albrecht,2016-08-13 17:42:11 +0200,,sqlparse/__init__.py,1,1
2893bd1857d685cf892beac3a7429d03cf1a09f1,Andi Albrecht,2016-08-13 17:38:21 +0200,277,sqlparse/keywords.py;sqlparse/lexer.py;tests/test_parse.py;tests/test_split.py,11;5;19;2,2;2;0;1
b7a30d04427e4e4cbc66d08b780ffbb23ab44931,Andi Albrecht,2016-08-13 17:35:25 +0200,,tests/conftest.py;tests/test_regressions.py,1;1,1;1
907d36a7b8909addfffdf172b39fa52df0288ae4,Andi Albrecht,2016-08-10 10:43:40 +0200,,sqlparse/compat.py;sqlparse/lexer.py,5;1,0;9
17d5f8c1b6002019d5f078fbc6a56f351a5efeef,Oleg Broytman,2016-08-05 22:18:40 +0300,,sqlparse/sql.py;tests/test_tokenize.py,11;6,2;0
44e66710fb2222b0aa60c21a834c46831166f44c,Oleg Broytman,2016-08-05 19:58:48 +0300,,sqlparse/lexer.py;tests/test_regressions.py,7;7,1;0
55a7d3ef1eee834e4e14fbd695f94b4fb1c73d21,Andi Albrecht,2016-07-22 21:51:18 +0200,273,sqlparse/lexer.py,3,1
1cb94246640ac5583f73511d7a47240340a1e583,Gordon McCreight,2016-07-21 23:46:36 -0700,,tests/conftest.py;tests/test_regressions.py,8;6,0;0
0f01c93f9463e174258147e22e3bdfe22b66f142,Andi Albrecht,2016-07-20 09:23:27 +0200,,sqlparse/__init__.py,1,1
9919d14755143780a8889bbafafd554ed8c28930,Andi Albrecht,2016-07-20 09:20:19 +0200,,sqlparse/__init__.py,1,1
d9bc0b3cc1777f3a7314ce1f315906de9fffcd17,Andi Albrecht,2016-07-20 09:13:24 +0200,,sqlparse/filters/aligned_indent.py,1,1
65a21f54851233b8747b1b28c6ecfcf27233684b,Victor Uriarte,2016-06-28 14:28:07 -0700,,sqlparse/keywords.py,4,2
b2ba3dcc31b42e9e43e5df0a18877072fe058f96,Dan Lenski,2016-06-28 13:46:41 -0700,,sqlparse/keywords.py,106,1
0e6d03c15da16c96c65f851427001e55fd6736c9,Dan Lenski,2016-06-26 10:33:14 -0700,,sqlparse/keywords.py,4,4
c9f87f1b602ccb00d1e4f6ea0fa69c186c67b1dd,Dan Lenski,2016-06-26 10:21:30 -0700,1,sqlparse/keywords.py,28,0
c27a604291f7ae1d6dbf3a49376972f723ad16f1,Darik Gamble,2016-06-25 10:08:52 -0400,,sqlparse/sql.py;tests/test_grouping.py,1;8,1;0
02e9bf9b7f857ff3c533ec09d41805763becdf9c,Darik Gamble,2016-06-24 19:20:38 -0400,,sqlparse/keywords.py,1,0
85349e68592964e66e5dfe7e48e9f76cb93d48fd,Victor Uriarte,2016-06-19 18:27:59 -0700,,sqlparse/cli.py;tests/test_cli.py,5;37,7;0
3aa952d71952cbb0728698bb381dae74d1a1727b,Victor Uriarte,2016-06-19 15:14:17 -0700,,tests/test_format.py,22,8
8ebd43d8109c6ecaf4964634e3bd782e8bd769d5,Victor Uriarte,2016-06-19 14:20:25 -0700,,tests/test_grouping.py;tests/test_parse.py;tests/test_regressions.py;tests/test_split.py;tests/test_tokenize.py,5;17;28;13;7,13;40;44;32;24
5d50f349cda37986bb3704e8fe25d57c78e6047a,Victor Uriarte,2016-06-19 00:58:41 -0700,,tests/test_format.py;tests/test_grouping.py;tests/test_parse.py;tests/test_regressions.py;tests/test_split.py;tests/test_tokenize.py,173;310;212;124;140;143,159;277;205;117;127;139
c9e8230502fd2c72833a2ea4d2c6bac9234e580a,Victor Uriarte,2016-06-19 09:13:36 -0700,,tests/conftest.py;tests/test_cli.py;tests/test_regressions.py;tests/test_split.py,41;4;3;7,0;7;5;8
64b9d3537783dbf761b421644ba07078a80b5640,Victor Uriarte,2016-06-18 23:11:06 -0700,,tests/test_cli.py;tests/test_format.py;tests/test_grouping.py;tests/test_parse.py;tests/test_regressions.py;tests/test_split.py;tests/test_tokenize.py,0;48;114;109;68;40;62,1;46;115;106;70;40;58
63c369364aeb4591983102889f604dca8d266f2e,Victor Uriarte,2016-06-18 22:51:51 -0700,,tests/test_format.py;tests/test_grouping.py;tests/test_parse.py;tests/test_regressions.py;tests/test_split.py;tests/test_tokenize.py,222;16;1;23;15;0,250;18;2;27;14;3
66ae504c4bf8cc1f005c8822623d2b3c3d3e4aa3,Darik Gamble,2016-06-20 09:56:42 -0400,,sqlparse/sql.py;tests/test_regressions.py,7;6,19;0
b3700f44ff6945d1ace9d5d809dd272c9acd268e,Victor Uriarte,2016-06-19 07:50:50 -0700,,sqlparse/engine/grouping.py;tests/test_grouping.py,8;9,3;0
24f0d3d650d4a83214c4a9539aa04cf4f3045f06,Victor Uriarte,2016-06-18 16:30:15 -0700,261,sqlparse/engine/grouping.py;tests/test_grouping.py,2;3,2;3
581912d36e2b10191e46fa891dce912693983c95,Victor Uriarte,2016-06-16 06:45:09 -0700,,sqlparse/cli.py;sqlparse/engine/grouping.py;sqlparse/lexer.py,1;2;1,0;3;1
451d6d5d380cb4246c47e374aa9c4034fc7f9805,Victor Uriarte,2016-06-15 19:18:56 -0700,,tests/test_cli.py,42,0
5eab09b6d3e60c9c530d372f0d51849f438a8a7b,Victor Uriarte,2016-06-15 15:29:29 -0700,,sqlparse/__init__.py;sqlparse/__main__.py;sqlparse/cli.py,2;8;163,1;135;0
f266ffb600b7a20f593a67dae67fa21700717adc,Victor Uriarte,2016-06-15 19:11:41 -0700,,sqlparse/__init__.py,2,2
cadac2a32d53fe58023a1198f3e8c4c12f7e031b,Victor Uriarte,2016-06-15 18:52:44 -0700,,sqlparse/__main__.py,7,2
c41f200ac5d2f376a733e3bc2feb15c8ca658c00,Victor Uriarte,2016-06-15 18:02:41 -0700,,setup.py,1,1
caefd84779d1115b6775ea7c0039f969f3b10d8a,Victor Uriarte,2016-06-15 10:52:35 -0700,,sqlparse/engine/grouping.py,16,6
228059eb4da5ed2389fc7e987dba37c6d05ea3ea,Victor Uriarte,2016-06-15 13:59:29 -0700,,sqlparse/engine/grouping.py,0,27
d6763dc7592f6e60c3e2e712b39a1b865fc8485e,Victor Uriarte,2016-06-15 03:50:36 -0700,,sqlparse/engine/grouping.py,71,18
a653650432b76447255e69cd93ba2d2e2c34d037,Victor Uriarte,2016-06-15 03:04:41 -0700,,sqlparse/engine/grouping.py,43,30
49979e9ca1159190320e2faad989c8bd267c8000,Victor Uriarte,2016-06-15 12:36:45 -0700,,sqlparse/engine/grouping.py,11,13
0acaa4c57d7169f3903af3c3df4faf95d2cbea84,Victor Uriarte,2016-06-15 02:39:54 -0700,,sqlparse/engine/grouping.py,15,4
74b3464d781cbad4c39cd082daa80334aa7aed78,Victor Uriarte,2016-06-14 21:20:31 -0700,,sqlparse/engine/grouping.py,47,29
af9b82e0b2d00732704fedf7d7b03dcb598dca84,Victor Uriarte,2016-06-14 06:26:41 -0700,,sqlparse/engine/grouping.py,66,67
56b28dc15023d36bab8764bea6df75e28651646e,Victor Uriarte,2016-06-14 04:15:27 -0700,,sqlparse/engine/grouping.py;sqlparse/filters/reindent.py;sqlparse/sql.py,6;0;3,4;1;10
5002bfa36c4fa2ee72eff18648b6ddc616b718f0,Victor Uriarte,2016-06-13 22:20:29 -0700,,sqlparse/engine/grouping.py;sqlparse/filters/aligned_indent.py;sqlparse/filters/others.py;sqlparse/filters/reindent.py;sqlparse/sql.py,12;4;1;7;2,13;4;1;7;1
4f922d9b6fb68b8281c6b3d93a57a4c84860e06a,Victor Uriarte,2016-06-13 22:01:53 -0700,,examples/column_defs_lowlevel.py;sqlparse/engine/grouping.py;sqlparse/filters/aligned_indent.py;sqlparse/filters/others.py;sqlparse/filters/reindent.py;sqlparse/sql.py;tests/test_grouping.py,4;50;5;7;13;23;2,4;50;5;7;13;23;2
711744d1664f8244d8ab0b090cbf12e923101cce,Victor Uriarte,2016-06-13 21:50:17 -0700,,sqlparse/sql.py;sqlparse/utils.py,0;0,51;12
a795be1a70a241e177227b742269fb2df88af962,Victor Uriarte,2016-06-13 13:21:20 -0700,,examples/column_defs_lowlevel.py;sqlparse/engine/grouping.py;sqlparse/filters/aligned_indent.py;sqlparse/filters/others.py;sqlparse/filters/reindent.py;sqlparse/sql.py;tests/test_grouping.py,4;59;14;18;31;38;3,4;52;11;18;23;26;3
997f95b8b6ec5129362dcfe5deedaf50800e3afc,Victor Uriarte,2016-06-13 10:50:58 -0700,,sqlparse/engine/grouping.py;sqlparse/sql.py;tests/test_tokenize.py,2;2;5,1;2;7
954ba46e16af4e3c9b1302bbae95ebf2a4be2a8b,Victor Uriarte,2016-06-12 22:07:07 -0700,,sqlparse/engine/grouping.py,13,17
c601435bde6afd32f93b7e19b17287ca9d3b02f9,Victor Uriarte,2016-06-12 21:39:14 -0700,,sqlparse/engine/grouping.py,9,7
405a66817f1b0789901adf9c81b96658a04e6950,Victor Uriarte,2016-06-12 21:22:07 -0700,,sqlparse/engine/grouping.py;tests/test_regressions.py,3;0,1;8
0bcb34cc1514d77446a29c2c636a3f9a653588f2,Victor Uriarte,2016-06-12 21:02:11 -0700,,sqlparse/sql.py,7,38
89d4f68ba5bbe78a9dd89257cbe4a9f3cfa76433,Sjoerd Job Postmus,2016-06-02 11:58:19 +0200,,sqlparse/engine/grouping.py;sqlparse/sql.py,4;20,4;0
8f7968ed5c649e5227e605ee272f59dd5ca75adb,Sjoerd Job Postmus,2016-06-02 10:28:54 +0200,,sqlparse/engine/grouping.py;sqlparse/sql.py,3;22,2;6
67dc823e1174eee9ea2159674c8eb016b2f95b54,Sjoerd Job Postmus,2016-06-02 10:08:00 +0200,,sqlparse/engine/grouping.py;sqlparse/sql.py,4;20,6;0
237575ef726e4232b60a5043177c43a72f370238,Sjoerd Job Postmus,2016-06-02 09:21:05 +0200,,sqlparse/engine/grouping.py,13,8
d4cc0644c8348da5e49c58df5e26a3e969045249,Sjoerd Job Postmus,2016-06-02 08:30:27 +0200,,sqlparse/engine/grouping.py;sqlparse/sql.py;sqlparse/utils.py,20;9;1,8;4;1
896774cb5298924abbcea81b9b90f1c7c10b3d6a,Sjoerd Job Postmus,2016-06-02 07:38:27 +0200,,sqlparse/engine/grouping.py;sqlparse/sql.py,14;23,24;0
6145070d6590f1e8f7fc4d86fb0a1061bc1a47d9,Sjoerd Job Postmus,2016-06-01 20:23:19 +0200,,sqlparse/engine/grouping.py,26,24
fae3d94f7f3039d5d7b264b6b4aad69c6b03c9a4,Victor Uriarte,2016-06-12 14:39:05 -0700,226,sqlparse/sql.py;tests/test_parse.py,3;8,0;0
42fb1d05b601444599f10d10c5d2dd0b431ccc15,Victor Uriarte,2016-06-12 12:35:45 -0700,,examples/column_defs_lowlevel.py,18,22
e331dcf5da3195016d9d1aae87019798f51a36b6,Victor Uriarte,2016-06-11 22:52:01 -0700,,sqlparse/__main__.py,106,77
db0f9247b30a905778288f4343888b0510cee093,Victor Uriarte,2016-06-05 14:55:09 -0700,,setup.py,12,18
b04b5d326175da6267817faca6239bf02a6e5931,Victor Uriarte,2016-06-11 16:43:31 -0700,,sqlparse/filters/others.py;sqlparse/utils.py,1;3,3;1
c4954af15bbcb93a61d111a218c2d9ba2aa7ea3a,Victor Uriarte,2016-06-11 15:59:21 -0700,,sqlparse/sql.py;tests/test_regressions.py;tests/test_tokenize.py,8;1;3,20;1;3
60f621abdf04b9388648a2fec87440f88c1d8ce1,Victor Uriarte,2016-06-07 20:52:38 -0700,,sqlparse/sql.py;tests/test_parse.py,11;58,3;13
82b3b6bb1937c1a6535ccdde332128abc55f1f4e,Victor Uriarte,2016-06-10 02:57:53 -0700,,sqlparse/engine/grouping.py,11,8
90ef13bf9a8ebdefab25669173e07ae5530e9c89,Victor Uriarte,2016-05-11 10:33:13 -0700,,sqlparse/engine/grouping.py;sqlparse/sql.py;tests/test_grouping.py,7;4;9,7;0;8
50de51a5d6abb2a2f8649091912090983dab843d,Victor Uriarte,2016-06-11 09:33:07 -0700,62;135,sqlparse/sql.py,3,1
99897920d77148981e91ec1b2ba25370567ef6d7,Victor Uriarte,2016-06-08 09:58:54 -0700,164,sqlparse/engine/grouping.py;tests/test_regressions.py,2;7,0;0
1fd3da42bd55bfc1e916e3c3f301f0364b0ded21,Victor Uriarte,2016-06-11 05:15:23 -0700,,tests/test_parse.py,11,0
a958beeab18e4ef4fbde3a1e2e7f9fb35cc6d833,Victor Uriarte,2016-06-11 05:05:28 -0700,207,tests/test_regressions.py,11,0
bd48c9bf10facf2769270ad8dfc20b6786c28ab1,Victor Uriarte,2016-06-08 09:04:57 -0700,,sqlparse/utils.py,10,10
ba417700f78b94b06afd6f199ea403b74436623d,Victor Uriarte,2016-06-05 19:41:39 -0700,,sqlparse/sql.py,1,1
14accd01db6171be5d12551a1c0586d1632e7fc2,Victor Uriarte,2016-06-05 18:25:52 -0700,,sqlparse/sql.py,11,19
954f48431a0fe8ea1749ba0236da23a705bf3b75,Victor Uriarte,2016-06-04 15:08:40 -0700,,sqlparse/lexer.py;tests/test_split.py,4;5,11;0
29e3df5c2c0a62f16668f89f4a5e738156c276a7,Victor Uriarte,2016-06-10 21:31:34 -0700,,tests/test_format.py,16,0
b99b6f214eab7fe8f08a7a7d2a1f57e0826ae83a,Victor Uriarte,2016-06-10 20:48:07 -0700,,tests/test_format.py,14,0
2679ae8a7f39a84f54d546cb9d0388abf5acb156,Victor Uriarte,2016-06-10 20:27:13 -0700,,tests/test_parse.py,10,10
226e13f5724f8d87ac6359757a0cde180aa50b51,Victor Uriarte,2016-06-10 19:53:07 -0700,,tests/test_parse.py,20,1
0c468f5947741c0583330535e62c361f3a6af5ed,Victor Uriarte,2016-06-10 18:53:15 -0700,,sqlparse/sql.py;tests/test_parse.py,1;12,1;0
ff0ee839987c43c420f1a5d167e3c3c0e873411c,Victor Uriarte,2016-06-10 20:16:53 -0700,,docs/source/conf.py;examples/column_defs_lowlevel.py;examples/extract_table_names.py;setup.py;sqlparse/filters/output.py;sqlparse/filters/right_margin.py;sqlparse/formatter.py;tests/test_grouping.py;tests/test_regressions.py;tests/test_tokenize.py,4;2;8;3;1;1;22;1;6;1,4;2;7;4;1;1;18;1;10;1
deb38ec69a428452c3b519d4ab02956af8eebd0d,Victor Uriarte,2016-06-10 22:54:16 -0700,,sqlparse/filters/reindent.py,4,4
886408b4e223694db4c3288643d55d4a382e5d67,Victor Uriarte,2016-06-10 18:34:06 -0700,,sqlparse/sql.py,2,12
1957755f5ff90568ec8dbdf41442018a341b1b6b,Victor Uriarte,2016-06-10 18:33:39 -0700,,sqlparse/engine/grouping.py,4,3
0438a1fd05ef5299facce7a097dab39218e53945,Victor Uriarte,2016-06-08 10:06:24 -0700,,sqlparse/filters/reindent.py,6,4
9ab51d65524f3816a705fdd98a8aed60ad38fe5c,Victor Uriarte,2016-06-07 22:16:51 -0700,,sqlparse/filters/reindent.py,5,6
5468b0a14e082c07c5db4f9d3c7f157c1df920a3,Victor Uriarte,2016-06-07 21:13:33 -0700,,sqlparse/filters/reindent.py,7,6
5cfb6ae1e3ee164c8048df0e58840db34da4e2e6,Victor Uriarte,2016-06-07 21:57:24 -0700,,sqlparse/filters/reindent.py,34,58
b511063338535207dc7586082ed6f3203fa43811,Victor Uriarte,2016-06-07 21:36:45 -0700,,sqlparse/filters/reindent.py,20,24
d17400065c5ae13dbf742eab0c5a1ed219a6e907,Victor Uriarte,2016-06-05 17:10:17 -0700,,sqlparse/filters/reindent.py,29,53
0fcc733cd4a36a3d195ebb78b04bb7412b126316,Victor Uriarte,2016-06-06 22:07:58 -0700,,sqlparse/filters/aligned_indent.py,3,2
dc52b32bc1e43155be22c1fa77eac0916bc35735,Victor Uriarte,2016-06-06 22:05:29 -0700,,sqlparse/filters/aligned_indent.py,9,12
99881c1144413c6b45d97e1bf6e5ff929ae7b6b9,Victor Uriarte,2016-06-06 22:00:24 -0700,,sqlparse/filters/aligned_indent.py,37,63
859587b2711f887da8f3d08110267c45b34626f8,Victor Uriarte,2016-06-06 21:27:19 -0700,,sqlparse/filters/aligned_indent.py,1,2
2fbd56a797fd4f7eeff4cf8d053cab63b85190f7,Victor Uriarte,2016-06-06 21:24:01 -0700,,sqlparse/filters/aligned_indent.py,3,9
c13b9bf5c1349d159dd7a98c846386fa5b4e8856,Victor Uriarte,2016-06-06 21:19:13 -0700,,sqlparse/filters/aligned_indent.py,23,20
36992fb015ae7c0701a4623b3f86e3f7c692bfe0,Victor Uriarte,2016-06-06 20:38:04 -0700,,sqlparse/filters/aligned_indent.py,18,17
3b626eef55b9b6b6bb48ad8f50173e754fc60c77,Victor Uriarte,2016-06-05 16:52:13 -0700,,sqlparse/filters/others.py,12,9
b73e528b73e30e799129150db9847c102420fe49,Victor Uriarte,2016-06-05 15:49:13 -0700,,sqlparse/filters/others.py,14,19
17af3bec9136217cbeec9ef39e3f1d010c783398,Victor Uriarte,2016-06-05 15:34:16 -0700,,sqlparse/filters/others.py,18,17
5e6d36f9d7ee7892cacccac3d9a3c97c5ab123ec,Victor Uriarte,2016-06-05 15:36:49 -0700,,sqlparse/filters/others.py,3,3
b114ff6361550246cb5cb96168d25fe46bd355ef,Victor Uriarte,2016-06-05 14:59:38 -0700,,examples/column_defs_lowlevel.py;examples/extract_table_names.py;sqlparse/__init__.py;sqlparse/compat.py,9;9;9;1,4;1;8;1
c43fccfefed0806cca52bea48d232ddf72f842cd,Victor Uriarte,2016-06-05 13:10:04 -0700,,sqlparse/engine/__init__.py;sqlparse/engine/filter_stack.py,8;44,36;0
0b3aa55ebdde97676ebca6b7fb185ca9739603be,Victor Uriarte,2016-06-05 09:05:38 -0700,,sqlparse/filters/__init__.py;sqlparse/filters/aligned_indent.py;sqlparse/filters/others.py;sqlparse/filters/output.py;sqlparse/filters/reindent.py;sqlparse/filters/right_margin.py;sqlparse/filters/tokens.py,40;157;120;123;205;49;60,0;0;0;0;0;0;0
a7c7d9586208516de372cb01203b48a53f7095fb,Victor Uriarte,2016-06-04 21:57:43 -0700,,sqlparse/formatter.py;tests/test_format.py;tests/test_grouping.py,3;20;7,3;14;5
2928a7c8f1192b8376795368825c2cf2dae243c3,Adam Greenhall,2015-09-12 14:49:47 -0700,,sqlparse/formatter.py;tests/test_format.py;tests/test_grouping.py,9;34;4,0;0;0
4c70aeaa2a8b1652553cc5a10bd593694cb3073f,Adam Greenhall,2015-09-12 00:56:58 -0700,,tests/test_grouping.py,10,0
74faef72d8e136a37bec93cc688817c97d162482,Adam Greenhall,2015-09-12 01:52:01 -0700,,tests/test_format.py,30,0
b15c9c60e2479f6397b7bbcb0787ee66c499e7f8,Adam Greenhall,2015-09-12 01:30:37 -0700,,tests/test_format.py,26,0
09de892c3b4e14d9b1a765d44e4824ec88e7e0eb,Adam Greenhall,2015-09-12 01:14:44 -0700,,tests/test_format.py,2,0
cccb3d866906bc6d701bad1793102e31c038b28e,Adam Greenhall,2015-09-12 01:10:09 -0700,,tests/test_format.py,16,0
0e5a25f39fcff8cac8c54f0209be39dc86914570,Adam Greenhall,2015-09-11 22:38:38 -0700,,tests/test_format.py,54,0
9ad0acafabd8c8216fdacb71310f6ec56ef59ae9,Adam Greenhall,2015-09-11 21:58:17 -0700,,sqlparse/sql.py,4,1
7bc47f0ab6a83aeeb98906b208cfba03c89bd7bd,aneeshk,2015-09-11 19:30:42 -0700,,tests/test_format.py,28,0
a9427d9aff77fd6fcd8ab8d13fc2a87eb16cc2b9,Adam Greenhall,2015-09-11 16:51:06 -0700,,sqlparse/formatter.py;tests/test_format.py,12;32,0;0
5747015634a39191511de8db576f2cd0aa5eafc9,Victor Uriarte,2016-06-01 05:51:17 -0700,,sqlparse/sql.py,9,18
ab1e8a1b823cb81bed7906463c6a44447b08f3b9,Victor Uriarte,2016-06-01 15:00:31 -0700,,sqlparse/sql.py,9,10
cfc22ad6ef8dc213ff562464ebdd67c81ab2554f,Victor Uriarte,2016-06-01 12:58:39 -0700,,sqlparse/sql.py,3,24
fa8e962e3050308de4618f0a66b9534742d30119,Victor Uriarte,2016-05-30 12:55:34 -0700,,sqlparse/sql.py;tests/test_tokenize.py,13;1,10;1
658f13aacfd3b94398aaaf14f567564a7c1ec1de,Victor Uriarte,2016-05-30 10:49:24 -0700,,sqlparse/sql.py,31,35
149519305864a6455638a5fa0984a99c3e54f1f3,Victor Uriarte,2016-05-30 10:48:18 -0700,,sqlparse/sql.py,3,8
7c2d56c8110e69c74538013703976fed0b497238,Victor Uriarte,2016-05-30 11:40:45 -0700,,sqlparse/sql.py,19,19
370152be4a1b2ab474469e494334b1446dadee9d,Victor Uriarte,2016-05-11 04:29:58 -0700,,sqlparse/sql.py,6,19
4ef134f40d872cb88ac4da27a3cc8223cf8aec52,Victor Uriarte,2016-06-02 19:16:57 -0700,,sqlparse/sql.py,13,14
da914acdb20293b9a059bdb346221757907855a7,Victor Uriarte,2016-05-29 13:31:59 -0700,,sqlparse/compat.py;sqlparse/sql.py,10;9,0;28
3fed0393a80a40ea28e5fc0cea9b526630e9f42b,Victor Uriarte,2016-06-02 21:38:23 -0700,,sqlparse/__init__.py;sqlparse/engine/__init__.py;sqlparse/engine/grouping.py,0;12;3,1;36;2
5ce225522ba2b2a8af23c7efcbd6261bd9f09528,Victor Uriarte,2016-06-02 21:25:01 -0700,,sqlparse/engine/__init__.py,4,4
62423c0d5e2e570341d5d0db74982712ff2348c7,Victor Uriarte,2016-06-02 14:09:21 -0700,246,sqlparse/__init__.py;sqlparse/utils.py,0;1,6;70
ece7c26727b28ea05feeeba3a9c2d1b4b7eb5c54,Victor Uriarte,2016-06-03 11:39:29 -0700,,sqlparse/keywords.py,5,1
689153a1fbe1bd8661c405e5305c4ac2414e55a8,Victor Uriarte,2016-06-03 11:37:12 -0700,,sqlparse/keywords.py,6,4
752100443bd1a5ddd81d57166db887c1fbd9f7ef,Victor Uriarte,2016-06-03 11:36:07 -0700,,sqlparse/keywords.py,10,6
cca348e295fc2e00c745d3a8c1bac3e8d4a5d97e,Victor Uriarte,2016-06-03 11:32:15 -0700,,sqlparse/keywords.py,3,5
2fcbee71724dd6311afe5a88106c4591bc1914ee,Victor Uriarte,2016-06-03 11:24:56 -0700,,sqlparse/keywords.py,7,4
5d0810b5ce607a5a5a92ce065424a17a924886a7,Victor Uriarte,2016-06-03 11:22:26 -0700,,sqlparse/keywords.py,4,4
41cbd6a86d1550b6e1634bc0f3b203dabcc2698f,Victor Uriarte,2016-06-03 10:34:12 -0700,,sqlparse/keywords.py;sqlparse/lexer.py,5;6,0;12
348ff620fa1acb807b83b173ee62807df21510e5,Victor Uriarte,2016-06-03 09:55:41 -0700,,sqlparse/keywords.py;sqlparse/lexer.py,3;6,8;28
f8f85fa4f1a8265fb78ea2e747c0476e1f04b09f,Victor Uriarte,2016-06-03 12:49:21 -0700,222,sqlparse/tokens.py,1,1
0c6f94f3b8cc0ca122da21143d57bd13b13e8a77,Victor Uriarte,2016-06-03 12:03:25 -0700,,tests/test_tokenize.py,4,9
f3080143104eb719b278ee95cc9e03b97bb425ea,Victor Uriarte,2016-06-03 12:08:43 -0700,,sqlparse/formatter.py,12,13
f5ff827bf168a83cb5062852f179dacdf2bcf755,Victor Uriarte,2016-05-30 22:34:48 -0700,,tests/test_grouping.py,3,3
af2a3fa7eb75c534ca76b8c0cc2ca6731fdb2efb,Victor Uriarte,2016-06-03 13:47:04 -0700,,setup.py;sqlparse/__init__.py;sqlparse/compat.py;sqlparse/engine/__init__.py;sqlparse/engine/grouping.py;sqlparse/exceptions.py;sqlparse/formatter.py;sqlparse/keywords.py;sqlparse/lexer.py;sqlparse/sql.py;sqlparse/tokens.py;sqlparse/utils.py,4;4;7;4;5;4;4;5;3;5;5;7,2;2;0;2;0;2;2;0;3;0;3;0
9b84aac37a4099f4788508f98b7b1ed3010c424e,Dennis Taylor,2016-06-02 15:28:27 -0700,,sqlparse/formatter.py;tests/test_format.py,14;12,2;0
81e408a4f2c8281e0da7c93ed75da90df1a518e2,Victor Uriarte,2016-06-02 13:53:26 -0700,,sqlparse/__init__.py;sqlparse/engine/__init__.py,1;1,1;15
e4c5625e1476e56cc5f06fec446571737b8a3f95,Victor Uriarte,2016-06-02 12:45:03 -0700,,sqlparse/__init__.py,1,2
3d03d8816ae02125d1ad036c72cb6bd512a20930,Victor Uriarte,2016-06-02 12:40:22 -0700,,sqlparse/tokens.py,7,8
453764938f2db40593feb9ce2a85e5a2147909af,Victor Uriarte,2016-06-02 12:29:38 -0700,,sqlparse/tokens.py,0,14
8240d962ae0f09119fde7b1575924068f02c6d8c,Victor Uriarte,2016-06-02 12:23:21 -0700,,sqlparse/compat.py;sqlparse/lexer.py,0;4,2;5
e98b1922a10e8a5c2608d4cbe8cb9fa76c50baa5,Victor Uriarte,2016-06-02 12:21:05 -0700,,sqlparse/lexer.py,4,7
af37d16bae4f1c96d3936771d74424d1d54ddf74,Victor Uriarte,2016-05-29 11:26:43 -0700,,sqlparse/engine/__init__.py;sqlparse/engine/grouping.py;sqlparse/sql.py;tests/test_regressions.py,2;3;1;2,2;2;1;2
5d77addc60bccd5ea72781d8fd08ba6502e3ae47,Victor Uriarte,2016-05-29 11:11:20 -0700,,sqlparse/engine/grouping.py,2,2
faacd60c2769008cf1cf439c969e6183cdb754fc,Victor Uriarte,2016-05-28 23:32:41 -0700,,sqlparse/lexer.py,10,22
ce1374796a6dca53f44f1bd3fe09c6aa17574652,Victor Uriarte,2016-05-28 23:31:48 -0700,,sqlparse/lexer.py,1,11
099435cff2c79f1455e532e1e5423332d01f3519,Victor Uriarte,2016-05-28 22:43:06 -0700,,sqlparse/lexer.py,27,60
7e88aa243ed3356655b3a86da42e4d5dffb2bf10,Victor Uriarte,2016-05-28 17:28:54 -0700,,sqlparse/compat.py;sqlparse/lexer.py,1;17,15;40
5d61f0cfffa273f332bf8be4a9cf0a9930fae034,Victor Uriarte,2016-05-28 11:06:32 -0700,,sqlparse/tokens.py,0,3
6b95b43014db358527f53e8b191999d2f753f0a9,Victor Uriarte,2016-05-28 15:27:46 -0700,,sqlparse/lexer.py,16,34
3ab860635cc0de381bdda01240646ab9ae39f162,Victor Uriarte,2016-05-28 15:29:26 -0700,,sqlparse/lexer.py,6,16
acae8ffbba7ddc310e5bc8aea391c099a57be903,Victor Uriarte,2016-05-28 14:40:21 -0700,,sqlparse/lexer.py,0,19
73f5f61c73da92cb5358c6b50b25e8d2eb20e3be,Victor Uriarte,2016-05-28 13:34:21 -0700,,sqlparse/lexer.py;tests/test_tokenize.py,2;0,15;7
4c1200b95fd345d502e3da5173cdbcdbd67bfb11,Victor Uriarte,2016-05-28 12:58:09 -0700,,sqlparse/lexer.py,3,60
5aa809137f9e65c56e0b34c15c0fe42be36894d7,Victor Uriarte,2016-05-28 13:13:40 -0700,,sqlparse/keywords.py;sqlparse/lexer.py,67;3,0;68
cc8e4f1b0321d65d244825b1006de68f8952e071,Tenghuan,2016-05-29 11:30:21 +0800,,sqlparse/engine/grouping.py,9,0
dc5c07d6551ad2bd91d01428a7c2601772706032,Dag Wieers,2016-05-26 13:48:08 +0200,,sqlparse/__init__.py,2,2
233216c3e9528b74ef7c6bc3054d2c0bd048620b,koljonen,2016-05-15 14:45:31 +0200,,sqlparse/lexer.py,1,1
26b5385babe69ced19e02dc4643a91f6aaf3a1a6,koljonen,2016-05-14 21:54:50 +0200,,sqlparse/lexer.py;tests/test_grouping.py,1;7,0;0
955996e3e5c49fb6b7f200ceecee2f8082656ac4,Victor Uriarte,2016-05-11 04:53:12 -0700,,sqlparse/engine/grouping.py,9,15
6748b48adc76491d3cdef5794ddd0731df0d3418,Victor Uriarte,2016-05-11 04:22:10 -0700,,examples/column_defs_lowlevel.py;sqlparse/sql.py,1;30,1;82
1e770d9b99983fa82375b71c5b3f5d8c6bb1a72e,Victor Uriarte,2016-05-10 21:50:46 -0700,,sqlparse/engine/grouping.py;tests/test_grouping.py,50;3,77;3
2d0c6d6d33e4bb974037f0eeb68d6a05262e4373,Victor Uriarte,2016-05-10 21:40:25 -0700,,sqlparse/engine/grouping.py,26,62
e4bf805cad1a41b989b59ac58f526c6bc9b0e338,Victor Uriarte,2016-05-10 21:39:54 -0700,,sqlparse/sql.py,3,11
015bf8393286301ca0d4dfd087b4ed305fa71d4a,Victor Uriarte,2016-05-10 21:09:09 -0700,,sqlparse/engine/grouping.py,39,64
b5176ccebcb5f16913aa87e514e5605515ce1471,Victor Uriarte,2016-05-10 20:38:04 -0700,,sqlparse/engine/grouping.py,21,31
4364b250c6b0632e7a39f8153e864a7f3d63833e,Victor Uriarte,2016-05-10 20:03:20 -0700,,sqlparse/engine/grouping.py;sqlparse/sql.py;sqlparse/utils.py,22;15;1,90;19;1
f26719dc8d2c9cf4bf85501bb68cc4ed3f4da86d,Victor Uriarte,2016-05-10 19:53:54 -0700,,sqlparse/engine/grouping.py;sqlparse/utils.py,7;5,11;0
5a1830554f9c1d6b626f57fd88c19c6f7063b434,Victor Uriarte,2016-05-10 19:42:08 -0700,,sqlparse/engine/grouping.py;sqlparse/sql.py,4;25,10;9
dbf8a624e091e1da24a7a90c4ff59d88ce816b8f,Victor Uriarte,2016-05-10 19:17:47 -0700,,sqlparse/sql.py,30,6
d725e0c81afc6907ad5fec71a53f724fa0e3f5c3,Victor Uriarte,2016-05-10 19:04:21 -0700,,sqlparse/sql.py,8,8
e006e1689d5bb9ad614b5155e2ff17f7e51b83d8,Victor Uriarte,2016-05-10 18:45:41 -0700,,sqlparse/compat.py;sqlparse/utils.py,17;81,6;7
9ab1464ea9c1d0296d698d9637ed3e3cd92326f9,Andi Albrecht,2016-04-06 09:41:31 +0200,101,sqlparse/engine/grouping.py;tests/test_grouping.py,2;6,0;0
baeea12b776b1f4477ee5af80aaa2e7c44fadf0e,Andi Albrecht,2016-04-06 08:43:53 +0200,,tests/test_grouping.py,4,3
c63737f9d2ec4b7ac2e2579b2583daff6700f462,saaj,2016-04-05 11:15:40 +0300,230,sqlparse/engine/grouping.py;tests/test_grouping.py,2;23,1;0
ee5799fbb60e9739e42922861cd9f24990fc52dd,Andi Albrecht,2016-04-03 10:20:14 +0200,,sqlparse/__init__.py;sqlparse/engine/grouping.py;sqlparse/sql.py,5;19;4,7;24;2
badf131ee774e2d5c24080e6ebca156a3657a1a8,CauÃª Beloni,2016-03-29 17:39:02 -0300,,sqlparse/keywords.py,1,1
b3810c4c13dbf36436795aa68661092c119aabc4,Andi Albrecht,2016-03-07 11:45:59 +0100,,sqlparse/__init__.py,1,1
f516b66a0e254af510b6b8a18510aad922d69701,Andrew Tipton,2016-03-02 18:37:28 +0800,,sqlparse/keywords.py;sqlparse/sql.py;sqlparse/tokens.py;tests/test_regressions.py,1;12;1;10,1;0;0;4
d8e8f30137a06f3e1b92993c2ec69f000a76e9ec,Andrew Tipton,2016-03-02 18:20:12 +0800,227,tests/test_regressions.py,7,0
1ad556ff26ff01cc1251a53ae1b84747337c01d2,Shen Longxing,2015-12-22 14:32:07 +0800,,sqlparse/keywords.py,1,0
d7201a14ad7a8876079a31f7b7281ddf5ac47b94,Shen Longxing,2015-12-18 15:34:52 +0800,215,sqlparse/lexer.py,1,1
454f80d80f6fb98da9b9e5e9fcf10bf15207f3d9,Shen Longxing,2015-12-18 15:29:33 +0800,215,sqlparse/keywords.py,1,0
38a14896e503d0946e622931923fb1350fa29ffd,Andi Albrecht,2015-12-14 19:18:26 +0100,,tests/test_regressions.py,5,0
e7a40aa93ca5c599ae269bfaa424e1cdc5cc5ac9,Andi Albrecht,2015-12-08 14:49:56 +0100,212,sqlparse/sql.py;tests/test_regressions.py,1;11,1;0
bd3ef1c518b99851fb9f0c1ead0ffc70f445f192,Andi Albrecht,2015-12-07 19:48:32 +0100,,sqlparse/engine/grouping.py,3,3
4659db2991382692b849f0a029d5dfa1969abd6a,Andi Albrecht,2015-12-07 19:23:07 +0100,,setup.py,0,6
081105a5a99a9fd87462b79e54d79a7837f8bb86,Andi Albrecht,2015-10-26 20:34:19 +0100,,sqlparse/__init__.py,0,2
f39d3340ce7fcfaaef9f8ce42c9ccf7f756b0241,Andi Albrecht,2015-10-26 20:32:47 +0100,,sqlparse/sql.py,0,8
92d12ec8c6d62e952d5a8d194db508a24c429ac9,Andi Albrecht,2015-10-26 20:22:46 +0100,,sqlparse/utils.py,24,46
0925408c3c0ad46e5d0e4f12645493e43e9a4fb4,Andi Albrecht,2015-10-26 20:19:28 +0100,,sqlparse/__init__.py,1,1
9c9f0c480971415a5a124896fa9d5f74bd60000a,Andi Albrecht,2015-10-26 20:18:35 +0100,,examples/column_defs_lowlevel.py;examples/extract_table_names.py;setup.py,5;1;2,5;1;5
1992f6deff983f7a3332142da5c49e82544bd1ac,Andi Albrecht,2015-10-26 20:14:18 +0100,,sqlparse/engine/__init__.py;sqlparse/engine/grouping.py;sqlparse/formatter.py;sqlparse/lexer.py;sqlparse/sql.py;sqlparse/utils.py,2;7;2;1;9;2,2;5;2;1;8;2
f7e07b7b61be4befd5eaafce93aeb0238c884315,Andi Albrecht,2015-10-26 20:03:58 +0100,,tests/test_format.py;tests/test_grouping.py;tests/test_parse.py;tests/test_tokenize.py,6;4;1;27,3;2;1;27
4aff8c729adc8363ffd23b593b9d4b729487cde8,Andi Albrecht,2015-10-26 19:45:41 +0100,,sqlparse/lexer.py;tests/test_tokenize.py,7;0,5;2
e6a51a0bc3f87e284de74cec838d3ee98c2f9cf5,Andi Albrecht,2015-10-26 19:40:29 +0100,,setup.py;sqlparse/__init__.py;sqlparse/compat.py;sqlparse/lexer.py;sqlparse/sql.py;tests/test_grouping.py;tests/test_parse.py;tests/test_regressions.py;tests/test_split.py;tests/test_tokenize.py,2;2;2;16;12;13;5;1;16;1,3;1;2;13;11;12;5;0;19;4
fc5251bb05beac290c78a092e782630ed647f025,Andi Albrecht,2015-10-26 07:43:44 +0100,,sqlparse/compat.py,42,0
e1b0d43cd91d849f16fbcc0369bac4136aaf3049,Andi Albrecht,2015-10-26 07:21:20 +0100,,setup.py,0,3
4e56fd7521e418420eef2c20adc1d0da8b875d88,Andi Albrecht,2015-10-25 09:18:49 +0100,,sqlparse/__init__.py,1,1
0e37e1f4003f972a7dab5d7d011dcbd85f2bdf1d,Tim Graham,2015-10-24 10:23:59 -0400,,setup.py,2,0
4e088165329141b65b5448c3fbfb9de353fc9380,Tim Graham,2015-10-24 10:20:53 -0400,,sqlparse/__init__.py,1,1
8e2d2a3616cb6025f67c3a95884e58d1a8b07a96,Andi Albrecht,2015-10-24 08:19:37 +0200,,sqlparse/__init__.py,1,1
9f638ed86f1103b44b9c061500f7133c29ba8676,Andi Albrecht,2015-10-24 08:07:29 +0200,,sqlparse/__init__.py,1,1
1c3f9291f4b79df410947b6410c88077d5162a22,Tim Graham,2015-10-23 22:19:56 -0400,,sqlparse/engine/grouping.py,1,1
2bde1b9e494bc8673e0967a7b1f59150131659cc,Ryan Wooden,2015-10-21 11:45:05 -0300,,sqlparse/engine/grouping.py;sqlparse/sql.py,10;9,8;1
848973f63de36ff3f90a8b7412dc3ee55fbd95f0,Ryan Wooden,2015-10-21 07:33:56 -0300,,sqlparse/engine/grouping.py;sqlparse/sql.py,5;2,2;2
5d71c27e5194dfc8b8869f3170803e1d18bad6dc,Andi Albrecht,2015-07-28 20:24:06 +0200,194,tests/test_regressions.py,13,0
8987a3a6b540ea35bbb1f9c5f49f3306501289cd,Andi Albrecht,2015-07-26 11:25:00 +0200,,sqlparse/__init__.py,1,1
14ddedee47808ac1cc8e21f32907b01af6af4efc,Andi Albrecht,2015-07-26 11:23:44 +0200,,sqlparse/__init__.py,1,1
fb6b59dece40a608a1c6cf741a4ac6ee88d85d2f,Andi Albrecht,2015-07-26 11:20:49 +0200,186,sqlparse/sql.py;tests/test_regressions.py,10;6,2;0
8b5a957f4dad82fda0dc174538fdaf0860a9256a,Andi Albrecht,2015-07-26 11:05:58 +0200,192,sqlparse/lexer.py;tests/test_parse.py,3;10,3;0
621e1d84607a158491ce80c47814e51a8c366498,Andi Albrecht,2015-07-26 10:38:54 +0200,193,tests/test_regressions.py,12,1
d9b717a12da7805d5a37b6b659300e449c42bd2f,Andi Albrecht,2015-04-19 02:11:39 +0200,185,sqlparse/sql.py;tests/test_grouping.py,2;5,1;0
4f5195481a89e87a07a064d2c253bb6f74e911d4,Andi Albrecht,2015-04-15 18:23:04 +0200,,sqlparse/__init__.py,1,1
4b7b0d3a01d8061572137f82a53de7365f3a241c,Andi Albrecht,2015-04-15 18:17:57 +0200,,sqlparse/__init__.py,1,1
f775030692222a5a0b296284328276b65259cc02,Andi Albrecht,2015-04-12 07:37:01 +0200,183,sqlparse/lexer.py;tests/test_grouping.py,3;7,0;1
f5e1a1add8aa4564cd24e2b3d13414b1fba68899,Andi Albrecht,2015-03-16 07:56:01 +0100,,sqlparse/lexer.py,1,1
9dbcfd31abafe48ee7c646129c40e904ff0a5fac,Andi Albrecht,2015-03-16 07:50:06 +0100,178,sqlparse/lexer.py;tests/test_parse.py,1;10,1;0
acdebefd638225eefe438919897ba68e7882504b,Darik Gamble,2015-03-04 10:41:57 -0500,,tests/test_parse.py,46,26
b61fe36f718ca4f7c0b4e8d1cb81cc1370877905,Darik Gamble,2015-03-04 10:41:34 -0500,,sqlparse/engine/grouping.py;sqlparse/sql.py,5;5,4;4
a93029f38fc2a1a182da92cf361d700cbe2b79c2,Darik Gamble,2015-03-04 10:39:53 -0500,,sqlparse/engine/grouping.py;sqlparse/sql.py,43;9,4;0
66f00a994437a02a8a2dac81ccdceb88d7013c83,Darik Gamble,2015-03-04 10:34:47 -0500,,sqlparse/engine/grouping.py,13,11
c9dc9c8b79a3e290c28761a786993b02eff705d6,Darik Gamble,2015-03-04 10:34:05 -0500,,sqlparse/lexer.py;sqlparse/tokens.py,4;0,2;1
15b0cb9e75ca378e94b55b7f1ff23108f0899cde,Andi Albrecht,2015-03-01 11:52:34 +0100,175,sqlparse/lexer.py;tests/test_parse.py,1;9,2;0
e75e35869473832a1eb67772b1adfee2db11b85a,casey,2015-02-26 12:32:46 -0800,,sqlparse/lexer.py;tests/test_split.py,1;4,2;0
703aec1fb30dcf5c0ed14552e601e4487707435e,JacekPliszka,2015-02-12 01:37:46 +0100,,sqlparse/lexer.py;tests/test_format.py,7;3,1;0
6f134c67b6c89c2985e29bd5bc4c809cc16c06a5,Darik Gamble,2015-02-09 12:17:22 -0500,,tests/test_grouping.py,40,0
2f5e0b7476381f5fda9e240d6e0e4f9c35261211,Darik Gamble,2015-02-09 12:16:51 -0500,,tests/test_grouping.py,1,1
4b13d3907fc0f6101a1a5dcf4a0f87ecca4dcdd2,Darik Gamble,2015-02-09 12:13:20 -0500,,tests/test_grouping.py,5,4
eb6ee3cade7a0ebbb45ddeae29a50fcb1405c5ae,Darik Gamble,2015-02-09 12:05:34 -0500,,sqlparse/sql.py,11,21
b8cb68cce836ca381dbf9aee284b03791e06f5fc,Darik Gamble,2015-02-09 12:02:23 -0500,,sqlparse/sql.py,4,0
d29cadef7539515d646e1c83e5fcf92415867886,Darik Gamble,2015-02-09 12:01:18 -0500,,sqlparse/sql.py,9,13
8a23215952c409f8cc1eae1f25a3160b32e8cbdf,Darik Gamble,2015-02-09 11:59:25 -0500,,sqlparse/sql.py,18,0
72560012be79634cf4a974b2ac1ef1cb6fd29aef,Darik Gamble,2015-02-09 11:58:08 -0500,,sqlparse/engine/grouping.py,4,3
e1b5482b1413591260f41ceb50e97091928f195a,Andi Albrecht,2015-02-08 16:52:15 +0100,170,sqlparse/engine/grouping.py;sqlparse/lexer.py;sqlparse/sql.py;sqlparse/tokens.py;tests/test_parse.py,3;1;7;1;49,1;0;0;0;0
313f0f31e2e67229da32393767d4cf500518815a,Darik Gamble,2015-02-06 14:55:55 -0500,,sqlparse/lexer.py;tests/test_parse.py,1;9,0;0
24d011a4a928e49511663349214c63be753c6c39,Andi Albrecht,2015-01-17 09:12:43 +0100,,sqlparse/keywords.py,5,5
7e4ee102e95f870af2ee89edcfd7aa680b8f031c,Andi Albrecht,2015-01-17 09:11:59 +0100,154,sqlparse/keywords.py,1,0
17f85aeb4c33895eb5ce88a844b814b112aec66c,Andi Albrecht,2015-01-17 09:10:23 +0100,155,sqlparse/keywords.py,1,0
4fd844b33cb8612d4cb11a73925b3686cb1813e2,Andi Albrecht,2015-01-17 09:10:03 +0100,156,sqlparse/keywords.py,1,0
8c5c0684ac61ab7d0c5e77881728c8106f2877f9,Andi Albrecht,2015-01-17 09:01:11 +0100,160,sqlparse/engine/grouping.py,20,1
a17db7a7557056728acf5506d3dea6841ad55fa9,Andi Albrecht,2015-01-16 21:45:32 +0100,163,sqlparse/engine/grouping.py;sqlparse/sql.py;tests/test_grouping.py,2;3;6,0;0;0
3f5ec21ffcd4702fc54b4a769224760ffbc31de9,Andi Albrecht,2014-12-21 17:12:37 +0100,,sqlparse/engine/grouping.py;tests/test_format.py,1;15,1;0
1e8a1b7cdb2d07eedfc525290dbfd3ac8e2882b6,Andi Albrecht,2014-12-01 09:36:52 +0100,153,sqlparse/lexer.py;tests/test_parse.py,1;7,1;0
a525a29c754522d6fa1b904792f7a8991142c4c5,Andi Albrecht,2014-11-30 08:23:27 +0100,,sqlparse/__init__.py,1,1
1ced2da0d4c733ba440d263cfccc13971a3c8afe,Andi Albrecht,2014-11-30 06:56:00 +0100,,sqlparse/keywords.py,1,1
cb413ec9cd5440f3ed4e24fbeb543271f29df27c,Andi Albrecht,2014-11-30 06:52:22 +0100,,sqlparse/keywords.py,1,1
dcd67a6e21c2fb523caa5dc9c41e62fcd4e45319,Andi Albrecht,2014-11-30 06:48:25 +0100,,sqlparse/engine/grouping.py;tests/test_grouping.py,1;9,1;0
0619bb662fb102eabb78f7059270d5766812c1e1,Andi Albrecht,2014-10-29 08:35:58 +0100,,sqlparse/engine/grouping.py;tests/test_grouping.py,2;8,1;0
991e7348075accae6d08025212251af21e92e664,Andi Albrecht,2014-10-09 05:51:34 +0200,,sqlparse/__init__.py,1,1
6ef659ffbc0f4a2d1b9f4fda60e4038f8bfd25c9,Andi Albrecht,2014-10-08 06:28:06 +0200,,sqlparse/__init__.py;sqlparse/engine/grouping.py,1;1,1;1
e0430495417dd1601a3c6a4fd716e16d3534323a,Andi Albrecht,2014-09-20 18:52:30 +0200,,sqlparse/__init__.py,1,1
8ffe95af292e0930b7126aae1905a97f7ebdfb24,Gavin Wahl,2014-08-07 14:12:46 -0600,,sqlparse/lexer.py;tests/test_parse.py,2;4,1;0
377031a193a9554f775f7d6fe92a2d9be2a2d011,Michael Schuller,2014-07-31 18:16:14 +0100,,sqlparse/utils.py,38,40
5d69341822ca11f7b2cbe90101cddc316498b2c8,Andi Albrecht,2014-03-18 20:01:17 +0100,,sqlparse/engine/grouping.py,1,1
480e52fddf28fad591f3214ee28c2d2af8842ce1,Michael Schuller,2014-03-07 18:01:41 +0000,131,sqlparse/utils.py;tests/test_format.py,43;17,0;0
e6d86edf4454153c655ba548b5698a4dbe5a10fd,Andi Albrecht,2014-03-03 07:55:06 +0100,,sqlparse/engine/grouping.py;tests/test_regressions.py,3;11,0;0
fcf41c86cd0f1370a5f77ffa83334c803e82157f,Andi Albrecht,2014-02-07 21:35:12 +0100,,sqlparse/__init__.py,1,1
cb4aff931dbc2027a9e504368a128d1fbbc5b1d8,spigwitmer,2014-02-05 08:49:15 -0800,,sqlparse/sql.py;tests/test_parse.py,3;5,3;0
f00a59e1b25c466da1d2612405f7abb7c93db207,spigwitmer,2014-02-04 14:08:55 -0800,,sqlparse/sql.py;tests/test_parse.py,2;5,0;0
d74ea26ec3a7f189ec00f6b949fd95082ba5b204,Andi Albrecht,2014-01-28 15:16:12 +0100,,sqlparse/engine/grouping.py;tests/test_regressions.py,1;15,1;0
dc462fc5a9b70879bfdfa5c4f7fcbb3f0b6593e0,Cristian Orellana,2014-01-16 10:46:24 -0800,,sqlparse/keywords.py,1,0
25dabec661637ca5cab1a9047a76bee05cfa653f,Andi Albrecht,2014-01-10 17:45:51 +0100,,sqlparse/engine/grouping.py;tests/test_grouping.py,1;6,0;0
930895f66400a03357942ec5baedeebcbe64defc,Cristian Orellana,2014-01-09 16:07:02 -0800,,sqlparse/keywords.py,2,1
f871291d33df018bf38cd62df3781456c8914210,Andi Albrecht,2013-11-19 08:11:58 +0100,,sqlparse/engine/grouping.py;sqlparse/keywords.py;sqlparse/sql.py;tests/test_grouping.py,13;2;6;39,1;1;0;0
6e476cfded15af3d41bcefadecbae51aa65f82ec,Andi Albrecht,2013-11-06 11:59:52 +0100,118,sqlparse/lexer.py;tests/test_parse.py,2;6,2;0
45c26b693a3c946b8652c0bfd9e04029c57d19dd,Andi Albrecht,2013-11-02 08:03:30 +0100,,sqlparse/__init__.py,1,1
155be7cc50daedfeedb35741bc46a9aba1d9bd5b,Andi Albrecht,2013-11-02 07:42:15 +0100,,sqlparse/__init__.py,1,1
22a1f4ae7bad8740e554b73a6b01e8451cb68f33,Victor Hahn,2013-10-29 16:35:12 +0100,,sqlparse/keywords.py,4,4
1acf52dc96f595d972375c0f2a185a668929a211,Andi Albrecht,2013-10-24 21:22:32 +0200,115,setup.py,1,0
c08c750e799af5c17ccbebf9b34b95a38f8cfb55,Andi Albrecht,2013-10-24 08:38:21 +0200,23,sqlparse/engine/grouping.py;sqlparse/sql.py;tests/test_grouping.py,1;8;11,1;0;2
e7b8ad372f6cfe6d14dcf1c7dc696a24b493e58c,Andi Albrecht,2013-10-24 05:59:09 +0200,,tests/test_tokenize.py,6,5
2aa7f0c68f5ba77b347e216994fd01be63e8aeb0,Andi Albrecht,2013-10-23 10:27:33 +0200,114,sqlparse/lexer.py,1,21
8168e84a424711aa456e8e5c0cf646bcce291abe,Alexander Beedie,2013-10-17 14:35:35 +0900,,sqlparse/lexer.py,1,1
113e0effc57dbfd579116724c9aa7f39f3c53b1f,Alexander Beedie,2013-10-17 14:29:24 +0900,,sqlparse/lexer.py,1,1
a1aa080aece81d62b0f971c4577eb4a91391db10,Andi Albrecht,2013-09-28 08:44:22 +0200,,sqlparse/__init__.py,1,1
6764f6d3d07ea6d76ae381e272d562a615465071,Andi Albrecht,2013-09-28 08:42:05 +0200,,sqlparse/__init__.py,1,1
f4a152924fc6df8f42c9006f9f07aa3d26d78e82,Andi Albrecht,2013-09-28 08:40:31 +0200,111,sqlparse/engine/grouping.py;tests/test_grouping.py;tests/test_parse.py,1;7;12,2;4;0
9574c16bc7418e07e3a21a1c00e4ad5956b799c3,prudhvi,2013-09-13 11:34:14 -0700,,sqlparse/engine/grouping.py;tests/test_grouping.py,9;9,4;0
41d76247df65693081438d74887d59fcf967ddff,Alexander Beedie,2013-09-02 16:06:11 +0900,,sqlparse/keywords.py,1,0
836de63befa939746605cb578dd0ffad8fd113ca,Alexander Beedie,2013-09-02 16:04:30 +0900,,sqlparse/lexer.py,1,1
32ab737bc4029ea0602c71fd37a0f46a3889a154,Andi Albrecht,2013-08-30 12:31:57 +0200,108,sqlparse/sql.py,2,2
d4b8e6e03e6c8d610da458593166be9a0d5d014f,Andi Albrecht,2013-08-26 13:04:02 +0200,107,sqlparse/lexer.py;tests/test_parse.py,1;7,0;0
204b77954eacc85615eace5ac895fab5ebb16e04,Andi Albrecht,2013-07-09 10:10:33 +0200,,sqlparse/formatter.py;tests/test_format.py,17;26,0;0
223e41045f2b4396007249c59b912aaea149e873,Andi Albrecht,2013-06-29 20:22:41 +0200,,sqlparse/__init__.py,1,1
dbe33de2f50541e875b05a805ef7baed79f495d8,Andi Albrecht,2013-06-29 19:32:02 +0200,,sqlparse/__init__.py,1,1
84725ee64570622135bf68d87823643b826d05b6,Andi Albrecht,2013-06-29 19:12:53 +0200,103,sqlparse/lexer.py;tests/test_parse.py,1;11,0;0
4edfd2fe0ac4e6aca1ee014ea47f9d6b13bfcfbe,Andi Albrecht,2013-06-17 21:30:13 +0200,,examples/extract_table_names.py,5,0
b62b79f9550c1d36383c4bb41eb5dd1ca9474a59,Andi Albrecht,2013-06-17 21:23:30 +0200,,examples/extract_table_names.py,5,5
7d0fb12663479da1dd8b1d9a2ee97527c6c51863,Robert Nix,2013-06-17 10:56:03 -0300,,examples/extract_table_names.py,3,1
91a9efe0511ab5b1c769d90c04b8b329fe3173ad,Andi Albrecht,2013-06-17 08:10:06 +0200,97,sqlparse/lexer.py;tests/test_tokenize.py,3;26,3;0
4ed66455b6a926824381630ed822836b52ac4789,mulos,2013-06-06 16:20:09 +0200,,sqlparse/keywords.py,1,0
abbcdcf9e135cb3f432041caa434cedd7048d788,Andi Albrecht,2013-05-15 08:14:12 +0200,,sqlparse/__init__.py;tests/test_split.py,1;7,1;0
bac3c5156f5da7a766f1384321c6d485c163b1e5,Andi Albrecht,2013-05-10 10:16:17 +0200,,sqlparse/lexer.py,1,1
706977ad962e4c476fc908ccb463f4079dedb650,Andi Albrecht,2013-05-10 05:41:51 +0200,,tests/test_parse.py,1,1
f38a2f367558a9fb279756d3828bad1d2e8e7f41,wayne.wuw,2013-05-09 22:59:56 +0800,,tests/test_parse.py,5,0
4a4b00e00c6bc6ea2114b381605e12c71fd06562,wayne.wuw,2013-05-09 16:05:46 +0800,,sqlparse/sql.py,2,0
221435382e96c176f97cef0e9e5d0f0bef5a3662,Andi Albrecht,2013-04-28 21:11:57 +0200,,sqlparse/keywords.py,1,1
e1a1370729a3d74711a6ec7b3b7ce904d31a8d84,Yago Riveiro,2013-04-26 18:39:04 +0100,,tests/test_format.py,1,0
9ea900cac02c60beb61a688539a17c552cf21373,Yago Riveiro,2013-04-26 18:31:52 +0100,,tests/test_format.py,5,1
572b69c1e630506d81ef594b15febc37bb011318,Yago Riveiro,2013-04-25 15:21:44 +0100,,sqlparse/keywords.py;sqlparse/lexer.py,1;1,0;1
fd480bf40646cdb53bce377db5d11dc52a760dad,Andi Albrecht,2013-04-20 08:32:08 +0200,90,sqlparse/engine/grouping.py;tests/test_grouping.py;tests/test_regressions.py,3;14;20,1;0;0
96d0a904f083ed563d2231c31cceaa077d5bc417,Andi Albrecht,2013-04-06 11:02:51 +0200,,sqlparse/__init__.py,1,1
6b98a05f5ea1d0d255312d4a79efa688305c673f,Andi Albrecht,2013-04-06 10:49:37 +0200,,sqlparse/__init__.py,1,1
2150a0aaef8366c97fa4260d3ba376b211981668,Andi Albrecht,2013-04-06 10:11:20 +0200,10,sqlparse/engine/grouping.py,1,0
341143e294c842d700dfd3c6a6224c05d8b8b8d6,Andi Albrecht,2013-04-05 05:46:41 +0200,89,sqlparse/engine/grouping.py;sqlparse/keywords.py;sqlparse/sql.py;tests/test_format.py;tests/test_grouping.py,15;2;7;11;11,0;2;0;0;0
081b23757c1a534baf42f7c099bab471bf20fe83,Andi Albrecht,2013-04-04 05:54:43 +0200,,sqlparse/__init__.py;sqlparse/engine/__init__.py;sqlparse/lexer.py;tests/test_regressions.py,21;2;5;11,13;2;2;1
abb8ce291e275e9879154ee0f22e881de8cf0ca4,Andi Albrecht,2013-03-18 06:11:46 +0100,,sqlparse/engine/grouping.py;tests/test_regressions.py,8;10,3;0
58134785ce80f43529c328e1c36a45739f3d84eb,Andi Albrecht,2013-02-28 08:22:45 +0100,,setup.py;sqlparse/sql.py,1;4,0;1
7088a29fc330dd806e56fb4f7af0f9389bcb114a,Andi Albrecht,2013-02-25 20:57:22 +0100,,tests/test_regressions.py,13,0
edcd02f6580a753a103c1cdbd1ccde99906319c9,Alexey Malyshev,2013-02-25 12:07:00 +0400,,sqlparse/lexer.py,4,1
dba96a147be55be7da657a17a38c21b30ff0e664,Andi Albrecht,2013-02-13 13:23:52 +0100,86,sqlparse/lexer.py,8,1
f6c3a0f124becdaeacfb755d7ba61ffc7c032337,Andi Albrecht,2013-01-27 10:21:37 +0100,,sqlparse/sql.py,9,0
07ef26a1a3b7e2b93d855970b92c985328eef097,Andi Albrecht,2013-01-25 20:29:21 +0100,,tests/test_regressions.py,8,0
1584b2225a8d81366ab0298d21b341969c603e8d,Andi Albrecht,2013-01-21 11:36:29 +0100,,setup.py,0,0
f94badafd769427f1f9026211b2d875361548132,Andi Albrecht,2013-01-01 16:43:25 +0100,,sqlparse/__init__.py,1,1
d19d0110e0e1bcc3c427a4640829fdf193b5cfcb,Andi Albrecht,2013-01-01 16:37:55 +0100,,setup.py,9,2
41df204d37716c2efa5d83bf957f74c56a075467,Andi Albrecht,2013-01-01 14:55:06 +0100,,setup.py,0,5
d298f83c4f9d432d1b170c66d4115addefe0b21a,Andi Albrecht,2013-01-01 14:35:46 +0100,,sqlparse/sql.py,2,1
3854cdfe8ef3d312f3285b085be7005b132c2eb1,Andi Albrecht,2013-01-01 14:34:53 +0100,,setup.py,1,1
a655298e76758a2c6114627d845b5e0b320e3734,Andi Albrecht,2013-01-01 10:22:29 +0100,,docs/source/conf.py,3,3
a25569e742b4884d2198c0ea6a6f804e657f6f6d,Andi Albrecht,2012-12-31 22:54:59 +0100,,setup.py;sqlparse/lexer.py;sqlparse/sql.py;tests/test_tokenize.py,7;4;22;6,0;1;4;1
5bc57bda760727bc5459bca9190a1bd893078e79,Andi Albrecht,2012-12-22 21:32:44 +0100,,sqlparse/lexer.py;tests/test_parse.py;tests/test_regressions.py,1;21;23,1;0;0
6e8276a8be8c63813ec1f371d670f1aaa25d525c,Andi Albrecht,2012-11-24 09:09:52 +0100,,setup.py,23,17
1bcac860cccfb808a35ae4b3b2383affa0944202,Andi Albrecht,2012-11-13 05:46:13 +0100,,sqlparse/__init__.py,1,1
f4876322e7fe36923d4eb89757a844b3d90be306,Andi Albrecht,2012-11-12 06:43:32 +0100,,sqlparse/__init__.py;sqlparse/engine/grouping.py;sqlparse/exceptions.py;sqlparse/keywords.py;sqlparse/lexer.py;tests/test_format.py;tests/test_parse.py;tests/test_split.py;tests/test_tokenize.py,3;2;1;6;2;1;1;2;31,0;1;2;6;1;1;1;1;30
9ef2a8e6080cfbe699aba0cad968c6e0d2554aa7,Andi Albrecht,2012-11-12 09:28:17 +0100,,sqlparse/sql.py,1,4
fb1ac1819d0e337b37e5c4e45725899ce9157a49,Andi Albrecht,2012-11-11 17:20:41 +0100,,sqlparse/__init__.py,1,1
7af0b13e037fa11de0466f56b1bdc8d9f269cd1c,Andi Albrecht,2012-11-11 09:48:11 +0100,,sqlparse/engine/grouping.py;tests/test_grouping.py,9;25,1;1
eb9afb54f65d1d0ffeaa0a083bbccf0a048fb162,Mike Amy,2012-11-07 20:39:42 +0700,,sqlparse/engine/grouping.py;tests/test_grouping.py,5;4,4;0
39ddba76709cc36dda0e9519efe7316d5ff5f12f,Andi Albrecht,2012-11-03 13:05:25 +0100,,sqlparse/sql.py;tests/test_parse.py;tests/test_regressions.py,19;7;28,6;0;0
c67a742e01ee7084ffd6ec0d531b96e343e6a5a5,Andi Albrecht,2012-11-03 12:45:52 +0100,,sqlparse/__init__.py;sqlparse/exceptions.py;sqlparse/formatter.py;tests/test_format.py,3;11;1;10,4;0;1;9
0a877102119d4738369c1464107123f3f9e6978d,Andi Albrecht,2012-08-24 07:52:29 +0200,,setup.py,6,4
61bf224281f2e7a8d51acb75c9a9482a08b8870b,Andi Albrecht,2012-08-12 08:24:19 +0200,,sqlparse/lexer.py,7,7
ff5c2470eeee1209be46092669763374325691d6,Andi Albrecht,2012-08-12 08:05:42 +0200,,sqlparse/sql.py,1,1
26986faad381f72078921d15f777024ff88fd15c,"JesÃºs LeganÃ©s Combarro ""Piranna""",2012-05-19 23:52:53 +0200,,sqlparse/utils.py,3,2
ba9f29071a4011521cfe685ba1de30004b413ae6,"JesÃºs LeganÃ©s Combarro ""Piranna""",2012-05-19 23:44:24 +0200,,sqlparse/engine/__init__.py;sqlparse/utils.py,0;0,2;1
3a7da1ca3402580e008ed8cd81addd43287acd47,"JesÃºs LeganÃ©s Combarro ""Piranna""",2012-05-19 23:35:39 +0200,,sqlparse/utils.py,55,7
0a43050ab370a90f1036f37bf27b082e40419546,"JesÃºs LeganÃ©s Combarro ""Piranna""",2012-05-19 22:32:26 +0200,,sqlparse/utils.py,2,1
7e532bcd9af6f36280f497346d50b4cdd028cfbf,"JesÃºs LeganÃ©s Combarro ""Piranna""",2012-05-19 19:21:00 +0200,,sqlparse/utils.py,7,2
8b3e88e60d8773ef2432bdc511ed7eaf1dc09a14,"JesÃºs LeganÃ©s Combarro ""Piranna""",2012-05-17 22:34:54 +0200,,sqlparse/utils.py,41,0
c45e0c62373407544c089ada7240c99da79ff29e,JesÃºs LeganÃ©s Combarro,2012-05-16 02:06:44 +0300,,sqlparse/sql.py,0,1
52e02fd771f46a5ad16e9dac92c44880c7be25db,"JesÃºs LeganÃ©s Combarro ""Piranna""",2012-04-28 18:20:13 +0200,,sqlparse/sql.py,28,27
a8ded6465322b3b6f9b6eb7299172268b4e4bd40,"JesÃºs LeganÃ©s Combarro ""Piranna""",2012-04-28 15:03:33 +0200,,tests/test_format.py,2,2
28f9c777545bb18fd3141568e2a25de685c3c30f,JesÃºs LeganÃ©s Combarro,2012-04-27 10:52:31 +0300,,sqlparse/__init__.py,2,4
5cc2604dea7d6004ec9607fe77b48abf27d8e3ee,Andi Albrecht,2012-04-23 09:30:44 +0200,,sqlparse/lexer.py,2,0
daf207cad41e1f04a16fd3d92ab41685b0fe4543,quest,2012-04-22 14:48:38 +0200,,sqlparse/lexer.py;tests/test_grouping.py,1;6,0;0
a16c08703c8eb213a8b570bb16636fbe7a2b4a28,quest,2012-04-22 01:41:22 +0200,,sqlparse/engine/grouping.py;sqlparse/sql.py,2;19,1;8
1f8dfd8723dd7aa9610fd9249775dc3b403d7e77,quest,2012-04-22 00:27:15 +0200,,sqlparse/lexer.py,4,3
1e3fbade7c80d917b4d727e9cef781b21be2fdf6,quest,2012-04-21 22:37:30 +0200,,sqlparse/__init__.py;tests/test_split.py,10;3,9;3
61f22063051fa94b0f055a995eed10b576535c29,quest,2012-04-21 20:28:49 +0200,,sqlparse/__init__.py;sqlparse/lexer.py,4;8,4;6
13274ebb0d66b64363145bf23b6aa824845f61be,quest,2012-04-21 20:18:42 +0200,,sqlparse/lexer.py;tests/test_split.py,16;0,15;1
7631460377274f6a9e074c974e2d63dafb1938eb,quest,2012-04-21 19:57:26 +0200,,sqlparse/__init__.py;sqlparse/lexer.py;tests/test_split.py;tests/test_tokenize.py,8;39;15;39,0;18;0;0
0afebf47e24d8a1ee1981faef39c0a15a798f7fd,Andi Albrecht,2012-04-20 19:44:17 +0200,,sqlparse/__init__.py,2,2
5d4c1468ee559032690601bdcfeee8cda95e69bb,Andi Albrecht,2012-04-19 22:37:44 +0200,30,sqlparse/sql.py,1,1
3942d09bd0be0a7b207864ebd0a5ce2ea0f9e28e,Andi Albrecht,2012-04-19 22:21:00 +0200,52,sqlparse/engine/grouping.py,1,0
fb9ba15d47f6041a1ebebc738ec2707da0de49f1,Andi Albrecht,2012-04-19 22:16:09 +0200,49,sqlparse/engine/grouping.py,1,0
e4bccf45a6e82d4738aab1b5eded3fa208a76875,Andi Albrecht,2012-04-19 22:02:08 +0200,,sqlparse/engine/grouping.py;sqlparse/sql.py,16;8,14;0
508db7329f05362a47a0ed9f93d0ae8d9e42dcc8,Andi Albrecht,2012-04-19 21:21:53 +0200,,tests/test_format.py,6,0
1e3c3b9ceee5e5c3cead78cd87a592637e41fe12,"JesÃºs LeganÃ©s Combarro ""Piranna""",2012-03-24 20:14:20 +0100,,sqlparse/lexer.py,1,1
7820f2988979b247698320900c800c2b0797f8ca,Andi Albrecht,2012-02-26 08:43:48 +0100,,sqlparse/engine/grouping.py,3,1
10afc2054a39ea5a5a07a20ab181b18b89feee9c,"JesÃºs LeganÃ©s Combarro ""Piranna""",2012-02-03 15:51:42 +0100,,sqlparse/sql.py,25,15
4e8ae03682d346b2a57dc9d4760d838ec9674804,"JesÃºs LeganÃ©s Combarro ""Piranna""",2012-02-03 15:22:05 +0100,,sqlparse/sql.py;tests/test_grouping.py,4;1,3;1
c1b05d502b715558076e0d54008b846e27299d41,"JesÃºs LeganÃ©s Combarro ""Piranna""",2012-02-03 15:17:38 +0100,,sqlparse/sql.py,12,9
1c66acab68973f0cff27030b98bfcf14289a3645,"JesÃºs LeganÃ©s Combarro ""Piranna""",2012-02-03 15:13:38 +0100,,sqlparse/sql.py,4,1
26b6bad156ef959087312cad18f22d18022b855b,"JesÃºs LeganÃ©s Combarro ""Piranna""",2012-02-03 15:10:55 +0100,,sqlparse/sql.py,0,3
eec7cd398cf404de874980518ccf46b0f7db00e8,"JesÃºs LeganÃ©s Combarro ""Piranna""",2012-02-03 14:32:06 +0100,,setup.py;sqlparse/sql.py;tests/test_grouping.py,2;7;12,2;4;12
a911e95665b303a898d6e2de44a1327c0c271c8f,"JesÃºs LeganÃ©s Combarro ""Piranna""",2012-01-23 10:51:33 +0100,,tests/test_split.py,6,0
c794c97531c09e66b6a7ffac76626a727ad02f5e,Kevin Jing Qiu,2012-01-10 13:16:26 +0100,,sqlparse/lexer.py;tests/test_tokenize.py,5;6,5;0
ac3d6e312aeea0253dfed9f333e2f584f7317649,Andi Albrecht,2011-09-29 11:57:50 +0200,,sqlparse/lexer.py,1,10
2a63e68ba78f2508da00c7cfd3244688232e4b91,Andi Albrecht,2011-09-29 11:21:01 +0200,,sqlparse/engine/grouping.py,2,1
13c1d716a7798ae1a79c524dc967e9a33c534ff4,Andi Albrecht,2011-09-29 11:19:26 +0200,,sqlparse/engine/grouping.py;sqlparse/sql.py;tests/test_grouping.py,5;35;5,6;34;0
ff50b33074f5c276b0cff8094e85582dcd467095,Andi Albrecht,2011-09-29 09:33:47 +0200,,sqlparse/lexer.py;tests/test_parse.py,1;4,0;0
4b9261f4076befecbc4757c21ed0b268df546f96,Andi Albrecht,2011-09-27 12:44:33 +0200,,sqlparse/engine/grouping.py;tests/test_format.py,19;6,6;1
bcaf3269b3a8746a4ee8c848256d5f2b11b25d27,Andi Albrecht,2011-09-06 08:01:12 +0200,,sqlparse/engine/grouping.py;sqlparse/sql.py,4;2,2;2
c88aefb12aa07a2c24ec9cfcbe5b73353b5feed7,"JesÃºs LeganÃ©s Combarro ""Piranna""",2011-08-18 00:10:43 +0200,,sqlparse/__init__.py,6,0
5adefeeaa6df776d76ee62df824eecbc5ed31545,Andi Albrecht,2011-07-29 21:59:59 +0200,,sqlparse/__init__.py,1,1
0058f06ba2309b3d7851e6509f70bf533258795c,Andi Albrecht,2011-07-29 21:19:04 +0200,,sqlparse/lexer.py,1,1
c918cc9dc30b3a7684a96feae95fc5c05638360e,Andi Albrecht,2011-07-29 20:58:14 +0200,,sqlparse/lexer.py;tests/test_parse.py,1;7,0;0
0ec64528c5fb1efb71122985eab9c7137a80603d,Andi Albrecht,2011-07-25 18:24:02 +0200,,sqlparse/lexer.py;tests/test_parse.py,3;20,1;0
f7588d5390eaa9fc36b199a5df54fc2c645db3a4,Andi Albrecht,2011-07-25 16:59:44 +0200,,tests/test_regressions.py,18,0
de0e6d9cc68048cd9bd42ff6b720dedadfaf1ef7,Andi Albrecht,2011-07-25 16:41:10 +0200,,sqlparse/keywords.py,3,3
16dbc49a3fb4928365550775efa925640b4cb768,Andi Albrecht,2011-07-24 00:56:18 +0200,,sqlparse/lexer.py;tests/test_format.py,2;7,1;0
693d7a31c1fff960763ff3ba485142ce67ff708f,Andi Albrecht,2011-07-24 00:37:47 +0200,,tests/test_split.py,7,0
6c5a777bb6e144aeb0d41490148734ecd5ecb895,Andi Albrecht,2011-07-24 00:07:38 +0200,,sqlparse/engine/grouping.py;tests/test_grouping.py,5;4,4;0
bb6453b96a4d7ecfc47322398768b5857e5e73f2,Andi Albrecht,2011-07-23 23:33:24 +0200,,sqlparse/engine/grouping.py,1,1
3c5e451686863ddafaa12a0e7e83e3f11d0eacf5,Andi Albrecht,2011-07-23 23:28:16 +0200,,sqlparse/sql.py,4,3
6d46f23895b7c2817b56d1df8b85a7bb94a33139,Andi Albrecht,2011-07-23 23:21:23 +0200,,sqlparse/sql.py,12,13
dea76adfa5b3c25dd34d7c820410e21364e16d12,Andi Albrecht,2011-07-23 22:56:09 +0200,,sqlparse/engine/grouping.py;tests/test_regressions.py,1;32,1;0
d1956f27183c96f092a70a37e172f2fd045932a7,Andi Albrecht,2011-07-20 08:28:49 +0200,,sqlparse/lexer.py;tests/test_regressions.py,1;10,0;0
f6f2e20e4c61d50fbd5cbf0e685b03d8c5927a3a,Andi Albrecht,2011-06-10 22:08:10 +0200,,tests/test_regressions.py,7,0
47e7f56a52870bdb278225fc05866efcb5e65a1d,Andi Albrecht,2011-04-13 16:04:56 +0200,,sqlparse/engine/grouping.py;sqlparse/sql.py;tests/test_regressions.py,2;8;10,1;3;2
ea2b23a46b4dacf1d76cdbdaa172e25e3b733466,Andi Albrecht,2011-03-17 09:48:43 +0100,,tests/test_regressions.py,22,3
92ccbfc012107a6b6ea27b51fa1c609ac449ce66,Andi Albrecht,2011-03-17 09:41:39 +0100,,sqlparse/sql.py;tests/test_regressions.py,1;14,1;0
2bd7658034545aa7db5752cd35d400526af5439e,Andi Albrecht,2011-02-28 21:23:41 +0100,,sqlparse/keywords.py;sqlparse/lexer.py,1;1,1;0
94e33797f7324540e9d64a623fc7c1aa18507318,Andi Albrecht,2011-02-28 21:12:15 +0100,,tests/test_format.py,8,0
20d2fd6b86eccd8d59df1c9940b404450c7cdbae,Andi Albrecht,2011-01-26 09:41:59 +0100,,sqlparse/keywords.py,1,1
a4c465ebc3cf364c3072adc2eae110f734092ec0,Andi Albrecht,2011-01-26 09:39:52 +0100,,sqlparse/lexer.py;tests/test_parse.py,1;14,0;0
26c2abe55a5316a681b8d9023f85a5a13a7b3195,Andi Albrecht,2010-11-23 06:23:28 +0100,,sqlparse/__init__.py,1,1
502c899772a5c1cfa8e47ba545318c55d2ebf978,Andi Albrecht,2010-11-23 06:18:00 +0100,,docs/source/conf.py,7,4
ba2e63a136d639096a3528846ddf55d16ed83508,Andi Albrecht,2010-11-22 19:23:52 +0100,,sqlparse/lexer.py,1,0
a0bafb0929ce7cee6ce38b368d96f3ae0ae98b25,Andi Albrecht,2010-11-21 19:42:57 +0100,,tests/test_format.py,1,1
b56308b44ac5f60b757c576fdea4f91c5e215898,Andi Albrecht,2010-11-21 19:37:02 +0100,,sqlparse/keywords.py,2,0
e3a64164683e34a597153005386f9ee53396c6a5,Andi Albrecht,2010-11-21 19:23:12 +0100,,tests/test_format.py,8,0
f7a57dea9112c884817b25bdb9895f8c2be03005,Andi Albrecht,2010-11-21 18:55:58 +0100,,sqlparse/sql.py,8,2
98b3c40f1c91b4a620a53fabfdbb8100bada15e8,Andi Albrecht,2010-11-21 12:43:06 +0100,,sqlparse/engine/grouping.py;tests/test_grouping.py,4;8,2;0
16b9b09222313e6cf45cd4daa313fd0f951f6a94,Andi Albrecht,2010-11-21 12:32:27 +0100,,sqlparse/sql.py,2,8
b995d5ef8ba9caa5f09bfdaed868f0321547c83d,Andi Albrecht,2010-11-21 09:08:43 +0100,,sqlparse/engine/grouping.py,6,1
fbaf4c2b596239e2ba2b88e36ac671672d94b1f3,Andi Albrecht,2010-11-14 22:03:13 +0100,,sqlparse/lexer.py;tests/test_split.py,4;10,1;0
15ce8051c8655cda152f04680ec08059a53e8dcd,Andi Albrecht,2010-10-22 13:13:35 +0200,,examples/extract_table_names.py,53,0
3f0263730488e2858a5bfef56a0a4e57b289319d,Andi Albrecht,2010-08-26 15:25:58 +0200,,sqlparse/formatter.py,2,2
09a80107b8f5c6e12e54cafed6838aef5bd800bf,Andi Albrecht,2010-07-04 21:17:52 +0200,,sqlparse/engine/grouping.py;sqlparse/lexer.py;sqlparse/sql.py;sqlparse/tokens.py;tests/test_grouping.py,4;1;3;1;4,4;1;3;1;4
3bfa75a7d2042cdd56245034b9467b28f578ce9c,Andi Albrecht,2010-07-04 20:53:02 +0200,,sqlparse/engine/__init__.py;sqlparse/engine/grouping.py;sqlparse/formatter.py;sqlparse/lexer.py;sqlparse/sql.py;sqlparse/tokens.py,3;30;0;8;9;17,1;20;1;8;3;18
2a090575f6d0571208a6d3a6ae57c31c4adbc653,Andi Albrecht,2010-07-04 20:32:48 +0200,,sqlparse/engine/grouping.py;sqlparse/keywords.py;sqlparse/lexer.py;tests/test_grouping.py,33;556;35;32,30;557;35;32
cc01ab2971981bdcbc3cdbb10b36b202b4655a12,Andi Albrecht,2010-06-23 07:37:16 +0200,,tests/test_split.py,7,0
b737d2093eacf3c34e1eb413192f86f0d8623ecd,Andi Albrecht,2010-06-17 20:21:44 +0200,,sqlparse/lexer.py,2,2
fac431b15799fd9561346efcc128e0b5e8aec3d0,Andi Albrecht,2010-02-18 09:58:12 +0100,,sqlparse/sql.py;tests/test_grouping.py,5;4,1;0
f5086aacc638ef077d01542e1a636f2bbd9aa7ba,Andreas Albrecht,2010-01-11 15:24:05 +0100,,tests/test_format.py,4,3
acea845a7f77158bb12d9e35ff56698d769ad947,Andreas Albrecht,2009-10-22 13:43:38 +0200,,sqlparse/sql.py,8,2
3d13c5d4bb14f76d407285f2a91e7061585fd6da,Andi Albrecht,2009-09-12 08:05:34 +0200,,sqlparse/engine/grouping.py;sqlparse/sql.py;tests/test_grouping.py;tests/test_regressions.py,1;8;1;20,1;0;1;0
a3eb6193197db27d9f8df75a5742389eca7a1f35,Andi Albrecht,2009-09-02 08:45:49 +0200,,sqlparse/sql.py,2,2
76e8b301ceceb6b3e7ee9e386b867a6f3a3e7dfe,Andi Albrecht,2009-08-27 21:56:47 +0200,,sqlparse/keywords.py,0,26
e10bf7967aa5ac6ed329631471ad90e5009e2c25,Andi Albrecht,2009-07-13 20:19:34 +0200,,sqlparse/engine/grouping.py;tests/test_grouping.py,6;7,1;0
bbca0a8e7525d871eb04d452dc064af833b4314f,Andi Albrecht,2009-07-12 12:33:56 +0200,,sqlparse/sql.py;tests/test_parse.py,26;24,0;0
d8a0300bab3a77fba7fa6014ab7fa7c5ae388aaa,Andi Albrecht,2009-07-12 10:15:19 +0200,,sqlparse/sql.py,5,1
d899c928f8839cb85b06ced865eb65d1684f3ad8,Andi Albrecht,2009-07-12 09:53:45 +0200,,tests/test_format.py,10,0
612c7fd4c2394be0e04cd7b26c380088bfa20306,Andi Albrecht,2009-07-12 09:48:58 +0200,,sqlparse/engine/grouping.py;tests/test_grouping.py,19;9,9;1
9114ff791c224f8edfa6f1ff00ae57e8e3296f75,Andi Albrecht,2009-07-12 09:28:05 +0200,,sqlparse/engine/grouping.py;sqlparse/lexer.py;sqlparse/tokens.py;tests/test_grouping.py,3;2;1;4,2;1;0;2
d47657d07ab900604547efd0a4eb288775ad43b9,Andi Albrecht,2009-06-24 06:13:29 +0200,,sqlparse/lexer.py;tests/test_tokenize.py,3;21,3;0
050e2e6b3b2f41f30c2a4037fd3fb059131d771d,Andi Albrecht,2009-06-11 21:11:57 +0200,,sqlparse/__init__.py;sqlparse/engine/__init__.py;sqlparse/formatter.py;sqlparse/lexer.py;sqlparse/sql.py,0;2;0;7;2,1;2;1;3;2
45c1f595ea61dee891b6f4b5b6c4692df6423bb4,Andi Albrecht,2009-06-11 21:01:22 +0200,,sqlparse/__init__.py;sqlparse/engine/__init__.py;sqlparse/engine/grouping.py;sqlparse/tokens.py,0;5;0;0,3;7;3;5
54fabc7c7cd268da2f49559b333b1d02f914cf2a,Andi Albrecht,2009-06-11 20:56:02 +0200,,sqlparse/sql.py,1,2
7d43d7361fc0ac8330e0631000c779771f00fdd6,Andi Albrecht,2009-06-11 20:45:31 +0200,,sqlparse/sql.py,1,1
cdf0c12bf95d076d6ed92ecd82338d50d90dc627,Andi Albrecht,2009-06-11 20:45:04 +0200,,sqlparse/tokens.py,1,44
6e7aed282cc22696f0433fa8cb4a003ce39c15aa,Andi Albrecht,2009-06-07 08:47:20 +0200,,setup.py,1,1
895f021a0515dbf948efb1dfe960c0aa63cd160d,Andi Albrecht,2009-05-27 20:58:12 +0200,,sqlparse/engine/grouping.py;sqlparse/sql.py;tests/test_grouping.py,17;14;8,0;0;1
691c0400e5a7d8229b7dce09bf47176539add328,Andi Albrecht,2009-05-14 22:17:34 +0200,,sqlparse/engine/grouping.py;tests/test_grouping.py,6;9,2;7
5ccb54dae178189623b6223ea95e261046c6bb1a,Andi Albrecht,2009-05-14 06:54:06 +0200,,sqlparse/engine/grouping.py;tests/test_grouping.py,11;7,3;0
ab7666e2f1cf5ef09a808eb187da4c4b3a93b1bb,Andi Albrecht,2009-05-11 22:09:48 +0200,,tests/test_grouping.py,8,0
ef577981c85baca29185b350134d74ca0cefb0cf,Andi Albrecht,2009-05-06 21:36:14 +0200,,setup.py;sqlparse/__init__.py,15;1,5;1
01b2e8f15c57296bb14d7d56242fca641bcbcebe,Andi Albrecht,2009-05-06 18:50:27 +0200,,sqlparse/formatter.py;sqlparse/sql.py;tests/test_format.py;tests/test_tokenize.py,1;3;45;5,1;3;0;0
974222bcb24a5b2bf3a0e5ecd616a2c3855e8342,Andi Albrecht,2009-05-06 07:53:44 +0200,,sqlparse/formatter.py;sqlparse/sql.py;tests/test_grouping.py;tests/test_tokenize.py,0;13;12;46,38;13;0;0
423b839b8c12bc6215ee15683abbd18b4e7162e3,Andi Albrecht,2009-05-06 07:23:54 +0200,,sqlparse/__init__.py;sqlparse/engine/__init__.py;sqlparse/formatter.py,0;0;0,5;1;3
4fb9cb894e93c42a919ccd714d9a4a7d5ed2e940,Andi Albrecht,2009-05-06 07:12:34 +0200,,sqlparse/sql.py,3,4
087de87e41669fc88594b8344515c83cf3f26eb3,Andi Albrecht,2009-05-06 06:58:01 +0200,,sqlparse/sql.py,6,6
ff4f3547472c001e8a80f97f83d59ba27ec101bb,Andi Albrecht,2009-05-05 07:06:33 +0200,,sqlparse/sql.py,4,0
a00bf24ad555f8701607dae22fa39555d4da3bfa,Andi Albrecht,2009-05-05 07:01:39 +0200,,sqlparse/engine/grouping.py;sqlparse/keywords.py;sqlparse/sql.py,1;1;2,0;0;1
c8c23529249f4554f61b79121e78ff5192dc3bbe,Andi Albrecht,2009-05-05 06:48:11 +0200,,tests/test_format.py,5,0
e9d921676a44b93d7d92978f8008cfdd9c5ca8b9,Andi Albrecht,2009-05-05 06:05:36 +0200,,tests/test_format.py,15,2
5ee6aed6aef8f8ffeeef67e3909bf8a72e9213b8,Andi Albrecht,2009-05-03 21:32:27 +0200,,sqlparse/engine/grouping.py;sqlparse/keywords.py;sqlparse/sql.py;tests/test_grouping.py,37;1;16;6,24;1;0;0
45db01becdc17108bc1c504503ee7b997059970d,Andi Albrecht,2009-05-03 20:54:57 +0200,,tests/test_tokenize.py,14,0
0b4bc3a8c2a6e1d3e7f97894250c1f0209280e56,Andi Albrecht,2009-04-30 07:58:03 +0200,,sqlparse/lexer.py,1,0
f7613ad2238fbbfcb76fb584f1bb27ebc8e0d199,Andi Albrecht,2009-04-30 07:02:23 +0200,,sqlparse/sql.py,1,1
dcf78718d3761e222a8f62f6c2b3a3f215584d45,Andi Albrecht,2009-04-30 06:58:49 +0200,,tests/test_parse.py;tests/test_split.py,1;1,1;1
1fd167879df0a65ec2cc2bcf023ca3b45cff8d9c,Andi Albrecht,2009-04-29 21:18:03 +0200,,sqlparse/lexer.py;tests/test_tokenize.py,4;5,0;0
f5444736afcad8cd55a30027b1df2fca0d9eb0b2,Andi Albrecht,2009-04-27 12:05:10 +0200,,sqlparse/keywords.py,1,1
5366e32e3bc1f83cf4273776f2efd93212921977,Andi Albrecht,2009-04-27 06:10:40 +0200,,sqlparse/sql.py;tests/test_grouping.py,18;8,2;0
1fed923e6ccc06b09417e3026d8694328c1dd68f,Andi Albrecht,2009-04-24 15:16:49 +0200,,sqlparse/engine/grouping.py;tests/test_grouping.py,2;12,1;0
be3b2d73ef118fa5bbf1549e2f9a71baae709cea,Andi Albrecht,2009-04-24 15:05:23 +0200,,sqlparse/engine/grouping.py;sqlparse/sql.py;tests/test_format.py;tests/test_grouping.py,3;12;5;12,1;1;0;0
3bbc94129d3a9597f8218ba19c097620cf352137,Andi Albrecht,2009-04-23 08:48:33 +0200,,examples/column_defs_lowlevel.py,48,0
46491ddc3790ce95f72af78007edb325e0fe4b7b,Andi Albrecht,2009-04-21 22:10:55 +0200,,sqlparse/engine/grouping.py;tests/test_format.py;tests/test_grouping.py,16;9;2,13;0;1
0e63972e04f1d556a0f31d328217b225b4a97807,Andi Albrecht,2009-04-14 07:31:59 +0200,,sqlparse/__init__.py,2,0
965a1b23d77dcd89ddb605ffc955e3699f503042,Andi Albrecht,2009-04-07 20:49:12 +0200,,setup.py,1,0
ae0a4563b6e2cb93c68194d0bda9847b2fadae09,Andi Albrecht,2009-04-07 20:32:28 +0200,,setup.py,23,23
9c6bf848ddc4a1b271f7a43715d856a4fd902c73,Andi Albrecht,2009-04-07 19:59:40 +0200,,setup.py,67,2
55410fc4c2e8163f0e89d14652b267ea5765e30c,Andi Albrecht,2009-04-07 19:28:02 +0200,,sqlparse/__init__.py;sqlparse/sql.py,4;94,7;2
206c16f4cdede14042ef5c288e7e04547e12d1a2,Andi Albrecht,2009-04-06 08:35:32 +0200,,setup.py,1,1
98b62ed571b592b3725a4e81342f54f5e0f17cbf,Andi Albrecht,2009-04-06 08:34:27 +0200,,docs/source/conf.py,2,2
56d27222b173013afe74a6bbe0da5eebf29ef559,Andi Albrecht,2009-04-06 08:24:29 +0200,,sqlparse/engine/grouping.py;sqlparse/sql.py,1;318,308;0
361122eb22d5681c58dac731009e4814b3dd5fa5,Andi Albrecht,2009-04-03 21:26:42 +0200,,docs/source/conf.py;setup.py;sqlparse/__init__.py;sqlparse/engine/__init__.py;sqlparse/engine/grouping.py;sqlparse/formatter.py;sqlparse/keywords.py;sqlparse/lexer.py;sqlparse/tokens.py;tests/__init__.py;tests/test_format.py;tests/test_grouping.py;tests/test_parse.py;tests/test_split.py;tests/test_tokenize.py,197;28;65;81;537;163;589;310;131;0;146;86;39;88;21,0;0;0;0;0;0;0;0;0;0;0;0;0;0;0
