project,pythonfile,linenumber,exp,fromname,toname,resolvedset,P1 benchmarks,Pn benchmarks
docutils,body.py,40,"textnodes, messages = self.state.inline_text(title_text, self.lineno)",body.py,inline_text,states,Y,Y
docutils,body.py,54,"self.state.nested_parse(self.content, self.content_offset, node)",body.py,nested_parse,states,Y,Y
docutils,body.py,215,"textnodes, messages = self.state.inline_text(rubric_text, self.lineno)",body.py,inline_text,states,Y,Y
docutils,body.py,262,"self.state.nested_parse(self.content, self.content_offset, node)",body.py,nested_parse,states,Y,Y
docutils,body.py,111,"text_nodes, messages = self.state.inline_text(text, self.lineno)",body.py,inline_text,states,Y,Y
docutils,body.py,288,"self.state.nested_parse(self.content, self.content_offset, node)",body.py,nested_parse,states,Y,Y
docutils,body.py,228,"elements = self.state.block_quote(self.content, self.content_offset)",body.py,block_quote,states,Y,Y
docutils,components.py,49,if component.supports(format),components.py,supports,pseudoxml;DocutilsTestSupport,N,Y
docutils,components.py,50,pending.replace_self(pending.details['nodes']),components.py,replace_self,nodes,Y,Y
docutils,docutils_xml.py,155,text = xml.sax.saxutils.escape(node.astext()),docutils_xml.py,astext,nodes,N,Y
docutils,docutils_xml.py,169,xml_string = node.astext(),docutils_xml.py,astext,nodes,N,Y
docutils,docutils_xml.py,184,"col_num, line_num, node.astext())",docutils_xml.py,astext,nodes,N,Y
docutils,docutils_xml.py,74,self.document.walkabout(visitor),docutils_xml.py,walkabout,nodes,Y,Y
docutils,docutils_xml.py,132,self.output.append(node.starttag(xml.sax.saxutils.quoteattr)),docutils_xml.py,starttag,nodes,Y,Y
docutils,docutils_xml.py,144,self.output.append(node.endtag()),docutils_xml.py,endtag,nodes,Y,Y
docutils,DocutilsTestSupport.py,372,output = document.pformat(),DocutilsTestSupport.py,pformat,nodes,Y,Y
docutils,DocutilsTestSupport.py,472,output = document.pformat(),DocutilsTestSupport.py,pformat,nodes,Y,Y
docutils,DocutilsTestSupport.py,542,self.parser.find_head_body_sep(),DocutilsTestSupport.py,find_head_body_sep,tableparser,Y,Y
docutils,DocutilsTestSupport.py,543,self.parser.parse_table(),DocutilsTestSupport.py,parse_table,tableparser,Y,Y
docutils,frontend.py,798,"self.set(section, setting, new_value)",frontend.py,set,ConfigParser,N,Y
docutils,frontend.py,800,"self.set(section, option.overrides, None)",frontend.py,set,ConfigParser,N,Y
docutils,frontend.py,771,"self.set(section, setting, value)",frontend.py,set,ConfigParser,N,Y
docutils,frontend.py,654,"values._source, values._destination = self.check_args(args)",frontend.py,check_args,frontend,Y,Y
docutils,frontmatter.py,280,for section in self.document.traverse(nodes.section),frontmatter.py,traverse,nodes,N,Y
docutils,frontmatter.py,233,if not self.document.hasattr('title'),frontmatter.py,hasattr,nodes,Y,Y
docutils,frontmatter.py,68,"node.update_all_atts_concatenating(section, True, True)",frontmatter.py,update_all_atts_concatenating,nodes,Y,Y
docutils,frontmatter.py,110,"subtitle.update_all_atts_concatenating(subsection, True, True)",frontmatter.py,update_all_atts_concatenating,nodes,Y,Y
docutils,html.py,33,self.state_machine.get_first_known_indented(match.end()),html.py,get_first_known_indented,statemachine,Y,Y
docutils,images.py,87,self.state.document.note_refname(reference_node),images.py,note_refname,nodes,Y,Y
docutils,images.py,147,"self.state.nested_parse(self.content, self.content_offset, node)",images.py,nested_parse,states,Y,Y
docutils,io.py,368,self.open(),io.py,open,io,N,Y
docutils,io.py,279,return self.decode(data),io.py,decode,io,Y,Y
docutils,latex2mathml.py,203,while node.full(),latex2mathml.py,full,latex2mathml,Y,Y
docutils,latex2mathml.py,424,child = node.delete_child(),latex2mathml.py,delete_child,latex2mathml,Y,Y
docutils,latex2mathml.py,434,child = node.delete_child(),latex2mathml.py,delete_child,latex2mathml,Y,Y
docutils,latex2mathml.py,222,while parent.full(),latex2mathml.py,full,latex2mathml,Y,Y
docutils,manpage.py,1096,self._docinfo['title'] = node.astext(),manpage.py,astext,nodes,N,Y
docutils,manpage.py,422,self._docinfo[name] = node.astext(),manpage.py,astext,nodes,N,Y
docutils,manpage.py,420,self._docinfo[name].append(node.astext()),manpage.py,astext,nodes,N,Y
docutils,manpage.py,665,self._field_name = node.astext(),manpage.py,astext,nodes,N,Y
docutils,manpage.py,497,self.body.append(self.comment(node.astext())),manpage.py,astext,nodes,N,Y
docutils,manpage.py,280,text = node.astext(),manpage.py,astext,nodes,N,Y
docutils,manpage.py,108,self.output = visitor.astext(),manpage.py,astext,manpage,N,Y
docutils,manpage.py,107,self.document.walkabout(visitor),manpage.py,walkabout,nodes,Y,Y
docutils,manpage.py,984,self._active_table.new_row(),manpage.py,new_row,manpage,Y,Y
docutils,manpage.py,627,self._active_table.append_cell(self.body[start,manpage.py,append_cell,manpage,Y,Y
docutils,manpage.py,1050,self.body.extend(self._active_table.as_list()),manpage.py,as_list,manpage,Y,Y
docutils,math2html.py,1227,clone.__init__(),math2html.py,__init__,math2html,N,Y
docutils,math2html.py,2947,return Cloner.create(type).setfactory(self),math2html.py,create,math2html,Y,Y
docutils,math2html.py,2984,if whole.detect(pos),math2html.py,detect,math2html,Y,Y
docutils,math2html.py,2914,return not pos.finished(),math2html.py,finished,math2html,Y,Y
docutils,math2html.py,2985,whole.parsebit(pos),math2html.py,parsebit,math2html,Y,Y
docutils,math2html.py,2918,while not pos.finished(),math2html.py,finished,math2html,Y,Y
docutils,math2html.py,2919,self.add(self.factory.parseany(pos)),math2html.py,parseany,math2html,Y,Y
docutils,math2html.py,2935,if pos.finished(),math2html.py,finished,math2html,Y,Y
docutils,math2html.py,2937,return self.instance(type).detect(pos),math2html.py,instance,math2html,Y,Y
docutils,math2html.py,2589,if pos.current() in FormulaSymbol.unmodified,math2html.py,current,math2html,Y,Y
docutils,math2html.py,2591,if pos.current() in FormulaSymbol.modified,math2html.py,current,math2html,Y,Y
docutils,math2html.py,2975,returnedbit = bit.parsebit(pos),math2html.py,parsebit,math2html,Y,Y
docutils,math2html.py,2597,if pos.current() in FormulaSymbol.unmodified,math2html.py,current,math2html,Y,Y
docutils,math2html.py,2600,if pos.current() in FormulaSymbol.modified,math2html.py,current,math2html,Y,Y
docutils,math2html.py,2601,"self.addsymbol(FormulaSymbol.modified[pos.current()], pos)",math2html.py,current,math2html,Y,Y
docutils,math2html.py,2607,"self.skiporiginal(pos.current(), pos)",math2html.py,current,math2html,Y,Y
docutils,math2html.py,2508,if not pos.checkskip(string),math2html.py,checkskip,math2html,Y,Y
docutils,math2html.py,2577,alpha = pos.globalpha(),math2html.py,globalpha,math2html,Y,Y
docutils,math2html.py,2598,"self.addsymbol(pos.current(), pos)",math2html.py,current,math2html,Y,Y
docutils,math2html.py,2664,return pos.checkfor(self.start),math2html.py,checkfor,math2html,Y,Y
docutils,math2html.py,2630,return pos.current() == self.start,math2html.py,current,math2html,Y,Y
docutils,math2html.py,3944,return pos.checkfor(FormulaCommand.start),math2html.py,checkfor,math2html,Y,Y
docutils,math2html.py,3980,if not pos.checkskip(FormulaCommand.start),math2html.py,checkskip,math2html,Y,Y
docutils,math2html.py,3983,if pos.finished(),math2html.py,finished,math2html,Y,Y
docutils,math2html.py,3987,command = FormulaCommand.start + pos.globalpha(),math2html.py,globalpha,math2html,Y,Y
docutils,math2html.py,3989,pos.checkskip('*'),math2html.py,checkskip,math2html,Y,Y
docutils,math2html.py,3971,bit = self.factory.create(type),math2html.py,create,math2html,Y,Y
docutils,math2html.py,3972,bit.setcommand(command),math2html.py,setcommand,math2html,Y,Y
docutils,math2html.py,3973,returned = bit.parsebit(pos),math2html.py,parsebit,math2html,Y,Y
docutils,math2html.py,2977,return returnedbit.setfactory(self),math2html.py,setfactory,math2html,Y,Y
docutils,math2html.py,4133,return pos.current() in SymbolFunction.commandmap,math2html.py,current,math2html,Y,Y
docutils,math2html.py,4137,self.setcommand(pos.current()),math2html.py,current,math2html,Y,Y
docutils,math2html.py,4138,pos.skip(self.command),math2html.py,skip,math2html,Y,Y
docutils,math2html.py,4032,self.factory.clearskipped(pos),math2html.py,clearskipped,math2html,Y,Y
docutils,math2html.py,2951,while not pos.finished(),math2html.py,finished,math2html,Y,Y
docutils,math2html.py,2959,if self.instance(type).detect(pos),math2html.py,instance,math2html,Y,Y
docutils,math2html.py,4033,if pos.finished(),math2html.py,finished,math2html,Y,Y
docutils,math2html.py,4035,parameter = self.factory.parseany(pos),math2html.py,parseany,math2html,Y,Y
docutils,math2html.py,2619,digits = pos.glob(lambda,math2html.py,glob,math2html,Y,Y
docutils,math2html.py,2761,bit.process(),math2html.py,process,math2html,Y,Y
docutils,math2html.py,5234,whole.process(),math2html.py,process,math2html,Y,Y
docutils,math2html.py,5235,return ''.join(whole.gethtml()),math2html.py,gethtml,math2html,Y,Y
docutils,math2html.py,2086,html = self.output.gethtml(self),math2html.py,gethtml,math2html,Y,Y
docutils,math2html.py,4071,self.factory.clearskipped(pos),math2html.py,clearskipped,math2html,Y,Y
docutils,math2html.py,4072,"if not self.factory.detecttype(Bracket, pos)",math2html.py,detecttype,math2html,Y,Y
docutils,math2html.py,2683,if not pos.checkfor(self.start),math2html.py,checkfor,math2html,Y,Y
docutils,math2html.py,2687,pos.pushending(self.ending),math2html.py,pushending,math2html,Y,Y
docutils,math2html.py,2703,while not pos.finished(),math2html.py,finished,math2html,Y,Y
docutils,math2html.py,1906,return pos.checkfor(self.ending),math2html.py,checkfor,math2html,Y,Y
docutils,math2html.py,2704,if pos.current() in specialchars,math2html.py,current,math2html,Y,Y
docutils,math2html.py,2709,self.add(FormulaConstant(pos.skipcurrent())),math2html.py,skipcurrent,math2html,Y,Y
docutils,math2html.py,2689,self.original += pos.popending(self.ending),math2html.py,popending,math2html,Y,Y
docutils,math2html.py,1856,if pos.isout(),math2html.py,isout,math2html,Y,Y
docutils,math2html.py,1824,self.skip(ending),math2html.py,skip,math2html,Y,Y
docutils,math2html.py,4730,if pos.checkskip(opening),math2html.py,checkskip,math2html,Y,Y
docutils,math2html.py,4733,if not pos.checkskip('$'),math2html.py,checkskip,math2html,Y,Y
docutils,math2html.py,4736,self.name = pos.skipcurrent(),math2html.py,skipcurrent,math2html,Y,Y
docutils,math2html.py,4737,if pos.checkskip('!'),math2html.py,checkskip,math2html,Y,Y
docutils,math2html.py,4739,if not pos.checkskip(closing),math2html.py,checkskip,math2html,Y,Y
docutils,math2html.py,4758,self.value = function.parseparameter(pos),math2html.py,parseparameter,math2html,Y,Y
docutils,math2html.py,2694,while not pos.finished(),math2html.py,finished,math2html,Y,Y
docutils,math2html.py,2695,self.add(self.factory.parseany(pos)),math2html.py,parseany,math2html,Y,Y
docutils,math2html.py,4840,while not pos.finished(),math2html.py,finished,math2html,Y,Y
docutils,math2html.py,4841,if pos.checkskip('$'),math2html.py,checkskip,math2html,Y,Y
docutils,math2html.py,4845,elif pos.checkskip('f'),math2html.py,checkskip,math2html,Y,Y
docutils,math2html.py,4893,index = int(pos.skipcurrent()),math2html.py,skipcurrent,math2html,Y,Y
docutils,math2html.py,4875,if pos.checkskip('/'),math2html.py,checkskip,math2html,Y,Y
docutils,math2html.py,4878,if not pos.checkskip('{'),math2html.py,checkskip,math2html,Y,Y
docutils,math2html.py,4881,pos.pushending('}'),math2html.py,pushending,math2html,Y,Y
docutils,math2html.py,4850,elif pos.checkskip('('),math2html.py,checkskip,math2html,Y,Y
docutils,math2html.py,4915,"return self.factory.create(BracketCommand).create(direction, character)",math2html.py,create,math2html,Y,Y
docutils,math2html.py,4883,pos.popending(),math2html.py,popending,math2html,Y,Y
docutils,math2html.py,4860,name = '$' + pos.skipcurrent(),math2html.py,skipcurrent,math2html,Y,Y
docutils,math2html.py,4866,if pos.checkskip('.'),math2html.py,checkskip,math2html,Y,Y
docutils,math2html.py,4852,elif pos.checkskip(')'),math2html.py,checkskip,math2html,Y,Y
docutils,math2html.py,4855,result.append(FormulaConstant(pos.skipcurrent())),math2html.py,skipcurrent,math2html,Y,Y
docutils,math2html.py,4937,size = function.params[name].value.computesize(),math2html.py,computesize,math2html,Y,Y
docutils,math2html.py,4050,self.factory.clearskipped(pos),math2html.py,clearskipped,math2html,Y,Y
docutils,math2html.py,4051,"if not self.factory.detecttype(Bracket, pos)",math2html.py,detecttype,math2html,Y,Y
docutils,math2html.py,2715,if pos.current() == self.start,math2html.py,current,math2html,Y,Y
docutils,math2html.py,4476,return self.factory.create(type),math2html.py,create,math2html,Y,Y
docutils,math2html.py,4466,pos.pushending(ending),math2html.py,pushending,math2html,Y,Y
docutils,math2html.py,4467,bit.parsebit(pos),math2html.py,parsebit,math2html,Y,Y
docutils,math2html.py,4299,"self.add(self.factory.parsetype(WholeFormula, pos))",math2html.py,parsetype,math2html,Y,Y
docutils,math2html.py,4469,self.original += pos.popending(ending),math2html.py,popending,math2html,Y,Y
docutils,math2html.py,4694,character = command.extracttext(),math2html.py,extracttext,math2html,Y,Y
docutils,math2html.py,1253,"container.recursivesearch(locate, recursive, process)",math2html.py,recursivesearch,math2html,Y,Y
docutils,math2html.py,4364,"pos.pushending(rowseparator, True)",math2html.py,pushending,math2html,Y,Y
docutils,math2html.py,4365,row = self.factory.create(FormulaRow),math2html.py,create,math2html,Y,Y
docutils,math2html.py,4366,yield row.setalignments(self.alignments),math2html.py,setalignments,math2html,Y,Y
docutils,math2html.py,4328,"pos.pushending(self.cellseparator, optional=True)",math2html.py,pushending,math2html,Y,Y
docutils,math2html.py,4329,while not pos.finished(),math2html.py,finished,math2html,Y,Y
docutils,math2html.py,4341,return self.factory.create(FormulaCell).setalignment(alignment),math2html.py,create,math2html,Y,Y
docutils,math2html.py,4331,cell.parsebit(pos),math2html.py,parsebit,math2html,Y,Y
docutils,math2html.py,4310,self.factory.clearskipped(pos),math2html.py,clearskipped,math2html,Y,Y
docutils,math2html.py,4311,if pos.finished(),math2html.py,finished,math2html,Y,Y
docutils,math2html.py,4313,"self.add(self.factory.parsetype(WholeFormula, pos))",math2html.py,parsetype,math2html,Y,Y
docutils,math2html.py,4334,pos.checkskip(self.cellseparator),math2html.py,checkskip,math2html,Y,Y
docutils,math2html.py,4367,if pos.checkfor(rowseparator),math2html.py,checkfor,math2html,Y,Y
docutils,math2html.py,4368,self.original += pos.popending(rowseparator),math2html.py,popending,math2html,Y,Y
docutils,math2html.py,4374,row = self.factory.create(FormulaRow).setalignments(self.alignments),math2html.py,create,math2html,Y,Y
docutils,math2html.py,4376,cell = row.createcell(index),math2html.py,createcell,math2html,Y,Y
docutils,math2html.py,4502,self.factory.clearskipped(pos),math2html.py,clearskipped,math2html,Y,Y
docutils,math2html.py,4503,if pos.finished(),math2html.py,finished,math2html,Y,Y
docutils,math2html.py,4506,"if self.factory.detecttype(Bracket, pos) \",math2html.py,detecttype,math2html,Y,Y
docutils,math2html.py,4496,elif len(parameter.extracttext()) != 1,math2html.py,extracttext,math2html,Y,Y
docutils,math2html.py,3992,return FormulaCommand.start + pos.skipcurrent(),math2html.py,skipcurrent,math2html,Y,Y
docutils,math2html.py,3998,if not pos.isout(),math2html.py,isout,math2html,Y,Y
docutils,math2html.py,3999,ending = pos.nextending(),math2html.py,nextending,math2html,Y,Y
docutils,math2html.py,4000,if ending and pos.checkskip(ending),math2html.py,checkskip,math2html,Y,Y
docutils,math2html.py,2645,self.original += pos.skipspace(),math2html.py,skipspace,math2html,Y,Y
docutils,math2html.py,4477,bit = self.factory.create(EquationEnvironment),math2html.py,create,math2html,Y,Y
docutils,misc.py,97,for node in self.document.traverse(nodes.transition),misc.py,traverse,nodes,N,Y
docutils,misc.py,484,text = text.decode(locale_encoding or 'utf-8'),misc.py,decode,cp1252,Y,Y
docutils,misc.py,360,self.state_machine.document.note_pending(pending),misc.py,note_pending,nodes,Y,Y
docutils,nodes.py,1959,self.default_visit(node),nodes.py,default_visit,docutils_xml;nodes,Y,Y
docutils,nodes.py,1962,self.default_departure(node),nodes.py,default_departure,docutils_xml;nodes,Y,Y
docutils,nodes.py,130,visitor.dispatch_visit(self),nodes.py,dispatch_visit,nodes,Y,Y
docutils,nodes.py,166,visitor.dispatch_visit(self),nodes.py,dispatch_visit,nodes,Y,Y
docutils,nodes.py,187,visitor.dispatch_departure(self),nodes.py,dispatch_departure,nodes,Y,Y
docutils,nodes.py,948,update.update_basic_atts(self),nodes.py,update_basic_atts,nodes,Y,Y
docutils,nodes.py,74,return self._dom_node(domroot),nodes.py,_dom_node,nodes,Y,Y
docutils,package_unittest.py,158,return testRunner.run(suite),package_unittest.py,run,runner,N,Y
docutils,parts.py,161,return self.get_tree_copy().children,parts.py,get_tree_copy,nodes,N,Y
docutils,parts.py,72,name = title.astext(),parts.py,astext,nodes,N,Y
docutils,parts.py,154,node.walkabout(visitor),parts.py,walkabout,nodes,Y,Y
docutils,parts.py,130,ref_id = self.document.set_id(reference),parts.py,set_id,nodes,Y,Y
docutils,parts.py,134,and title.next_node(nodes.reference) is None),parts.py,next_node,nodes,Y,Y
docutils,parts.py,114,self.startnode.replace_self(contents),parts.py,replace_self,nodes,Y,Y
docutils,parts.py,77,if not document.has_name(name),parts.py,has_name,nodes,Y,Y
docutils,parts.py,79,document.note_implicit_target(topic),parts.py,note_implicit_target,nodes,Y,Y
docutils,parts.py,82,document.note_pending(pending),parts.py,note_pending,nodes,Y,Y
docutils,parts.py,111,header = self.state_machine.document.get_decoration().get_header(),parts.py,get_decoration,nodes,Y,Y
docutils,parts.py,124,footer = self.state_machine.document.get_decoration().get_footer(),parts.py,get_decoration,nodes,Y,Y
docutils,parts.py,170,if node.hasattr('alt'),parts.py,hasattr,nodes,Y,Y
docutils,peps.py,127,date = para.astext(),peps.py,astext,nodes,N,Y
docutils,peps.py,130,pep_type = para.astext(),peps.py,astext,nodes,N,Y
docutils,peps.py,292,if ref.hasattr('refuri') and ref['refuri'].startswith('mailto,peps.py,hasattr,nodes,Y,Y
docutils,peps.py,153,if not self.document.has_name(name),peps.py,has_name,nodes,Y,Y
docutils,peps.py,155,self.document.note_implicit_target(topic),peps.py,note_implicit_target,nodes,Y,Y
docutils,peps.py,159,self.document.note_pending(pending),peps.py,note_pending,nodes,Y,Y
docutils,peps.py,196,"self.document.note_pending(pending, 0)",peps.py,note_pending,nodes,Y,Y
docutils,peps.py,200,"self.document.note_pending(pending, 1)",peps.py,note_pending,nodes,Y,Y
docutils,peps.py,187,doc.set_id(refsect),peps.py,set_id,nodes,Y,Y
docutils,pseudoxml.py,27,self.output = self.document.pformat(),pseudoxml.py,pformat,nodes,Y,Y
docutils,references.py,666,subreflist = self.document.traverse(nodes.substitution_reference),references.py,traverse,nodes,N,Y
docutils,references.py,43,for target in self.document.traverse(nodes.target),references.py,traverse,nodes,N,Y
docutils,references.py,117,for node in self.document.traverse(nodes.reference),references.py,traverse,nodes,N,Y
docutils,references.py,120,for node in self.document.traverse(nodes.target),references.py,traverse,nodes,N,Y
docutils,references.py,353,for target in self.document.traverse(nodes.target),references.py,traverse,nodes,N,Y
docutils,references.py,373,for target in self.document.traverse(nodes.target),references.py,traverse,nodes,N,Y
docutils,references.py,844,for target in self.document.traverse(nodes.target),references.py,traverse,nodes,N,Y
docutils,references.py,765,for target in self.document.traverse(nodes.target),references.py,traverse,nodes,N,Y
docutils,references.py,781,for ref in self.document.traverse(nodes.reference),references.py,traverse,nodes,N,Y
docutils,references.py,841,self.document.walk(visitor),references.py,walk,nodes,Y,Y
docutils,references.py,902,self.document.ids[id].note_referenced_by(id=id),references.py,note_referenced_by,nodes,Y,Y
docutils,references.py,703,subdef_copy = subdef.deepcopy(),references.py,deepcopy,nodes,Y,Y
docutils,references.py,742,self.document.note_refname(node),references.py,note_refname,nodes,Y,Y
docutils,references.py,799,footnote_id = self.document.set_id(footnote),references.py,set_id,nodes,Y,Y
docutils,references.py,808,self.document.note_autofootnote(footnote),references.py,note_autofootnote,nodes,Y,Y
docutils,references.py,809,"self.document.note_explicit_target(footnote, footnote)",references.py,note_explicit_target,nodes,Y,Y
docutils,references.py,815,self.document.note_autofootnote_ref(refnode),references.py,note_autofootnote_ref,nodes,Y,Y
docutils,references.py,816,self.document.note_footnote_ref(refnode),references.py,note_footnote_ref,nodes,Y,Y
docutils,references.py,790,self.startnode.replace_self(nodelist),references.py,replace_self,nodes,Y,Y
docutils,references.py,524,"self.document.note_explicit_target(footnote, footnote)",references.py,note_explicit_target,nodes,Y,Y
docutils,references.py,520,self.document.note_refid(ref),references.py,note_refid,nodes,Y,Y
docutils,references.py,555,self.document.note_refid(ref),references.py,note_refid,nodes,Y,Y
docutils,references.py,28,self.state_machine.document.note_pending(pending),references.py,note_pending,nodes,Y,Y
docutils,references.py,681,msgid = self.document.set_id(msg),references.py,set_id,nodes,Y,Y
docutils,references.py,684,prbid = self.document.set_id(prb),references.py,set_id,nodes,Y,Y
docutils,references.py,685,msg.add_backref(prbid),references.py,add_backref,nodes,Y,Y
docutils,references.py,85,self.document.note_refid(target),references.py,note_refid,nodes,Y,Y
docutils,references.py,140,if target.hasattr('refuri'),references.py,hasattr,nodes,Y,Y
docutils,references.py,150,self.document.note_refid(ref),references.py,note_refid,nodes,Y,Y
docutils,references.py,230,reftarget.note_referenced_by(id=reftarget_id),references.py,note_referenced_by,nodes,Y,Y
docutils,references.py,241,if reftarget.hasattr('refuri'),references.py,hasattr,nodes,Y,Y
docutils,references.py,245,elif reftarget.hasattr('refid'),references.py,hasattr,nodes,Y,Y
docutils,references.py,251,self.document.note_refid(target),references.py,note_refid,nodes,Y,Y
docutils,references.py,293,if target.hasattr('refid'),references.py,hasattr,nodes,Y,Y
docutils,references.py,319,target.note_referenced_by(id=id),references.py,note_referenced_by,nodes,Y,Y
docutils,references.py,571,self.document.set_id(footnote),references.py,set_id,nodes,Y,Y
docutils,references.py,594,self.document.note_refid(ref),references.py,note_refid,nodes,Y,Y
docutils,references.py,398,target.note_referenced_by(name=name),references.py,note_referenced_by,nodes,Y,Y
docutils,references.py,893,msgid = self.document.set_id(msg),references.py,set_id,nodes,Y,Y
docutils,references.py,896,prbid = self.document.set_id(prb),references.py,set_id,nodes,Y,Y
docutils,references.py,897,msg.add_backref(prbid),references.py,add_backref,nodes,Y,Y
docutils,references.py,898,node.replace_self(prb),references.py,replace_self,nodes,Y,Y
docutils,references.py,541,msgid = self.document.set_id(msg),references.py,set_id,nodes,Y,Y
docutils,references.py,547,prbid = self.document.set_id(prb),references.py,set_id,nodes,Y,Y
docutils,references.py,548,msg.add_backref(prbid),references.py,add_backref,nodes,Y,Y
docutils,references.py,296,elif target.hasattr('refuri'),references.py,hasattr,nodes,Y,Y
docutils,references.py,305,target.note_referenced_by(name=name),references.py,note_referenced_by,nodes,Y,Y
docutils,references.py,129,msgid = self.document.set_id(msg),references.py,set_id,nodes,Y,Y
docutils,references.py,133,prbid = self.document.set_id(prb),references.py,set_id,nodes,Y,Y
docutils,references.py,134,msg.add_backref(prbid),references.py,add_backref,nodes,Y,Y
docutils,references.py,247,self.document.note_refid(target),references.py,note_refid,nodes,Y,Y
docutils,references.py,283,msgid = self.document.set_id(msg),references.py,set_id,nodes,Y,Y
docutils,references.py,287,prbid = self.document.set_id(prb),references.py,set_id,nodes,Y,Y
docutils,references.py,288,msg.add_backref(prbid),references.py,add_backref,nodes,Y,Y
docutils,references.py,722,parent.replace_self(msg),references.py,replace_self,nodes,Y,Y
docutils,references.py,727,msgid = self.document.set_id(msg),references.py,set_id,nodes,Y,Y
docutils,references.py,730,prbid = self.document.set_id(prb),references.py,set_id,nodes,Y,Y
docutils,references.py,731,msg.add_backref(prbid),references.py,add_backref,nodes,Y,Y
docutils,roles.py,265,"prb = inliner.problematic(rawtext, rawtext, msg)",roles.py,problematic,states,Y,Y
docutils,roles.py,286,"prb = inliner.problematic(rawtext, rawtext, msg)",roles.py,problematic,states,Y,Y
docutils,roles.py,368,"prb = inliner.problematic(rawtext, rawtext, msg)",roles.py,problematic,states,Y,Y
docutils,roles.py,308,"prb = inliner.problematic(rawtext, rawtext, msg)",roles.py,problematic,states,Y,Y
docutils,statemachine.py,225,"context, result = state.bof(context)",statemachine.py,bof,test_statemachine;states,N,Y
docutils,statemachine.py,245,result = state.eof(context),statemachine.py,eof,statemachine;test_statemachine;states,N,Y
docutils,statemachine.py,492,state.runtime_init(),statemachine.py,runtime_init,statemachine;states,N,Y
docutils,statemachine.py,379,"src, srcoffset = self.input_lines.info(offset)",statemachine.py,info,statemachine,N,Y
docutils,statemachine.py,1016,"results = sm.run(indented, input_offset=line_offset)",statemachine.py,run,statemachine,N,Y
docutils,statemachine.py,1001,"results = sm.run(indented, input_offset=line_offset)",statemachine.py,run,statemachine,N,Y
docutils,statemachine.py,313,self.notify_observers(),statemachine.py,notify_observers,statemachine,Y,Y
docutils,statemachine.py,351,self.notify_observers(),statemachine.py,notify_observers,statemachine,Y,Y
docutils,statemachine.py,337,self.notify_observers(),statemachine.py,notify_observers,statemachine,Y,Y
docutils,statemachine.py,1426,"block.trim_left(indent, start=(first_indent is not None))",statemachine.py,trim_left,statemachine,Y,Y
docutils,statemachine.py,181,state.unlink(),statemachine.py,unlink,statemachine,Y,Y
docutils,statemachine.py,891,indented.trim_start(),statemachine.py,trim_start,statemachine,Y,Y
docutils,statemachine.py,828,indented.trim_start(),statemachine.py,trim_start,statemachine,Y,Y
docutils,statemachine.py,1013,self.state_machine.get_known_indented(match.end()),statemachine.py,get_known_indented,statemachine,Y,Y
docutils,statemachine.py,999,self.state_machine.get_indented(),statemachine.py,get_indented,statemachine,Y,Y
docutils,states.py,2103,result = directive_instance.run(),states.py,run,references;body;test_doctitle;parts;images;admonitions;tables;misc;html,N,Y
docutils,states.py,385,name = normalize_name(titlenode.astext()),states.py,astext,nodes,N,Y
docutils,states.py,889,subref_text = subref_node.astext(),states.py,astext,nodes,N,Y
docutils,states.py,877,name = normalize_name(target.astext()),states.py,astext,nodes,N,Y
docutils,states.py,1646,tabledata = parser.parse(block),states.py,parse,tableparser,N,Y
docutils,states.py,166,self.attach_observer(document.note_source),states.py,attach_observer,statemachine,Y,Y
docutils,states.py,191,self.attach_observer(self.document.note_source),states.py,attach_observer,statemachine,Y,Y
docutils,states.py,236,self.state_machine.goto_line(abs_line_offset),states.py,goto_line,statemachine,Y,Y
docutils,states.py,157,inliner.init_customizations(document.settings),states.py,init_customizations,states,Y,Y
docutils,states.py,2123,indented.trim_start(),states.py,trim_start,statemachine,Y,Y
docutils,states.py,1439,self.state_machine.get_first_known_indented(match.end()),states.py,get_first_known_indented,statemachine,Y,Y
docutils,states.py,321,state_machine.unlink(),states.py,unlink,statemachine,Y,Y
docutils,states.py,2332,self.goto_line(newline_offset),states.py,goto_line,states,Y,Y
docutils,states.py,2734,block = self.state_machine.get_text_block(flush_left=True),states.py,get_text_block,statemachine,Y,Y
docutils,states.py,2126,indented.trim_end(),states.py,trim_end,statemachine,Y,Y
docutils,states.py,1251,self.state_machine.get_known_indented(indent)),states.py,get_known_indented,statemachine,Y,Y
docutils,states.py,948,self.document.note_refname(referencenode),states.py,note_refname,nodes,Y,Y
docutils,states.py,2247,self.state_machine.get_first_known_indented(match.end()),states.py,get_first_known_indented,statemachine,Y,Y
docutils,states.py,2249,indented.trim_end(),states.py,trim_end,statemachine,Y,Y
docutils,states.py,1958,uri = self.inliner.adjust_uri(refuri),states.py,adjust_uri,states,Y,Y
docutils,states.py,390,"self.document.note_implicit_target(section_node, section_node)",states.py,note_implicit_target,nodes,Y,Y
docutils,states.py,841,self.document.note_refname(reference),states.py,note_refname,nodes,Y,Y
docutils,states.py,2781,self.state_machine.get_indented(),states.py,get_indented,statemachine,Y,Y
docutils,states.py,2804,"text_nodes, messages = self.inline_text(lines[0], lineno)",states.py,inline_text,states,Y,Y
docutils,states.py,2796,"self.nested_parse(indented, input_offset=line_offset, node=definition)",states.py,nested_parse,states,Y,Y
docutils,states.py,890,"self.document.note_substitution_ref(subref_node, subref_text)",states.py,note_substitution_ref,nodes,Y,Y
docutils,states.py,1977,block.disconnect(),states.py,disconnect,statemachine,Y,Y
docutils,states.py,2020,for node in substitution_node.traverse(nodes.Element),states.py,traverse,nodes,Y,Y
docutils,states.py,898,self.document.note_refname(reference_node),states.py,note_refname,nodes,Y,Y
docutils,states.py,923,self.document.note_autofootnote_ref(refnode),states.py,note_autofootnote_ref,nodes,Y,Y
docutils,states.py,1842,self.state_machine.get_first_known_indented(match.end()),states.py,get_first_known_indented,statemachine,Y,Y
docutils,states.py,1853,self.document.note_autofootnote(footnote),states.py,note_autofootnote,nodes,Y,Y
docutils,states.py,1865,"self.document.set_id(footnote, footnote)",states.py,set_id,nodes,Y,Y
docutils,states.py,1867,"self.nested_parse(indented, input_offset=offset, node=footnote)",states.py,nested_parse,states,Y,Y
docutils,states.py,933,self.document.note_footnote_ref(refnode),states.py,note_footnote_ref,nodes,Y,Y
docutils,states.py,917,self.document.note_citation_ref(refnode),states.py,note_citation_ref,nodes,Y,Y
docutils,states.py,1968,self.document.note_anonymous_target(target),states.py,note_anonymous_target,nodes,Y,Y
docutils,states.py,1494,self.state_machine.get_first_known_indented(match.end()),states.py,get_first_known_indented,statemachine,Y,Y
docutils,states.py,2754,self.state_machine.get_indented(),states.py,get_indented,statemachine,Y,Y
docutils,states.py,2756,indented.trim_end(),states.py,trim_end,statemachine,Y,Y
docutils,states.py,286,state_machine.unlink(),states.py,unlink,statemachine,Y,Y
docutils,states.py,2776,self.goto_line(new_abs_offset),states.py,goto_line,states,Y,Y
docutils,states.py,1585,"text_nodes, messages = self.inline_text(text, lineno)",states.py,inline_text,states,Y,Y
docutils,states.py,1568,self.goto_line(new_line_offset),states.py,goto_line,states,Y,Y
docutils,states.py,1134,self.state_machine.get_indented(),states.py,get_indented,statemachine,Y,Y
docutils,states.py,1191,"a_lines.trim_left(match.end(), end=1)",states.py,trim_left,statemachine,Y,Y
docutils,states.py,1192,"a_lines.trim_left(indent, start=1)",states.py,trim_left,statemachine,Y,Y
docutils,states.py,1549,data = '\n'.join(self.state_machine.get_text_block()),states.py,get_text_block,statemachine,Y,Y
docutils,states.py,1861,self.document.note_footnote(footnote),states.py,note_footnote,nodes,Y,Y
docutils,states.py,1863,"self.document.note_explicit_target(footnote, footnote)",states.py,note_explicit_target,nodes,Y,Y
docutils,states.py,1918,self.document.note_indirect_target(target),states.py,note_indirect_target,nodes,Y,Y
docutils,states.py,1857,self.document.note_symbol_footnote(footnote),states.py,note_symbol_footnote,nodes,Y,Y
docutils,states.py,1873,self.state_machine.get_first_known_indented(match.end()),states.py,get_first_known_indented,statemachine,Y,Y
docutils,states.py,1881,self.document.note_citation(citation),states.py,note_citation,nodes,Y,Y
docutils,states.py,1882,"self.document.note_explicit_target(citation, citation)",states.py,note_explicit_target,nodes,Y,Y
docutils,states.py,1884,"self.nested_parse(indented, input_offset=offset, node=citation)",states.py,nested_parse,states,Y,Y
docutils,states.py,1662,block = self.state_machine.get_text_block(flush_left=True),states.py,get_text_block,statemachine,Y,Y
docutils,states.py,1254,self.state_machine.get_first_known_indented(indent)),states.py,get_first_known_indented,statemachine,Y,Y
docutils,states.py,832,self.document.note_indirect_target(target),states.py,note_indirect_target,nodes,Y,Y
docutils,states.py,833,self.document.note_refname(reference),states.py,note_refname,nodes,Y,Y
docutils,states.py,821,self.document.note_refname(reference),states.py,note_refname,nodes,Y,Y
docutils,states.py,1496,self.goto_line(offset),states.py,goto_line,states,Y,Y
docutils,states.py,720,prbid = self.document.set_id(problematic),states.py,set_id,nodes,Y,Y
docutils,states.py,721,message.add_backref(prbid),states.py,add_backref,nodes,Y,Y
docutils,states.py,2764,nodelist.append(self.unindent_warning('Literal block')),states.py,unindent_warning,states,Y,Y
docutils,states.py,2235,"self.state_machine.get_first_known_indented(0, strip_indent=False)",states.py,get_first_known_indented,statemachine,Y,Y
docutils,states.py,2153,content.trim_start(),states.py,trim_start,statemachine,Y,Y
docutils,tableparser.py,65,self.setup(block),tableparser.py,setup,tableparser,Y,Y
docutils,tableparser.py,149,self.block.disconnect()         # don't propagate changes to parent,tableparser.py,disconnect,statemachine,Y,Y
docutils,tableparser.py,67,self.parse_table(),tableparser.py,parse_table,tableparser,Y,Y
docutils,tableparser.py,185,cellblock.disconnect()      # lines in cell can't sync with parent,tableparser.py,disconnect,statemachine,Y,Y
docutils,tableparser.py,68,structure = self.structure_from_cells(),tableparser.py,structure_from_cells,tableparser,Y,Y
docutils,tableparser.py,380,self.block.disconnect()         # don't propagate changes to parent,tableparser.py,disconnect,statemachine,Y,Y
docutils,tableparser.py,488,cellblock.disconnect()      # lines in cell can't sync with parent,tableparser.py,disconnect,statemachine,Y,Y
docutils,tables.py,376,"self.state.nested_parse(self.content, self.content_offset, node)",tables.py,nested_parse,states,Y,Y
docutils,tables.py,430,col_widths = self.get_column_widths(num_cols),tables.py,get_column_widths,tables,Y,Y
docutils,tables.py,124,"self.state.nested_parse(self.content, self.content_offset, node)",tables.py,nested_parse,states,Y,Y
docutils,test_admonitions.py,15,s.generateTests(totest),test_admonitions.py,generateTests,DocutilsTestSupport,N,Y
docutils,test_block_quotes.py,15,s.generateTests(totest),test_block_quotes.py,generateTests,DocutilsTestSupport,N,Y
docutils,test_bullet_lists.py,15,s.generateTests(totest),test_bullet_lists.py,generateTests,DocutilsTestSupport,N,Y
docutils,test_citations.py,15,s.generateTests(totest),test_citations.py,generateTests,DocutilsTestSupport,N,Y
docutils,test_class.py,18,s.generateTests(totest),test_class.py,generateTests,DocutilsTestSupport,N,Y
docutils,test_class.py,15,s.generateTests(totest),test_class.py,generateTests,DocutilsTestSupport,N,Y
docutils,test_code.py,18,s.generateTests(totest),test_code.py,generateTests,DocutilsTestSupport,N,Y
docutils,test_code_none.py,15,s.generateTests(totest),test_code_none.py,generateTests,DocutilsTestSupport,N,Y
docutils,test_command_line.py,41,publisher.process_command_line(),test_command_line.py,process_command_line,core,Y,Y
docutils,test_comments.py,15,s.generateTests(totest),test_comments.py,generateTests,DocutilsTestSupport,N,Y
docutils,test_compound.py,15,s.generateTests(totest),test_compound.py,generateTests,DocutilsTestSupport,N,Y
docutils,test_container.py,15,s.generateTests(totest),test_container.py,generateTests,DocutilsTestSupport,N,Y
docutils,test_contents.py,20,s.generateTests(totest),test_contents.py,generateTests,DocutilsTestSupport,N,Y
docutils,test_contents.py,15,s.generateTests(totest),test_contents.py,generateTests,DocutilsTestSupport,N,Y
docutils,test_date.py,18,s.generateTests(totest),test_date.py,generateTests,DocutilsTestSupport,N,Y
docutils,test_decorations.py,15,s.generateTests(totest),test_decorations.py,generateTests,DocutilsTestSupport,N,Y
docutils,test_default_role.py,16,s.generateTests(totest),test_default_role.py,generateTests,DocutilsTestSupport,N,Y
docutils,test_definition_lists.py,15,s.generateTests(totest),test_definition_lists.py,generateTests,DocutilsTestSupport,N,Y
docutils,test_docinfo.py,19,s.generateTests(totest),test_docinfo.py,generateTests,DocutilsTestSupport,N,Y
docutils,test_doctest_blocks.py,15,s.generateTests(totest),test_doctest_blocks.py,generateTests,DocutilsTestSupport,N,Y
docutils,test_doctitle.py,34,s.generateTests(totest),test_doctitle.py,generateTests,DocutilsTestSupport,N,Y
docutils,test_docutils_xml.py,184,"self.assertEqual(result, expected)",test_docutils_xml.py,assertEqual,DocutilsTestSupport,Y,Y
docutils,test_docutils_xml.py,156,"self.assertEqual(result, expected.encode('latin1'))",test_docutils_xml.py,assertEqual,DocutilsTestSupport,Y,Y
docutils,test_docutils_xml.py,163,"self.assertEqual(result, expected)",test_docutils_xml.py,assertEqual,DocutilsTestSupport,Y,Y
docutils,test_docutils_xml.py,169,"self.assertEqual(result, expected)",test_docutils_xml.py,assertEqual,DocutilsTestSupport,Y,Y
docutils,test_docutils_xml.py,175,"self.assertEqual(result, expected)",test_docutils_xml.py,assertEqual,DocutilsTestSupport,Y,Y
docutils,test_east_asian_text.py,24,s.generateTests(totest),test_east_asian_text.py,generateTests,DocutilsTestSupport,N,Y
docutils,test_enumerated_lists.py,15,s.generateTests(totest),test_enumerated_lists.py,generateTests,DocutilsTestSupport,N,Y
docutils,test_expose_internals.py,20,s.generateTests(totest),test_expose_internals.py,generateTests,DocutilsTestSupport,N,Y
docutils,test_field_lists.py,15,s.generateTests(totest),test_field_lists.py,generateTests,DocutilsTestSupport,N,Y
docutils,test_figures.py,15,s.generateTests(totest),test_figures.py,generateTests,DocutilsTestSupport,N,Y
docutils,test_filter.py,18,s.generateTests(totest),test_filter.py,generateTests,DocutilsTestSupport,N,Y
docutils,test_footnotes.py,19,s.generateTests(totest),test_footnotes.py,generateTests,DocutilsTestSupport,N,Y
docutils,test_footnotes.py,15,s.generateTests(totest),test_footnotes.py,generateTests,DocutilsTestSupport,N,Y
docutils,test_html4css1_misc.py,31,"self.assertIn(b('EUR = &#8364;'), result)",test_html4css1_misc.py,assertIn,DocutilsTestSupport,Y,Y
docutils,test_html4css1_misc.py,111,"self.assertIn('convert LaTeX equations to HTML output.', styles)",test_html4css1_misc.py,assertIn,DocutilsTestSupport,Y,Y
docutils,test_html4css1_misc.py,137,"self.assertNotIn('MathJax.js', head)",test_html4css1_misc.py,assertNotIn,DocutilsTestSupport,Y,Y
docutils,test_html4css1_misc.py,120,"self.assertIn(self.mathjax_script % self.default_mathjax_url, head)",test_html4css1_misc.py,assertIn,DocutilsTestSupport,Y,Y
docutils,test_html4css1_misc.py,129,"self.assertIn(self.mathjax_script % self.custom_mathjax_url, head)",test_html4css1_misc.py,assertIn,DocutilsTestSupport,Y,Y
docutils,test_html4css1_misc.py,157,"self.assertNotIn('MathJax', head)",test_html4css1_misc.py,assertNotIn,DocutilsTestSupport,Y,Y
docutils,test_html4css1_misc.py,81,"self.assertIn('docutils/writers/html4css1/html4css1.css', styles)",test_html4css1_misc.py,assertIn,DocutilsTestSupport,Y,Y
docutils,test_html4css1_misc.py,82,"self.assertIn('href=""data/ham.css""', styles)",test_html4css1_misc.py,assertIn,DocutilsTestSupport,Y,Y
docutils,test_html4css1_misc.py,92,self.assertIn('dl.docutils dd {\n  margin-bottom,test_html4css1_misc.py,assertIn,DocutilsTestSupport,Y,Y
docutils,test_html4css1_misc.py,70,"self.assertIn('docutils/writers/html4css1/html4css1.css', styles)",test_html4css1_misc.py,assertIn,DocutilsTestSupport,Y,Y
docutils,test_html4css1_misc.py,71,"self.assertIn('href=""data/ham.css""', styles)",test_html4css1_misc.py,assertIn,DocutilsTestSupport,Y,Y
docutils,test_html4css1_misc.py,50,"self.assertIn('docutils/writers/html4css1/html4css1.css', styles)",test_html4css1_misc.py,assertIn,DocutilsTestSupport,Y,Y
docutils,test_html4css1_misc.py,59,"self.assertIn('docutils/writers/html4css1/html4css1.css', styles)",test_html4css1_misc.py,assertIn,DocutilsTestSupport,Y,Y
docutils,test_html4css1_misc.py,60,"self.assertIn('docutils/writers/html4css1/math.css', styles)",test_html4css1_misc.py,assertIn,DocutilsTestSupport,Y,Y
docutils,test_html4css1_parts.py,20,s.generateTests(totest),test_html4css1_parts.py,generateTests,DocutilsTestSupport,N,Y
docutils,test_html4css1_template.py,21,s.generateTests(totest),test_html4css1_template.py,generateTests,DocutilsTestSupport,N,Y
docutils,test_hyperlinks.py,22,s.generateTests(totest),test_hyperlinks.py,generateTests,DocutilsTestSupport,N,Y
docutils,test_images.py,17,s.generateTests(totest),test_images.py,generateTests,DocutilsTestSupport,N,Y
docutils,test_include.py,22,s.generateTests(totest),test_include.py,generateTests,DocutilsTestSupport,N,Y
docutils,test_inline_markup.py,17,s.generateTests(totest),test_inline_markup.py,generateTests,DocutilsTestSupport,N,Y
docutils,test_interpreted.py,18,s.generateTests(totest),test_interpreted.py,generateTests,DocutilsTestSupport,N,Y
docutils,test_interpreted_fr.py,16,s.generateTests(totest),test_interpreted_fr.py,generateTests,DocutilsTestSupport,N,Y
docutils,test_latex2e.py,18,s.generateTests(totest),test_latex2e.py,generateTests,DocutilsTestSupport,N,Y
docutils,test_latex2e.py,20,s.generateTests(totest_latex_toc),test_latex2e.py,generateTests,DocutilsTestSupport,N,Y
docutils,test_latex2e.py,23,s.generateTests(totest_latex_sectnum),test_latex2e.py,generateTests,DocutilsTestSupport,N,Y
docutils,test_latex2e.py,26,s.generateTests(totest_latex_citations),test_latex2e.py,generateTests,DocutilsTestSupport,N,Y
docutils,test_latex2e.py,28,s.generateTests(totest_stylesheet),test_latex2e.py,generateTests,DocutilsTestSupport,N,Y
docutils,test_latex2e.py,31,s.generateTests(totest_stylesheet_embed),test_latex2e.py,generateTests,DocutilsTestSupport,N,Y
docutils,test_literal_blocks.py,15,s.generateTests(totest),test_literal_blocks.py,generateTests,DocutilsTestSupport,N,Y
docutils,test_manpage.py,18,s.generateTests(totest),test_manpage.py,generateTests,DocutilsTestSupport,N,Y
docutils,test_math.py,15,s.generateTests(totest),test_math.py,generateTests,DocutilsTestSupport,N,Y
docutils,test_messages.py,20,s.generateTests(totest),test_messages.py,generateTests,DocutilsTestSupport,N,Y
docutils,test_meta.py,15,s.generateTests(totest),test_meta.py,generateTests,DocutilsTestSupport,N,Y
docutils,test_nodes.py,50,"self.assertTrue(isinstance(self.text.astext(), unicode))",test_nodes.py,astext,nodes,N,Y
docutils,test_nodes.py,81,dom.unlink(),test_nodes.py,unlink,minidom,Y,Y
docutils,test_nodes.py,87,dom.unlink(),test_nodes.py,unlink,minidom,Y,Y
docutils,test_nodes.py,98,dom.unlink(),test_nodes.py,unlink,minidom,Y,Y
docutils,test_nodes.py,120,dom.unlink(),test_nodes.py,unlink,minidom,Y,Y
docutils,test_nodes.py,128,dom.unlink(),test_nodes.py,unlink,minidom,Y,Y
docutils,test_nodes.py,152,self.assertTrue(not element.is_not_default('ids')),test_nodes.py,is_not_default,nodes,Y,Y
docutils,test_nodes.py,158,self.assertTrue(element.is_not_default('ids')),test_nodes.py,is_not_default,nodes,Y,Y
docutils,test_nodes.py,79,dom = element.asdom(),test_nodes.py,asdom,nodes,Y,Y
docutils,test_nodes.py,85,dom = element.asdom(),test_nodes.py,asdom,nodes,Y,Y
docutils,test_nodes.py,96,dom = element.asdom(),test_nodes.py,asdom,nodes,Y,Y
docutils,test_nodes.py,314,child3.replace_self(newchild),test_nodes.py,replace_self,nodes,Y,Y
docutils,test_nodes.py,318,child4.replace_self(child4),test_nodes.py,replace_self,nodes,Y,Y
docutils,test_nodes.py,179,"element1.update_all_atts_consistantly(element2, True, True)",test_nodes.py,update_all_atts_consistantly,nodes,Y,Y
docutils,test_nodes.py,194,element1.update_all_atts_consistantly(element2),test_nodes.py,update_all_atts_consistantly,nodes,Y,Y
docutils,test_nodes.py,209,"element1.update_all_atts_consistantly(element2, False, True)",test_nodes.py,update_all_atts_consistantly,nodes,Y,Y
docutils,test_nodes.py,221,"element1.update_all_atts_consistantly(element2, False, True)",test_nodes.py,update_all_atts_consistantly,nodes,Y,Y
docutils,test_nodes.py,228,"element1.update_all_atts_consistantly(element2, False)",test_nodes.py,update_all_atts_consistantly,nodes,Y,Y
docutils,test_nodes.py,244,element1.update_all_atts_concatenating(element2),test_nodes.py,update_all_atts_concatenating,nodes,Y,Y
docutils,test_nodes.py,257,element1.update_all_atts_coercion(element2),test_nodes.py,update_all_atts_coercion,nodes,Y,Y
docutils,test_nodes.py,270,element1.update_all_atts_convert(element2),test_nodes.py,update_all_atts_convert,nodes,Y,Y
docutils,test_nodes.py,163,element1.update_basic_atts(element2),test_nodes.py,update_basic_atts,nodes,Y,Y
docutils,test_nodes.py,118,dom = element.asdom(),test_nodes.py,asdom,nodes,Y,Y
docutils,test_nodes.py,125,dom = element.asdom(),test_nodes.py,asdom,nodes,Y,Y
docutils,test_nodes.py,683,document.set_id(element),test_nodes.py,set_id,nodes,Y,Y
docutils,test_nodes.py,687,document.set_id(element),test_nodes.py,set_id,nodes,Y,Y
docutils,test_nodes.py,668,document.set_id(element),test_nodes.py,set_id,nodes,Y,Y
docutils,test_nodes.py,672,document.set_id(element),test_nodes.py,set_id,nodes,Y,Y
docutils,test_nodes.py,614,e_deepcopy = e.deepcopy(),test_nodes.py,deepcopy,nodes,Y,Y
docutils,test_nodes.py,55,"self.assertTrue(isinstance(self.text.pformat(), unicode))",test_nodes.py,pformat,nodes,Y,Y
docutils,test_nodes.py,646,self.document.walkabout(visitor),test_nodes.py,walkabout,nodes,Y,Y
docutils,test_nodes.py,647,newtree = visitor.get_tree_copy(),test_nodes.py,get_tree_copy,nodes,Y,Y
docutils,test_null.py,15,s.generateTests(totest),test_null.py,generateTests,DocutilsTestSupport,N,Y
docutils,test_odt.py,117,"self.assertEqual(content1, content2, msg)",test_odt.py,assertEqual,test_odt,Y,Y
docutils,test_odt.py,88,if not self.check_import(),test_odt.py,check_import,test_odt,Y,Y
docutils,test_option_lists.py,15,s.generateTests(totest),test_option_lists.py,generateTests,DocutilsTestSupport,N,Y
docutils,test_outdenting.py,15,s.generateTests(totest),test_outdenting.py,generateTests,DocutilsTestSupport,N,Y
docutils,test_paragraphs.py,15,s.generateTests(totest),test_paragraphs.py,generateTests,DocutilsTestSupport,N,Y
docutils,test_parsed_literals.py,15,s.generateTests(totest),test_parsed_literals.py,generateTests,DocutilsTestSupport,N,Y
docutils,test_peps.py,19,s.generateTests(totest),test_peps.py,generateTests,DocutilsTestSupport,N,Y
docutils,test_pseudoxml.py,15,s.generateTests(totest),test_pseudoxml.py,generateTests,DocutilsTestSupport,N,Y
docutils,test_raw.py,18,s.generateTests(totest),test_raw.py,generateTests,DocutilsTestSupport,N,Y
docutils,test_replace.py,16,s.generateTests(totest),test_replace.py,generateTests,DocutilsTestSupport,N,Y
docutils,test_replace_fr.py,17,s.generateTests(totest),test_replace_fr.py,generateTests,DocutilsTestSupport,N,Y
docutils,test_rfc2822.py,15,s.generateTests(totest),test_rfc2822.py,generateTests,DocutilsTestSupport,N,Y
docutils,test_role.py,16,s.generateTests(totest),test_role.py,generateTests,DocutilsTestSupport,N,Y
docutils,test_rubrics.py,15,s.generateTests(totest),test_rubrics.py,generateTests,DocutilsTestSupport,N,Y
docutils,test_s5.py,19,s.generateTests(totest_1),test_s5.py,generateTests,DocutilsTestSupport,N,Y
docutils,test_s5.py,22,s.generateTests(totest_2),test_s5.py,generateTests,DocutilsTestSupport,N,Y
docutils,test_section_headers.py,14,s.generateTests(totest),test_section_headers.py,generateTests,DocutilsTestSupport,N,Y
docutils,test_sectnum.py,20,s.generateTests(totest),test_sectnum.py,generateTests,DocutilsTestSupport,N,Y
docutils,test_sectnum.py,15,s.generateTests(totest),test_sectnum.py,generateTests,DocutilsTestSupport,N,Y
docutils,test_sidebars.py,15,s.generateTests(totest),test_sidebars.py,generateTests,DocutilsTestSupport,N,Y
docutils,test_SimpleTableParser.py,16,s.generateTests(totest),test_SimpleTableParser.py,generateTests,DocutilsTestSupport,N,Y
docutils,test_smartquotes.py,30,s.generateTests(totest),test_smartquotes.py,generateTests,DocutilsTestSupport,N,Y
docutils,test_smartquotes.py,32,s.generateTests(totest_de),test_smartquotes.py,generateTests,DocutilsTestSupport,N,Y
docutils,test_smartquotes.py,34,s.generateTests(totest_de_alt),test_smartquotes.py,generateTests,DocutilsTestSupport,N,Y
docutils,test_statemachine.py,232,"self.state.add_transition('None', None)",test_statemachine.py,add_transition,statemachine,Y,Y
docutils,test_statemachine.py,222,"self.state.add_transitions(['None'], {'None'",test_statemachine.py,add_transitions,statemachine,Y,Y
docutils,test_statemachine.py,239,"self.state.add_transition('None', None)",test_statemachine.py,add_transition,statemachine,Y,Y
docutils,test_statemachine.py,241,self.state.remove_transition('None'),test_statemachine.py,remove_transition,statemachine,Y,Y
docutils,test_statemachine.py,151,self.sm.unlink(),test_statemachine.py,unlink,statemachine,Y,Y
docutils,test_statemachine.py,161,"indented, offset, good = self.sm.get_known_indented(2)",test_statemachine.py,get_known_indented,statemachine,Y,Y
docutils,test_statemachine.py,166,"indented, offset, good = self.sm.get_known_indented(2)",test_statemachine.py,get_known_indented,statemachine,Y,Y
docutils,test_statemachine.py,173,"indented, indent, offset, good = self.sm.get_indented()",test_statemachine.py,get_indented,statemachine,Y,Y
docutils,test_statemachine.py,186,textblock = self.sm.get_text_block(),test_statemachine.py,get_text_block,statemachine,Y,Y
docutils,test_statemachine.py,189,textblock = self.sm.get_text_block(),test_statemachine.py,get_text_block,statemachine,Y,Y
docutils,test_statemachine.py,196,textblock = self.sm.get_text_block(flush_left=1),test_statemachine.py,get_text_block,statemachine,Y,Y
docutils,test_statemachine.py,92,"indented, indent, offset, good = self.state_machine.get_indented()",test_statemachine.py,get_indented,statemachine,Y,Y
docutils,test_strip_comments.py,20,s.generateTests(totest),test_strip_comments.py,generateTests,DocutilsTestSupport,N,Y
docutils,test_strip_elements_with_class.py,20,s.generateTests(totest),test_strip_elements_with_class.py,generateTests,DocutilsTestSupport,N,Y
docutils,test_substitutions.py,19,s.generateTests(totest),test_substitutions.py,generateTests,DocutilsTestSupport,N,Y
docutils,test_substitutions.py,15,s.generateTests(totest),test_substitutions.py,generateTests,DocutilsTestSupport,N,Y
docutils,test_TableParser.py,16,s.generateTests(totest),test_TableParser.py,generateTests,DocutilsTestSupport,N,Y
docutils,test_tables.py,16,s.generateTests(totest),test_tables.py,generateTests,DocutilsTestSupport,N,Y
docutils,test_target_notes.py,22,s.generateTests(totest),test_target_notes.py,generateTests,DocutilsTestSupport,N,Y
docutils,test_target_notes.py,15,s.generateTests(totest),test_target_notes.py,generateTests,DocutilsTestSupport,N,Y
docutils,test_targets.py,15,s.generateTests(totest),test_targets.py,generateTests,DocutilsTestSupport,N,Y
docutils,test_test_directives.py,15,s.generateTests(totest),test_test_directives.py,generateTests,DocutilsTestSupport,N,Y
docutils,test_title.py,15,s.generateTests(totest),test_title.py,generateTests,DocutilsTestSupport,N,Y
docutils,test_topics.py,15,s.generateTests(totest),test_topics.py,generateTests,DocutilsTestSupport,N,Y
docutils,test_transitions.py,18,s.generateTests(totest),test_transitions.py,generateTests,DocutilsTestSupport,N,Y
docutils,test_transitions.py,15,s.generateTests(totest),test_transitions.py,generateTests,DocutilsTestSupport,N,Y
docutils,test_traversals.py,50,self.document.walkabout(visitor),test_traversals.py,walkabout,nodes,Y,Y
docutils,test_traversals.py,51,self.document.walk(visitor),test_traversals.py,walk,nodes,Y,Y
docutils,test_unicode.py,16,s.generateTests(totest),test_unicode.py,generateTests,DocutilsTestSupport,N,Y
docutils,test_unknown.py,15,s.generateTests(totest),test_unknown.py,generateTests,DocutilsTestSupport,N,Y
docutils,test_viewlist.py,214,s.trim_left(4),test_viewlist.py,trim_left,statemachine,Y,Y
docutils,test_viewlist.py,153,s.trim_start(1),test_viewlist.py,trim_start,statemachine,Y,Y
docutils,test_viewlist.py,156,s.trim_end(1),test_viewlist.py,trim_end,statemachine,Y,Y
docutils,test_writer_aux.py,18,s.generateTests(totest),test_writer_aux.py,generateTests,DocutilsTestSupport,N,Y
docutils,universal.py,138,for node in self.document.traverse(nodes.system_message),universal.py,traverse,nodes,N,Y
docutils,universal.py,251,for node in self.document.traverse(nodes.TextElement),universal.py,traverse,nodes,N,Y
docutils,universal.py,97,for node in self.document.traverse(self.not_Text),universal.py,traverse,nodes,N,Y
docutils,universal.py,170,for node in self.document.traverse(nodes.comment),universal.py,traverse,nodes,N,Y
docutils,universal.py,196,for node in self.document.traverse(self.check_classes),universal.py,traverse,nodes,N,Y
docutils,universal.py,42,decoration = self.document.get_decoration(),universal.py,get_decoration,nodes,Y,Y
docutils,universal.py,43,footer = decoration.get_footer(),universal.py,get_footer,nodes,Y,Y
docutils,writer_aux.py,78,for node in self.document.traverse(nodes.Admonition),writer_aux.py,traverse,nodes,N,Y
docutils,writer_aux.py,41,for compound in self.document.traverse(nodes.compound),writer_aux.py,traverse,nodes,N,Y
glance,amps_list.py,60,"if ""monitor"" in self.config.sections()",amps_list.py,sections,config,Y,Y
glance,amps_list.py,65,for s in self.config.sections(),amps_list.py,sections,config,Y,Y
glance,folder_list.py,64,if self.config is not None and self.config.has_section('folders'),folder_list.py,has_section,config,Y,Y
glance,glances_cloud.py,68,self.OPENSTACK.start(),glances_cloud.py,start,threading,N,Y
glance,glances_docker.py,39,"logger.warning(""Missing Python Lib ({}), Docker plugin is disabled"".format(e))",glances_docker.py,warning,__init__,Y,Y
glance,glances_gpu.py,31,"logger.warning(""Missing Python Lib ({}), Nvidia GPU plugin is disabled"".format(e))",glances_gpu.py,warning,__init__,Y,Y
glance,glances_ip.py,167,t.start(),glances_ip.py,start,threading,N,Y
glance,glances_ip.py,35,"logger.warning(""Missing Python Lib ({}), IP plugin is disabled"".format(e))",glances_ip.py,warning,__init__,Y,Y
glance,glances_plugin.py,497,if config.has_section('global'),glances_plugin.py,has_section,config,Y,Y
glance,glances_plugin.py,502,if config.has_section(self.plugin_name),glances_plugin.py,has_section,config,Y,Y
glance,glances_plugin.py,507,"self._limits[limit] = config.get_float_value(self.plugin_name, level)",glances_plugin.py,get_float_value,config,Y,Y
glance,main.py,271,for s in self.config.sections(),main.py,sections,config,Y,Y
glance,main.py,272,if self.config.has_section(s) \,main.py,has_section,config,Y,Y
glance,main.py,273,"and (self.config.get_bool_value(s, 'disable', False))",main.py,get_bool_value,config,Y,Y
glance,main.py,252,args = self.init_args().parse_args(),main.py,init_args,main,Y,Y
glance,ports_list.py,59,elif not config.has_section(self._section),ports_list.py,has_section,config,Y,Y
glance,stats.py,210,self._plugins[p].load_limits(config),stats.py,load_limits,glances_plugin,N,Y
glance,web_list.py,49,elif not config.has_section(self._section),web_list.py,has_section,config,Y,Y
python-patterns,abstract_factory.py,53,"print(""It says {}"".format(pet.speak()))",abstract_factory.py,speak,abstract_factory,N,Y
python-patterns,bridge.py,38,"self._drawing_api.draw_circle(self._x, self._y, self._radius)",bridge.py,draw_circle,bridge,Y,Y
python-patterns,builder.py,95,building.build_floor(),builder.py,build_floor,builder,Y,Y
python-patterns,builder.py,96,building.build_size(),builder.py,build_size,builder,Y,Y
python-patterns,chain.py,39,self._successor.handle(request),chain.py,handle,chain,Y,Y
python-patterns,chaining_method.py,34,person.do_action().amount('5m').stop(),chaining_method.py,do_action,chaining_method,Y,Y
python-patterns,decorator.py,56,"return ""<i>{}</i>"".format(self._wrapped.render())",decorator.py,render,decorator,N,Y
python-patterns,decorator.py,47,"return ""<b>{}</b>"".format(self._wrapped.render())",decorator.py,render,decorator,N,Y
python-patterns,mediator.py,24,self._tm.prepareReporting(),mediator.py,prepareReporting,mediator,Y,Y
python-patterns,mediator.py,95,self._tc.setProblem(1),mediator.py,setProblem,mediator,Y,Y
python-patterns,mediator.py,96,self._reporter.prepare(),mediator.py,prepare,mediator,Y,Y
python-patterns,mediator.py,37,self._tm.publishReport(),mediator.py,publishReport,mediator,Y,Y
python-patterns,mediator.py,106,self._reporter.report(),mediator.py,report,mediator,Y,Y
python-patterns,mvc.py,107,"self.view.show_item_list(item_type, items)",mvc.py,show_item_list,mvc,Y,Y
python-patterns,mvc.py,117,"self.view.show_item_information(item_type, item_name, item_info)",mvc.py,show_item_information,mvc,Y,Y
python-patterns,mvc.py,114,"self.view.item_not_found(item_type, item_name)",mvc.py,item_not_found,mvc,Y,Y
python-patterns,publish_subscribe.py,38,self.provider.notify(msg),publish_subscribe.py,notify,publish_subscribe,N,Y
python-patterns,publish_subscribe.py,48,"self.provider.subscribe(msg, self)",publish_subscribe.py,subscribe,publish_subscribe,Y,Y
python-patterns,publish_subscribe.py,51,"self.provider.unsubscribe(msg, self)",publish_subscribe.py,unsubscribe,publish_subscribe,Y,Y
python-patterns,state.py,70,self.state.scan(),state.py,scan,state,Y,Y
python-patterns,state.py,67,self.state.toggle_amfm(),state.py,toggle_amfm,state,Y,Y
pythonvisitor,Body.py,5,visitor.visitBody(self),Body.py,visitBody,CarElementVisitor,Y,Y
pythonvisitor,Car.py,15,visitor.visitCar(self),Car.py,visitCar,CarElementVisitor,Y,Y
pythonvisitor,CarElementDoVisitor.py,6,body.operateBody(),CarElementDoVisitor.py,operateBody,Body,Y,Y
pythonvisitor,CarElementDoVisitor.py,15,engine.operateEngine(),CarElementDoVisitor.py,operateEngine,Engine,Y,Y
pythonvisitor,CarElementDoVisitor.py,12,wheel.operateWheel(),CarElementDoVisitor.py,operateWheel,Wheel,Y,Y
pythonvisitor,CarElementDoVisitor.py,9,car.operateCar(),CarElementDoVisitor.py,operateCar,Car,Y,Y
pythonvisitor,CarElementPrintVisitor.py,6,body.printBody(),CarElementPrintVisitor.py,printBody,Body,Y,Y
pythonvisitor,CarElementPrintVisitor.py,15,engine.printEngine(),CarElementPrintVisitor.py,printEngine,Engine,Y,Y
pythonvisitor,CarElementPrintVisitor.py,12,wheel.printWheel(),CarElementPrintVisitor.py,printWheel,Wheel,Y,Y
pythonvisitor,CarElementPrintVisitor.py,9,car.printCar(),CarElementPrintVisitor.py,printCar,Car,Y,Y
pythonvisitor,Engine.py,5,visitor.visitEngine(self),Engine.py,visitEngine,CarElementVisitor,Y,Y
pythonvisitor,Wheel.py,7,visitor.visitWheel(self),Wheel.py,visitWheel,CarElementVisitor,Y,Y
