54aa3e2839641eec3241da6ddebda58b75bf48e7,Daniel Gruno,2019-03-10 18:41:10 +0100,,modules/blocky/files/blocky.py,1,1
ac0cbc3973a84d04786e747c6427675628f50e98,Daniel Gruno,2019-03-10 18:33:31 +0100,,modules/blocky/files/blocky.py,11,10
5edd7f7daf32df9a501fcf566f74674bd9425197,Daniel Gruno,2019-03-10 14:43:24 +0100,,modules/blocky/files/blocky.py,34,13
1578b47da17e384b19e64eb1e0bf9a6aa609945b,Daniel Gruno,2019-03-08 18:37:10 +0100,,modules/blocky/files/blocky.py,106,57
c4943e02d1cff1dc1dff93800db837737b035955,Chris Thistlethwaite,2019-03-08 11:29:42 -0500,,modules/blocky/files/blocky.py,3,3
5f1193ee90d4e67e4506e2449c4ccca15e17b2a3,Chris Thistlethwaite,2019-03-08 10:17:29 -0500,,modules/blocky/files/blocky.py,22,24
7bbecc3dae8319af84fe593bb261816691dd79f4,Daniel Gruno,2019-03-07 22:11:29 +0100,,modules/blocky/files/blocky.py,3,1
e9c566c61a2df224ecec73aca6e9ec724c68c74f,Daniel Gruno,2019-03-07 21:27:45 +0100,,modules/blocky/files/blocky.py,401,293
fcc9e0b646959dafb1b28e4815dcd3e17cf729bf,Chris Thistlethwaite,2019-03-07 10:46:45 -0500,,modules/blocky/files/blocky.py,9,8
75ed10be10083d641856e5a13d58da9d1eb93e69,Greg Stein,2019-03-06 22:27:19 -0600,,modules/blocky/files/blocky.py,4,4
9374383ea31085443e8545f024d6ac08dab44b9a,Greg Stein,2019-03-06 22:09:33 -0600,,modules/blocky/files/blocky.py,9,9
6bb9d7f2d601447f695f4be2948d61593d4cd726,Greg Stein,2019-03-06 22:04:08 -0600,,modules/blocky/files/blocky.py,35,30
9f444b34cdc063be1a97eddcc6131a05183144fb,Greg Stein,2019-03-06 21:57:19 -0600,,modules/blocky/files/blocky.py,50,41
4508f12841a1996072c7f7cd7c7e046a256ecba0,Greg Stein,2019-03-06 21:45:38 -0600,,modules/blocky/files/blocky.py,5,4
8cf93c723668e91fe72d7fdaf80a8e0c6fdc64ed,Greg Stein,2019-03-06 21:34:45 -0600,,modules/blocky/files/blocky.py,221,221
a42b2c5d9b4d3c93f959937fad647e43213d5fa9,Sebb,2019-03-05 22:10:23 +0000,,modules/qmail_asf/files/apmail/bin/subreq.py,1,10
92ec110bae284122d98c7b113600a78f01bceaa7,Sebb,2019-03-05 21:44:29 +0000,,modules/qmail_asf/files/apmail/bin/subreq.py,21,10
25fb4a152de02a3bfad548f4351f4e880b25797c,Daniel Gruno,2019-03-03 23:17:53 +0100,,modules/kif/files/kif.py,9,9
5aba3449c287ef581886cef349e37733c85b5ab6,Daniel Gruno,2019-03-03 22:51:25 +0100,,modules/kif/files/kif.py,1,1
8e8bb9a7c8a5916c214422edf4ca91bf84121d57,Daniel Gruno,2019-03-03 22:35:39 +0100,,modules/kif/files/kif.py,22,12
4b37a8323066cab432b76c6c19c84114c47c35e8,Chris Lambertus,2019-03-03 10:28:46 -0800,,modules/kif/files/kif.py,1,1
1e063fad7ed03edfd8d49f0efa730eae2b4e61e8,Chris Lambertus,2019-03-03 10:23:03 -0800,,modules/kif/files/kif.py,1,1
903583758f682578264bef4733d6e683e22a223a,Daniel Gruno,2019-03-03 19:08:01 +0100,,modules/kif/files/kif.py,17,13
520c294d5ddd49452a6f721d479f4e5c14e636b1,Daniel Gruno,2019-02-21 14:40:33 +0100,,modules/gitbox/files/bin/generate-index.py,1,1
d0930679a250e73f14c1f5450c696a8ff5850d64,Daniel Gruno,2019-02-14 14:25:04 +0100,,modules/gitbox/files/bin/authors.py,30,0
e5039e2f6a328c3a4a43484aaba3a34b29a2e13a,Daniel Gruno,2019-02-14 14:13:13 +0100,,modules/gitbox/files/matt/tools/grouper.py,1,1
650d32ab9bb46bb0ad756ebe556f7899693b7117,Daniel Gruno,2019-01-26 10:27:08 +0100,,modules/kif/files/kif.py,125,111
b9ef1528aa906d5ceb3cbc39b64e346bb875b939,Daniel Gruno,2019-01-17 09:52:25 +0100,,modules/gitbox/files/matt/tools/grouper.py,2,2
a29da907059dc377bd48cd95136365f315ee3747,Daniel Gruno,2019-01-17 09:23:43 +0100,,modules/gitbox/files/matt/tools/grouper.py,2,2
f1b99da72e8a206d036d8440704f4e6bf1f074c2,Daniel Gruno,2019-01-16 12:49:03 +0100,,modules/gitbox/files/asfgit/git_multimail.py,5,1
f56e3cb49a69bb318e8a343b402f3429808e2b50,Daniel Gruno,2019-01-16 11:58:10 +0100,,modules/gitbox/files/asfgit/git_multimail.py,1,1
c4063278d44c5d5f5f732b04a47d7e7f8f720742,Daniel Gruno,2019-01-16 08:04:29 +0100,,modules/gitbox/files/asfgit/git_multimail.py,2,1
fb0884c78fefd648ef0b5906b775952517352c96,Daniel Gruno,2019-01-13 10:52:48 +0100,,modules/gitbox/files/bin/attic-repos.py,142,0
34f08d922b31534c5f89daa6d6e0bcfd0a682516,Daniel Gruno,2019-01-10 13:19:41 +0100,,modules/gitbox/files/bin/generate-index.py,1,1
dade609e604f178e79507f10158e7b8a1623c296,Daniel Gruno,2019-01-10 11:59:44 +0100,,modules/gitbox/files/bin/generate-index.py,5,9
f3a3f379a8c9b9415c9edf5227e89cbcee28a1a9,Daniel Gruno,2019-01-10 11:55:05 +0100,,modules/gitbox/files/bin/generate-index.py,37,10
3cd406849225af54fdb56e05fe226c0158ac21ae,Daniel Gruno,2019-01-10 09:38:17 +0100,,modules/gitbox/files/bin/generate-index.py,29,4
9a672e72ccfb8758d530ae3e27b26acd5a88295d,gmcdonald,2018-12-29 19:38:12 +0000,,modules/qmail_asf/files/apmail/bin/generate-podlings-list.py,1,4
9a9c82354df9fd01230944eefaaddc717da7a1ff,Daniel Gruno,2018-12-23 14:28:18 +0100,,modules/buildbot_asf/files/slack.py,1,1
e78ad4c145e97354151021c85eaaa17dbd54b773,Daniel Gruno,2018-12-18 18:18:52 +0100,,modules/svngit2jira/files/app/svngit2jira.py,1,1
945dfe762cbaed5a3aaf5297649cbd31f01ec428,Daniel Gruno,2018-12-18 18:02:28 +0100,,modules/svngit2jira/files/app/svngit2jira.py,10,20
21de775b4942b536a2128258bd9a63b0dea5d75b,Chris Thistlethwaite,2018-12-17 14:40:02 -0500,,modules/svngit2jira/files/app/svngit2jira.py,1,32
4265be0d4caabe58d4264d46fa14c4a0fa73fdd5,Daniel Gruno,2018-12-14 11:30:20 +0100,,modules/gitbox/files/asfgit/auth.py,8,3
072b1251c34e0d7172ee6c238b478ed59352aea0,Daniel Gruno,2018-11-27 20:06:03 -0600,,modules/gitbox/files/asfgit/git_multimail.py,1,1
15309531fac8b747e4a870bd0aa309c027ea0859,Chris Thistlethwaite,2018-11-26 12:54:29 -0500,,modules/blocky/files/blocky.py,1,1
6c507862b4d5b276f824ba4a9279075ad9ca6c26,Daniel Gruno,2018-11-24 14:13:51 -0600,,modules/gitbox/files/bin/gitlock.py,67,0
e7a95d5ee59f14511e9d55f2c9a5613122bf08d4,Chris Thistlethwaite,2018-11-21 14:15:36 -0500,,modules/blocky/files/blocky.py,5,5
a34583d7e555c695595a56567c5025f00358cfff,gmcdonald,2018-11-03 08:22:37 +1100,,modules/buildbot_asf/files/slack.py,138,0
04bf78d7c3df2adae753d3af15d693db77d299dc,Daniel Gruno,2018-10-30 09:20:05 -0500,,modules/loggy/files/loggy.py,1,0
4f9478e905106830f09374aa52437cd85cdd046a,Daniel Gruno,2018-10-19 13:27:08 +0200,,modules/gitbox/files/matt/tools/grouper.py,2,2
0700a71890fc5a2c56e20dd38cea0d2a8b917d82,Daniel Gruno,2018-10-19 10:20:24 +0200,,modules/gitbox/files/matt/tools/grouper.py,35,12
84e76ea435da8906948ac5e326496411e2017e5f,gmcdonald,2018-10-19 14:10:07 +1100,,modules/qmail_asf/files/apmail/bin/compare-mbox-dirs.py;modules/qmail_asf/files/apmail/bin/sub-to-all.py,145;83,0;0
c5aece1926c879a5ae1d96146e14b1580ad906c9,Daniel Gruno,2018-10-09 00:18:43 +0200,,modules/gitbox/files/matt/tools/grouper.py,3,3
101d28fa123e2181539c28b8f2799105e56837b3,Daniel Gruno,2018-10-06 17:40:56 +0200,,modules/loggy/files/loggy.py,9,2
c53718c01909a01c4282291d0856d10995953f85,Daniel Gruno,2018-10-05 20:16:41 +0200,,modules/gitbox/files/asfgit/cfg.py,1,1
ad98c0937948115fafd28ac2fdb3470456d83fd9,Daniel Gruno,2018-10-05 18:55:47 +0200,,modules/loggy/files/loggy.py,6,0
598137e09b8d1ba7d433ea4dbf0ec8e106a2af92,Daniel Gruno,2018-10-05 17:22:01 +0200,,modules/loggy/files/loggy.py,10,0
6c1089da3f2ff0f59107ac8d09d6498fe010f6c4,Daniel Pono Takamori,2018-09-25 17:16:31 -0400,,modules/base/files/trimdisk.py,115,0
c71d9d8676c4c9af1d02a55410e5e29f0e5a840e,Daniel Gruno,2018-09-18 16:46:14 +0200,,modules/webstats/files/webstats.py,29,9
b7a3341de3607a385cb4d064dce05dc05316e8cd,Daniel Gruno,2018-09-17 09:06:33 +0200,,modules/webstats/files/webstats.py,3,2
0b8536adfcf0ba2b7c32fefd7ae17626720c2b94,Daniel Gruno,2018-09-14 10:04:26 +0200,,modules/webstats/files/webstats.py,95,10
ca47823b1b2058efde2930c7189f13726014f9ed,Daniel Gruno,2018-09-11 16:25:12 +0200,,modules/webstats/files/webstats.py,6,6
cb77043c415a090a3582c5ab00d3e1db0178cab6,Daniel Gruno,2018-09-11 16:22:24 +0200,,modules/webstats/files/webstats.py,9,25
b5dae0041fdffa193960c123106952f4a6159879,Sebb,2018-08-21 17:28:29 +0100,,modules/mail_archives/files/scripts/site-index.py,14,2
894ecc93183633f9e12b2b90b84ffd89113b01a2,Chris Lambertus,2018-07-14 16:18:17 -0700,,modules/buildbot_asf/files/configscanner.py,15,174
47497394279a291025e75a336e008dc36f851a99,Daniel Gruno,2018-07-03 09:46:26 -0500,,modules/gitbox/files/asfgit/hooks/pre_receive.py,7,4
8be6c1270e35720d65dff4769e988626095a1897,Sebb,2018-06-28 14:22:51 +0100,,modules/mail_archives/files/scripts/site-index.py,6,2
fa23663c5e29c8d7ec7d703184bd6fdfcfb0cb17,Daniel Gruno,2018-06-28 07:55:00 -0500,,modules/mail_archives/files/scripts/site-index.py,18,10
99b2d4c7dad923dffdfeafb64489df3042362009,Daniel Gruno,2018-06-25 16:52:02 -0500,,modules/svngit2jira/files/app/svngit2jira.py,1,1
6343ad9987db681625de24ba4c7031321861e2a3,Daniel Gruno,2018-06-23 08:36:36 -0500,,modules/svngit2jira/files/app/svngit2jira.py,3,0
52cf1d15ba60218d5048ac84d6d454f1aadda24e,Daniel Gruno,2018-06-23 08:34:18 -0500,,modules/svngit2jira/files/app/svngit2jira.py,1,1
92d411d6a3e071bc4071caa4d91bf33d45c529ad,Daniel Gruno,2018-06-23 08:33:32 -0500,,modules/svngit2jira/files/app/svngit2jira.py,0,1
82b45461b9ae5e80d9a1b3add881d860c05102af,Daniel Gruno,2018-06-23 08:32:28 -0500,,modules/svngit2jira/files/app/svngit2jira.py,1,1
ac6e53b99295738d76dd6b1b1045523ee691d6c6,Daniel Gruno,2018-06-23 08:32:15 -0500,,modules/svngit2jira/files/app/svngit2jira.py,1,1
44f406a602d2ba2945e7a9118f0f4e5bffd0c371,Daniel Gruno,2018-06-22 09:50:03 -0500,,modules/svngit2jira/files/app/svngit2jira.py,1,1
55eb6f0e92bf77d8e7339b9845a8dd92790dcbe0,Daniel Gruno,2018-06-22 09:43:24 -0500,,modules/svngit2jira/files/app/svngit2jira.py,2,2
a9253330e762f44588ab7e259ce37e80ffce8019,Daniel Gruno,2018-06-20 12:56:20 -0500,,modules/svngit2jira/files/app/svngit2jira.py,1,1
c366d5a8ef8daad6188d754e59842e6f25d9c66f,Daniel Gruno,2018-06-18 14:44:00 -0500,,modules/gitbox/files/asfgit/git_multimail.py,0,3
33d452c2a81327e3b736a341c2a53369b2269673,Daniel Gruno,2018-06-13 11:01:36 -0500,,modules/svngit2jira/files/app/svngit2jira.py,3,0
db4f2e156966fdb17efb54112735ee80b52cf9ba,Daniel Gruno,2018-06-12 10:18:49 -0500,,modules/svngit2jira/files/app/svngit2jira.py,16,55
95294d1303fc999942d703b96c09d9ee82fe1521,Daniel Gruno,2018-06-12 10:17:50 -0500,,modules/svngit2jira/files/app/svngit2jira.py,94,95
6e61e72fadd051bf0c1bec200735b973238480dd,Sebb,2018-05-21 23:25:34 +0100,,modules/buildbot_asf/files/configscanner.py,8,6
e5de1b6c00920e26f87f16d49076a25365015518,Sebb,2018-05-21 22:12:11 +0100,,modules/buildbot_asf/files/configscanner.py,1,1
cbac6967665e8e622efb8d3555f79d7dfecadf5b,Sebb,2018-05-19 12:33:35 +0100,,modules/buildbot_asf/files/configscanner.py,5,1
32786e45808624275fc6d26778509080ce147b48,Daniel Gruno,2018-05-17 08:08:14 +0200,,modules/kif/files/kif.py,132,102
ce9fa08663998de820dbf98c3c6e7a9e13c7475d,Sebb,2018-05-06 12:07:38 +0100,,modules/buildbot_asf/files/configscanner.py,20,14
0becb011c82fbf780e8af00b902c4ae31a01b46a,Sebb,2018-05-06 10:36:07 +0100,,modules/buildbot_asf/files/configscanner.py,2,2
8f851d0e19ad98443264e64a2c97bab9b1b0b599,Sebb,2018-05-06 09:51:28 +0100,,modules/buildbot_asf/files/configscanner.py,17,33
5701869a5b77070238cf869982a55fe95a11139b,Greg Stein,2018-04-30 20:09:38 -0500,,modules/subversion_server/files/scripts/authorization/gen.py,1,1
537cd6a704423235f6e57cca05cb152b0e361a83,Daniel Gruno,2018-04-26 20:27:33 +0200,,modules/blocky/files/blocky.py,2,1
ad7b06ae502d515f87f9084eddd723f660dcbd29,Greg Stein,2018-04-24 05:53:11 -0500,,modules/subversion_server/files/scripts/authorization/gen.py,5,1
50a472de5f4985e1732d132a4bd388e229f180f1,Greg Stein,2018-04-23 05:41:11 -0500,,modules/subversion_server/files/scripts/authorization/gen.py,239,0
6fc4a567d4ff1fcf76d1f699cde37dcc26d4eb58,John Eismeier,2018-04-12 08:57:37 -0400,,modules/gitbox/files/matt/tools/grouper.py,1,1
01acabbf927363d76599b6a3333281dbc11c8f4e,John Eismeier,2018-04-12 07:47:16 -0400,,modules/selfserve/files/selfserve/lib/ezt.py,479,524
976b2fdab87f6519a997dd9881e95833e3d028d3,Sebb,2018-04-05 18:06:45 +0100,,modules/mail_archives/files/scripts/site-index.py,4,0
66a7cdb386dbd2a85315320450e7149ef4420ec2,John Eismeier,2018-03-27 10:13:25 -0400,,modules/git_mirror_asf/files/bin/graduate-podling.py;modules/gitbox/files/bin/graduate-podling.py;modules/gitbox/files/matt/tools/ghadd.py;modules/gitbox/files/matt/tools/grouper.py;modules/selfserve/files/selfserve/lib/ezt.py,13;13;2;77;524,15;15;2;46;479
d232ae55d03d6a9268dce821f9913db0b89225a6,Daniel Gruno,2018-03-21 18:28:40 +0100,,modules/loggy/files/loggy.py,2,2
92e9f2eebc19bf58162a4257db04b56727a39287,Daniel Gruno,2018-03-19 12:52:32 +0100,,modules/aim_server/files/plugins/session.py,1,1
61e859132277019bea5d71e3e43680e091dbaf0d,Daniel Gruno,2018-02-14 11:11:47 +0100,,modules/gitbox/files/bin/generate-index.py,6,5
53947975e935549a0d3a8cbaaf167d41b6ed2866,Daniel Gruno,2018-02-14 11:01:24 +0100,,modules/gitbox/files/bin/generate-index.py,1,1
4893940d500cab8007558f89d1ede672ec3b09c6,Jason Kuster,2018-01-27 12:49:45 -0800,,modules/gitbox/files/asfgit/hooks/pre_receive.py,0,1
0f8fee1fa7437c1488b600a7f4d0e96dbbd9a505,Daniel Gruno,2018-01-27 01:44:21 +0100,,modules/gitwcsub/files/app/gitwcsub.py,1,1
8b8b62499b5e3aedf704ce637bf804bdcf7fcf1a,Daniel Gruno,2018-01-24 02:56:13 +0100,,modules/gitbox/files/asfgit/git_multimail.py,1,1
301140db441f2ee17b4aaf999b289b4ea0cb7c60,Daniel Gruno,2018-01-20 21:49:52 +0100,,modules/gitwcsub/files/app/gitwcsub.py,1,1
242b503d7a7502f3fdbd3b1d99d1acd88bf639e5,Daniel Gruno,2018-01-20 21:45:50 +0100,,modules/gitwcsub/files/app/gitwcsub.py,20,11
c7e06d02fbc7986eec6a1098090c957e2f3cf8cf,jasonkuster,2018-01-18 16:50:56 -0800,,modules/gitbox/files/asfgit/hooks/pre_receive.py,1,1
3a2ff362c87b694deb411aaa60fb770f16fdf830,jasonkuster,2018-01-18 16:50:06 -0800,,modules/gitbox/files/asfgit/hooks/pre_receive.py,7,3
be0de7e338d2dfd47981b358cc2ea144a25b9630,jasonkuster,2018-01-18 16:32:16 -0800,,modules/gitbox/files/asfgit/hooks/pre_receive.py,2,1
a87104899c144a22b0c7191cda2e6496c7a1a379,Chris Lambertus,2018-01-12 18:14:42 -0800,,modules/gitbox/files/asfgit/git_multimail.py,1,1
614d8efe752eb7abfd80705c64c9d7834d727c6d,Daniel Gruno,2017-12-28 18:55:17 +0100,,modules/aim_server/files/pages/queue/list.py,1,1
60fe6a708e08e8bde747d92fce4269f2cca22dd4,Daniel Gruno,2017-12-28 11:50:07 +0100,,modules/aim_server/files/yaml/openapi/combine.py,145,0
52618c53f4507ffd2f8bbbb8225944b95a78e85b,Daniel Gruno,2017-12-28 11:49:40 +0100,,modules/aim_server/files/handler.py;modules/aim_server/files/pages/__init__.py;modules/aim_server/files/pages/queue/list.py;modules/aim_server/files/pages/resources/all.py;modules/aim_server/files/pages/resources/mine.py;modules/aim_server/files/pages/resources/ml.py;modules/aim_server/files/pages/resources/pubsub.py;modules/aim_server/files/pages/resources/repo.py;modules/aim_server/files/pages/session.py;modules/aim_server/files/pages/widgets.py;modules/aim_server/files/plugins/database.py;modules/aim_server/files/plugins/openapi.py;modules/aim_server/files/plugins/session.py,175;44;616;143;143;117;109;106;59;67;30;260;293,0;0;0;0;0;0;0;0;0;0;0;0;0
88fa5ac6551471d74f2732284760d9a7ed91cc1d,Daniel Gruno,2017-12-24 01:10:39 +0100,,modules/gitbox/files/asfgit/hooks/pre_receive.py,6,0
10fe688e40adc537c6cd9e001267aed91cc8ef6d,Daniel Gruno,2017-12-17 16:12:33 +0100,,modules/gitbox/files/bin/generate-index.py,1,1
7e869db33c8ae90bb5e2aa7d21f0277c2ff684dc,Daniel Gruno,2017-12-15 18:52:26 +0100,,modules/gitbox/files/bin/generate-index.py,1,0
e9cf6f5c8d0d4c94deaca68e210362e6633cdf1e,Daniel Gruno,2017-12-15 18:45:15 +0100,,modules/gitbox/files/bin/generate-index.py,20,12
5e44276fdd3228961e67e9a4f76ec5f3d17c4ae4,Daniel Pono Takamori,2017-12-15 07:38:01 -1000,,modules/gitbox/files/asfgit/auth.py,4,4
ce28d0e8e4c578f13e4ac0bdd602804c083d9e34,Daniel Pono Takamori,2017-12-15 07:28:08 -1000,,modules/gitbox/files/asfgit/auth.py,2,2
8eaddf46b01c80a2220bde0ad9de5f44be7ec43b,Daniel Pono Takamori,2017-12-15 07:26:54 -1000,,modules/gitbox/files/asfgit/auth.py,9,9
c0523be991b0842e13c992067a616227035e6cc8,Daniel Pono Takamori,2017-12-15 07:22:50 -1000,,modules/gitbox/files/asfgit/auth.py,9,9
6efb1af8025c4db2b7a1566ef321462c59866542,Daniel Pono Takamori,2017-12-15 07:16:07 -1000,,modules/gitbox/files/asfgit/auth.py,1,1
aaa2952d20dd8a020653b9f1d4fd0b0e5b4be9f3,Daniel Pono Takamori,2017-12-14 12:13:51 -1000,,modules/gitbox/files/asfgit/auth.py,2,1
7c2b3dcccbbcf3031f41acce6a6d4ecb5ef3c9e5,Daniel Pono Takamori,2017-12-14 12:12:37 -1000,,modules/gitbox/files/asfgit/auth.py,4,4
6748e2c9f0b444d6efc033511ae2e9fb51bd84d4,Daniel Gruno,2017-12-14 20:30:02 +0100,,modules/gitbox/files/bin/generate-index.py,163,0
393c22286baed18a5d5e2fcfccfc57d9cc5f68ae,Daniel Gruno,2017-12-06 11:48:23 +0100,,modules/gitbox/files/asfgit/git_multimail.py,1,1
35709f99beb0ea1136011d5670851bb68443ab63,gmcdonald,2017-11-24 17:51:15 +1100,,modules/mail_archives/files/scripts/site-index.py,7,0
d164deae72554cb02b13195c05e48903523f7149,gmcdonald,2017-11-24 17:36:55 +1100,,modules/mail_archives/files/scripts/site-index.py,14,0
e687ac1ff62a20dbf345b1f71a441fcdb38355d7,gmcdonald,2017-11-17 15:46:59 +1100,,modules/mail_archives/files/scripts/site-index.py;modules/mail_archives/files/scripts/site-sitemap.py,1;1,1;1
3ae317a4fa7d1488383bf02034dd61ae89537429,gmcdonald,2017-11-16 22:40:42 +1100,,modules/mail_archives/files/scripts/site-index.py,1,1
eeb4b1d0105c6b46390e2037a7edd01ae9c0a2ae,gmcdonald,2017-11-10 15:31:02 +1100,,modules/mail_archives/files/scripts/site-index.py;modules/mail_archives/files/scripts/site-sitemap.py,109;76,0;0
9390136ad23788509d52cd8c55989447dc57ca1f,Daniel Gruno,2017-11-06 10:06:54 +0100,,modules/loggy/files/loggy.py,2,2
687f255b918e0050e657b839af5bb439d2d4a6fa,Daniel Gruno,2017-11-06 10:06:19 +0100,,modules/loggy/files/loggy.py,2,2
0bb40ff9395fbdb66ff31394cdf807b1f5af309c,Chris Lambertus,2017-10-23 11:12:03 -0700,,modules/gitbox/files/asfgit/auth.py;modules/gitbox/files/bin/graduate-podling.py;modules/gitbox/files/matt/tools/ghadd.py;modules/gitbox/files/matt/tools/grouper.py,1;1;1;1,1;1;1;1
2fa1c7f49679f8f68c2f3a29f7107e7a97b30620,Sebb,2017-10-31 16:42:29 +0000,,modules/mboxer/files/tools/archive.py,7,3
6412fa826cae7e9701a80738adcff1aed4e252e1,Daniel Gruno,2017-10-26 16:48:38 +0200,,modules/gitbox/files/bin/git-settings.py,3,3
f5b03536e3a907b904206fa48fbcd8365822c5f9,Daniel Gruno,2017-10-26 13:03:34 +0200,,modules/gitbox/files/bin/git-settings.py,90,0
056861a32f0946e94dc94bb7bdee8c8ff7b371a2,Chris Lambertus,2017-10-23 11:12:03 -0700,,modules/gitbox/files/asfgit/auth.py;modules/gitbox/files/bin/graduate-podling.py;modules/gitbox/files/matt/tools/ghadd.py;modules/gitbox/files/matt/tools/grouper.py,1;1;1;1,1;1;1;1
6c01110ba8d11df82157204751658fc66e9b465c,Daniel Gruno,2017-10-22 12:29:59 +0200,,modules/gitbox/files/bin/gitbox-bulk-clone.py,4,3
b28b1205602427e105b60b4a7d9bc31fae8b0331,Sebb,2017-10-19 00:07:41 +0100,,modules/mboxer/files/tools/archive.py,4,15
0ff076a966bce63466102a9c1a7bb402f5f08a2a,Daniel Gruno,2017-10-17 22:49:18 +0200,,modules/loggy/files/loggy.py,1,0
9ea6fce5a5534ea81c573947c55da601fd7d5fa3,Daniel Gruno,2017-10-17 22:29:32 +0200,,modules/loggy/files/loggy.py,1,0
c7dfc7b3ff1faf5e0c8abba0d6be52dfd05121fd,Sebb,2017-10-05 13:19:56 +0100,,modules/mboxer/files/tools/archive.py,11,11
5c36b76c7984a0eb12ebea2d856b6fa59186d9d2,Sebb,2017-10-05 13:14:48 +0100,,modules/mboxer/files/tools/archive.py,12,11
ca35db2961afe4b13fa7d3bc31a9e5af75c18886,Sebb,2017-10-04 23:58:34 +0100,,modules/mboxer/files/tools/archive.py,27,5
08908b9b46db8effe7326e0fc9df1c6be9a93c59,Daniel Gruno,2017-10-02 13:58:27 +0200,,modules/gitbox/files/asfgit/git_multimail.py,2,0
3b942ea64e35f970da872a68d42653acdcf71754,Daniel Gruno,2017-10-02 13:54:29 +0200,,modules/gitbox/files/asfgit/git_multimail.py,0,4
898e41b92f9e743a608d31fe1d9014e95acb2ef0,Daniel Gruno,2017-10-02 13:06:05 +0200,,modules/gitbox/files/asfgit/git_multimail.py,2,1
656d0d78ecde7472b6aefb1d540ff358171f0ffc,Daniel Gruno,2017-10-02 13:04:06 +0200,,modules/gitbox/files/asfgit/git_multimail.py,5,1
a30a006cb320da147e188a096ea97928e4c01800,Daniel Gruno,2017-10-02 12:59:50 +0200,,modules/gitbox/files/asfgit/cfg.py,4,0
495229e197cec000d8e47db2f1cdd84c6b94b7ff,Daniel Gruno,2017-10-02 11:23:07 +0200,,modules/gitbox/files/asfgit/git_multimail.py,5,1
604afe803445207745b4aac320188c23d05e4967,Sebb,2017-10-01 15:52:53 +0100,,modules/mboxer/files/tools/archive.py,7,2
d5be876c243fcaaa124a80ed57be33f9778d5eb9,Sebb,2017-09-30 00:34:30 +0100,,modules/mboxer/files/tools/archive.py,5,3
186b902828a2cf2366635d2ae25218a677680806,Daniel Gruno,2017-09-28 10:26:32 +0200,,modules/gitbox/files/asfgit/git_multimail.py,0,3
6eba2afb64d80d571b9a7584e6edb13bb5e9c9d6,Sebb,2017-09-23 01:15:25 +0100,,modules/mboxer/files/tools/archive.py,3,3
bb641640252b1bb8361d91783d842684ba30cfe0,Sebb,2017-09-18 14:57:03 +0100,,modules/mboxer/files/tools/archive.py,1,0
e490564a5fe3c15a0e1ca9daa0232ee9cd93769e,Sebb,2017-09-18 14:51:24 +0100,,modules/mboxer/files/tools/archive.py,2,0
f0fac8cd77a6b90cd41c39b83c25bce0e3cc21d4,Sebb,2017-09-14 15:31:31 +0100,,modules/mboxer/files/tools/archive.py,1,1
74c6efa2f01e4c8e894bf631c576fb6bdcf1cf11,Sebb,2017-09-10 15:12:54 +0100,,modules/blocky/files/blocky.py,2,2
b96de4dda6fb5469478b5f24b143e6311740345f,Sebb,2017-09-10 14:12:27 +0100,,modules/blocky/files/blocky.py,2,2
b160451d8c4b58cba9b33216fa2e6ce5b23a381d,Sebb,2017-09-10 13:00:30 +0100,,modules/blocky/files/blocky.py,8,15
5f6361e57dd9ab15e7af536aeca871d6fce80709,Sebb,2017-08-30 15:30:50 +0100,,modules/mboxer/files/tools/archive.py,1,0
973f8efc95b070f3b834375b1d34d92b6b132e9f,Sebb,2017-08-30 11:12:46 +0100,,modules/mboxer/files/tools/archive.py,6,6
3ce0b896860116b71071a898ab6eab8e7c90db1f,Sebb,2017-08-29 19:26:11 +0100,,modules/mboxer/files/tools/archive.py,13,16
5c9d2bbfd27f408babf2145520a6333eeba52f2a,Daniel Gruno,2017-08-27 20:27:32 +0200,,modules/mboxer/files/tools/archive.py,14,12
157502db915321beca47099362fb5c847c96c7c1,Daniel Gruno,2017-08-27 19:38:19 +0200,,modules/mboxer/files/tools/archive.py,5,1
7c49ec23a1976449f18759a9181bf584d5d8abc4,Sebb,2017-08-25 18:18:58 +0100,,modules/mboxer/files/tools/archive.py,21,16
fd25047e58b5e1f4685a9182a9795b769aaaac33,Daniel Gruno,2017-08-25 11:25:40 +0200,,modules/mboxer/files/tools/archive.py,1,1
a8fe5c3836d9b5156b6db66f5207b47ea09d72dc,Daniel Gruno,2017-08-25 02:08:20 +0200,,modules/mboxer/files/tools/archive.py,1,0
5ccdc10c30fc93b7d212394fb1730f62bde81e2b,Daniel Gruno,2017-08-25 02:07:02 +0200,,modules/mboxer/files/tools/archive.py,1,0
64143aa02a059b758c408bac7465192fa89884e7,Daniel Gruno,2017-08-25 02:05:07 +0200,,modules/mboxer/files/tools/archive.py,1,2
ebe75f93722ac66d128f74eab5ecb855f454d443,Daniel Gruno,2017-08-25 01:59:41 +0200,,modules/mboxer/files/tools/archive.py,1,0
67450197e5e1ed625c39a93aa8577795990031de,Daniel Gruno,2017-08-25 01:40:59 +0200,,modules/mboxer/files/tools/archive.py,1,1
4cfb4a4a44a39c00760ed704b2eee2391bae8e7d,Daniel Gruno,2017-08-25 01:29:49 +0200,,modules/mboxer/files/tools/archive.py,15,1
75dae4aa4123d0ca1984567564b0e4e2de20b935,Daniel Gruno,2017-08-25 01:02:49 +0200,,modules/mboxer/files/tools/archive.py,6,1
1646fa4d3c78a5a8c3eecde6228da41c91268636,Daniel Gruno,2017-08-24 23:57:41 +0200,,modules/mboxer/files/tools/archive.py,7,10
a52d4e1defeb72d3491a278ead4cdff7412cf58a,Daniel Gruno,2017-08-24 23:48:08 +0200,,modules/mboxer/files/tools/archive.py,15,8
aadb617142f51ba1f7a95d67bb0431abe5f6604d,Daniel Gruno,2017-08-24 23:03:45 +0200,,modules/mboxer/files/tools/archive.py,3,3
2eb6b80abe79f46ca52a491415a09531871ff054,Daniel Gruno,2017-08-24 22:57:47 +0200,,modules/mboxer/files/tools/archive.py,8,0
3c91f088e937b82a9e57770bc33e8f5fc14d4e1a,Daniel Gruno,2017-08-24 21:53:24 +0200,,modules/mboxer/files/tools/archive.py,2,6
085cfa6c3c0b48ef05d327757abba6f63b9ff8d8,Daniel Gruno,2017-08-24 20:38:22 +0200,,modules/mboxer/files/tools/archive.py,2,0
dcc6a124bb25664c3efbcc59b1e86782134a42ca,Daniel Gruno,2017-08-24 20:14:23 +0200,,modules/mboxer/files/tools/archive.py,1,1
2957c8bd7ccc4c163a5a4056aca2172790a5cfb3,Daniel Gruno,2017-08-24 19:55:39 +0200,,modules/mboxer/files/tools/archive.py,119,0
f56f219126dfa53125920f040574d82e581a04f9,Chris Thistlethwaite,2017-08-23 21:07:43 -0400,,modules/jenkins_node_monitor/files/jnm.py,1,1
3d08651a5beac64e9c339178d13afb13d1305274,Chris Thistlethwaite,2017-08-22 12:07:53 -0400,,modules/jenkins_node_monitor/files/jnm.py,5,6
2dd840a0eaefe2300c1a0a65dd2673d4b1d3935d,Chris Thistlethwaite,2017-08-22 11:33:24 -0400,,modules/jenkins_node_monitor/files/jnm.py,2,4
1090a02c30e365bf7504b6366e4ca6886778c32e,Chris Thistlethwaite,2017-08-22 11:18:25 -0400,,modules/jenkins_node_monitor/files/jnm.py,28,0
6f85502553656e991f575251ff82bc5405b91da5,Daniel Gruno,2017-08-18 10:13:38 +0200,,modules/gitbox/files/bin/gitbox-bulk-clone.py,1,1
f66ba0f8106c56e255ea188c7e2a983c4e953a32,Daniel Gruno,2017-08-18 10:01:02 +0200,,modules/gitbox/files/bin/gitbox-bulk-clone.py,3,3
19303f0d5d127a2e70e5c0121fede16d48fe889f,Daniel Gruno,2017-08-18 09:48:39 +0200,,modules/gitbox/files/bin/gitbox-bulk-clone.py,1,0
f9102258b9e8a08a71289cef9baf59f8ec829545,Chris Lambertus,2017-08-14 15:32:07 -0700,,modules/pootle_asf/files/patch.ldap_backend.py,109,0
c15406b5a10fc7e73aface723ecb512be4f3b769,Daniel Gruno,2017-08-14 07:27:25 +0200,,modules/gitbox/files/bin/gitbox-bulk-clone.py,1,1
0d93818a40b0c096dea312d11ba08c701dc0984c,Daniel Gruno,2017-08-11 09:44:13 +0200,,modules/gitbox/files/bin/gitbox-bulk-clone.py,14,0
2e8b3bbf4227c25e10a016a2baa1c21329d2bf74,Daniel Gruno,2017-08-11 04:21:50 +0200,,modules/gitbox/files/bin/gitbox-bulk-clone.py,7,2
5161fa6c10950cc13bfefadf866f5ee640411d0c,Daniel Gruno,2017-08-10 12:55:02 +0200,,modules/gitbox/files/bin/gitbox-bulk-clone.py,1,1
070d66799b919623a9fc96dd0b3c06fa6bd376ff,Daniel Gruno,2017-08-10 12:54:00 +0200,,modules/gitbox/files/bin/gitbox-bulk-clone.py,99,0
ef01eee5f604d865c1bfa33a061e39c7304a7b36,Daniel Gruno,2017-08-08 13:00:56 +0200,,modules/gitbox/files/matt/tools/grouper.py,10,54
48680a2d86dfab1b563d4e770bc6de3724dbee5e,Greg Stein,2017-08-02 03:54:09 -0500,,modules/kif/files/kif.py,4,6
6469987a09a801f60ba77f233c1d757e03772180,Greg Stein,2017-08-02 03:48:29 -0500,,modules/kif/files/kif.py,1,1
305d162244e9e8fcac937742b71dbbbce9d837bd,Chris Thistlethwaite,2017-07-06 12:57:13 -0400,,modules/gitbox/files/asfgit/cfg.py,1,1
d8a13c068d937761470d9ac4a29bd0a6184538e0,Chris Thistlethwaite,2017-07-06 12:48:15 -0400,,modules/gitbox/files/asfgit/hooks/pre_receive.py,1,1
06fc230e9e9772d8532095b8bb0f08742575668f,Chris Thistlethwaite,2017-07-06 09:18:59 -0400,,modules/gitbox/files/asfgit/cfg.py,1,0
f980ad366fb81d88aea0a7b8eaa955fdcfe7cd60,Chris Thistlethwaite,2017-07-05 14:55:41 -0400,,modules/gitbox/files/asfgit/hooks/pre_receive.py,1,0
df563ef7084f1da8d7096be1eba185f0b9d88a0c,Chris Thistlethwaite,2017-07-05 14:47:30 -0400,,modules/gitbox/files/asfgit/hooks/pre_receive.py,6,1
68773596006ea5d35e7c0637b2c4bb34a5951eed,Daniel Gruno,2017-06-30 14:26:58 +0200,,modules/loggy/files/loggy.py,2,2
ad4a6f01a2aabc1ad1c17d1ed08c7bced03260f3,Daniel Gruno,2017-06-30 12:28:55 +0200,,modules/gitbox/files/asfgit/hooks/sync.py,6,2
c6a9936802a9db5668aaf75d83a29cf2fb49d18a,Daniel Gruno,2017-06-26 23:41:22 +0200,,modules/gitbox/files/hooks/post-receive.d/02-send-emails.py,1,1
4f14575ad9ddea563ef5aecd9cd8151a61d408b4,gmcdonald,2017-06-27 00:32:44 +1000,,modules/git_self_serve/files/githubcron.py;modules/git_self_serve/files/mirrorcron.py;modules/git_self_serve/files/repocron.py,2;2;2,2;2;2
6dc3290becc902f3c7dd60a6b811b89983da7b1e,Daniel Gruno,2017-06-23 10:56:19 +0200,,modules/gitbox/files/asfgit/auth.py,17,1
ea15fa7a578571361630f97defee87917c89aa06,gmcdonald,2017-06-22 10:41:09 +1000,,modules/selfserve/files/selfserve/app/ss2.py;modules/selfserve/files/selfserve/lib/__init__.py;modules/selfserve/files/selfserve/lib/ezt.py;modules/selfserve/files/selfserve/lib/selfserve/__init__.py;modules/selfserve/files/selfserve/lib/selfserve/email.py;modules/selfserve/files/selfserve/lib/selfserve/exceptions.py;modules/selfserve/files/selfserve/lib/selfserve/keys.py;modules/selfserve/files/selfserve/lib/selfserve/ldap.py;modules/selfserve/files/selfserve/lib/selfserve/tokens.py;modules/selfserve/files/selfserve/lib/selfserve/util.py;modules/selfserve/files/selfserve/maint/changepw.py;modules/selfserve/files/selfserve/maint/clean-expired-tokens.py,44;0;836;400;104;69;69;247;148;28;79;57,0;0;0;0;0;0;0;0;0;0;0;0
4a5f697090bb1f136fc37c027741fdd78c2055f5,Daniel Gruno,2017-06-16 14:08:02 +0200,,modules/gitbox/files/asfgit/hooks/pre_receive.py,4,0
43128cd527d526e03e67c45bea3697047bd325e1,Daniel Gruno,2017-06-08 16:14:11 +0200,,modules/git_mirror_asf/files/bin/graduate-podling.py,1,1
9cb93879b57df1678ebc4e56557b65aa6c05422c,Daniel Gruno,2017-06-08 15:49:40 +0200,,modules/git_mirror_asf/files/bin/graduate-podling.py;modules/gitbox/files/bin/graduate-podling.py,2;1,3;2
473badc42b8d5c4212afb03ab618c55bcecadf7c,Daniel Gruno,2017-06-08 15:38:58 +0200,,modules/git_mirror_asf/files/bin/graduate-podling.py,2,1
b649da52799bd1e3a1ce745b929bb2c291494fce,Daniel Gruno,2017-06-05 15:49:00 +0200,,modules/git_mirror_asf/files/bin/graduate-podling.py,159,0
f827a83ad29926268c73f29182cae5a8fb6d91a2,Daniel Gruno,2017-06-05 15:21:50 +0200,,modules/gitbox/files/bin/graduate-podling.py,159,0
d3c2dab03e5045ac92418d322b4341fe723b988a,Daniel Gruno,2017-06-05 11:56:25 +0200,,modules/gitbox/files/hooks/post-receive.d/02-send-emails.py,1,0
7394a6e71c45f9d03a8b9f3c8dd94109f33e3cda,Daniel Gruno,2017-06-05 11:32:12 +0200,,modules/gitbox/files/asfgit/git_multimail.py,737,272
adec571b2a146b94742bf833a8f0c61f2cbbc3ee,Greg Stein,2017-05-31 03:23:05 -0500,,modules/gitbox/files/matt/tools/grouper.py,1,1
dc49e353ade26494d235fa1547a1b0c3cbf88db1,Daniel Gruno,2017-05-28 21:02:40 +0200,,modules/gitbox/files/matt/tools/ghadd.py,4,2
1f28d99d309ac2741990173804d539898b9cfea8,Daniel Gruno,2017-05-28 17:10:22 +0200,,modules/gitbox/files/matt/tools/ghadd.py,7,10
10fc83f9ee92192eca74d028497174da5fe9c976,Daniel Gruno,2017-05-28 16:34:24 +0200,,modules/gitbox/files/matt/tools/ghadd.py,0,2
1d5ddc10bdfacb3856c1de6e5d97d33a4baa58a9,Daniel Gruno,2017-05-28 16:00:14 +0200,,modules/gitbox/files/matt/tools/ghadd.py,1,1
09f07a851ad731778b00a8a9d7a155bfa91a2832,Daniel Gruno,2017-05-28 15:57:47 +0200,,modules/gitbox/files/matt/tools/ghadd.py,185,0
47ab5da13499fd9f886b69296da3d278960a87a4,Daniel Gruno,2017-05-26 22:19:57 +0200,,modules/loggy/files/loggy.py,4,0
7c3400867a01c9e126a8e0b76846dfc74ea3898a,Daniel Gruno,2017-05-26 17:14:17 +0200,,modules/gitbox/files/matt/tools/grouper.py,7,1
e8e25a35f67998053a8880682172df92ce955f12,Daniel Gruno,2017-05-26 16:45:03 +0200,,modules/gitbox/files/matt/tools/grouper.py,11,1
505257d71c96dfa4f5a0fd6a7d30f81903bebcf1,Daniel Gruno,2017-05-26 13:13:14 +0200,,modules/loggy/files/loggy.py,1,2
1489bc1437c4ca67ed5737bd0f9c365336c6077d,Daniel Gruno,2017-05-01 18:32:50 +0200,,modules/wiki_asf/files/tools/wiki-users.py,175,0
ae852dcaa27dc283a6355aeb361239cb773d5a5b,gmcdonald,2017-04-23 21:47:52 +1000,,modules/buildbot_asf/files/configscanner.py,1,1
04c179e3af624b8a2d48ac3551736feff43f0d8e,Daniel Gruno,2017-04-17 23:44:01 +0200,,modules/gitbox/files/asfgit/git.py,4,1
feb6271ced1b9521e15c0876333bb2e35cb085d4,Daniel Gruno,2017-04-17 23:30:14 +0200,,modules/gitbox/files/asfgit/git.py,2,0
8c1f28f4e7c4fd0423b5f9efa4a26992beb2dd22,Daniel Gruno,2017-04-16 13:01:42 +0200,,modules/gitbox/files/matt/tools/json-stats.py,1,1
c94d76fb76f8306a7569cec27611a8266a1aa09e,Daniel Gruno,2017-04-16 12:52:42 +0200,,modules/gitbox/files/matt/tools/json-stats.py,74,0
f77c126a8becb007a2454e4944629796590a15d3,Daniel Gruno,2017-04-15 20:42:23 +0200,,modules/svngit2jira/files/app/svngit2jira.py,4,3
2330fd6e146b4484a481e26a10e451a6fa095089,Daniel Gruno,2017-04-12 16:08:12 +0200,,modules/kif/files/kif.py,8,8
907dde4301f8fb0d67db755ec9103df78e8b1ef6,Daniel Gruno,2017-04-12 16:00:33 +0200,,modules/kif/files/kif.py,41,24
a529612207b10a8474d513a4f0915bcc3350fa25,Daniel Gruno,2017-04-12 13:06:55 +0200,,modules/kif/files/kif.py,8,8
5bd12a3a689f9717a14b039d8cea5c608c761ae7,Daniel Gruno,2017-04-12 12:50:23 +0200,,modules/kif/files/kif.py,20,18
7c31900084756463299eac741da396bf26b638ca,Daniel Gruno,2017-04-12 00:27:09 +0200,,modules/kif/files/kif.py,16,0
1046aa0f20b9732d8baf5e6f71a9eca6939c6306,Daniel Gruno,2017-04-12 00:19:32 +0200,,modules/kif/files/kif.py,32,9
161527658b27c62ed8c2e8cd2834990d384b32ed,Daniel Gruno,2017-04-12 00:11:52 +0200,,modules/kif/files/kif.py,80,17
cc9eb4a3a9805c8ebc34acccad0c8689a3650b5f,Daniel Gruno,2017-04-11 21:41:15 +0200,,modules/kif/files/kif.py,1,1
9370be590f32013597be64930e0d5e85fdf5be52,Daniel Gruno,2017-04-11 20:06:43 +0200,,modules/kif/files/kif.py,458,0
6442e9792605a659d7f0a97b1d7cfbe88a095b7a,Daniel Gruno,2017-04-09 14:14:46 +0200,,modules/gitbox/files/matt/tools/grouper.py,3,1
69bdf69fd091ea4ff41ed62b54e1a4ecbdf542c6,Daniel Gruno,2017-03-23 04:00:46 +0100,,modules/gitbox/files/asfgit/git_multimail.py,1,1
3013fde3c57fcbe77550fe18fb6bef6b098fba9f,Daniel Gruno,2017-03-23 03:59:36 +0100,,modules/gitbox/files/asfgit/git_multimail.py,2,2
4da47cf650151e55919786dbcfbeb2b93f9b0c9e,Daniel Gruno,2017-03-21 10:15:39 +0100,,modules/gitbox/files/asfgit/hooks/gitpubsub.py,1,1
160592a7d4fe03778c60d8d613e7ffed2e382256,Daniel Gruno,2017-03-21 10:09:10 +0100,,modules/gitbox/files/asfgit/hooks/gitpubsub.py,3,3
65c418fbddba86031f446bd38627d347f4f6f599,Daniel Gruno,2017-03-20 16:35:57 +0100,,modules/gitbox/files/asfgit/hooks/gitpubsub.py,0,1
b68188762f87288fb1a8d0ef0b7d731cb98dc60f,Stephen Connolly,2017-03-20 15:26:57 +0000,,modules/gitbox/files/asfgit/hooks/gitpubsub.py,13,15
6ef707828c71c0bfdbe962e280ca75f8d8401d44,Daniel Gruno,2017-03-14 21:52:31 +0100,,modules/gitbox/files/asfgit/hooks/pre_receive.py,0,3
c66170bd85d2808b87909410813b25f13f7c4fed,Daniel Gruno,2017-03-14 21:47:44 +0100,,modules/gitbox/files/hooks/post-receive.d/03-check-rel.py,1,1
ee0d78135cb8b779fb466d7c5f215861df856f9e,Daniel Gruno,2017-03-13 22:36:05 +0100,,modules/gitbox/files/asfgit/hooks/gitpubsub.py,1,1
fffc7c95a5fa42aeaed374bd2ae918d2f5f39d48,Daniel Gruno,2017-03-13 22:35:18 +0100,,modules/gitbox/files/asfgit/hooks/gitpubsub.py,2,2
b5dd13d011bfc0fcc305e1eabeb8440032d5ac59,Daniel Gruno,2017-03-13 22:34:51 +0100,,modules/gitbox/files/asfgit/hooks/gitpubsub.py,3,2
5f13363fa472cfed96c639f09c41585fbcf9c54a,Daniel Gruno,2017-03-13 22:33:56 +0100,,modules/gitbox/files/asfgit/hooks/gitpubsub.py,14,3
757894cda473de24c5dc5ab2e6b2285eb99aebdb,Daniel Takamori,2017-02-22 13:20:15 -0700,,modules/gitbox/files/matt/tools/grouper.py,1,1
71d0063cc23b229f24e1498a51cc99c11e63e1e2,Daniel Takamori,2017-02-22 13:17:35 -0700,,modules/gitbox/files/matt/tools/grouper.py,1,1
0d2391ea98950f62aa8919aa49be09bbc50d3e5d,Daniel Gruno,2017-02-09 09:20:36 +0100,,modules/gitbox/files/matt/tools/grouper.py,3,0
50a3cf4191bfe654692301fb96659c09c8a80fbc,Daniel Gruno,2017-02-09 09:17:04 +0100,,modules/gitbox/files/matt/tools/grouper.py,1,1
aff7f978e8b90e200f2a92d8de7340c958320768,Daniel Gruno,2017-02-09 09:16:34 +0100,,modules/gitbox/files/matt/tools/grouper.py,3,3
4454e534ea50029059e55c9865e4c85bd0e5e838,Daniel Gruno,2017-02-09 09:15:07 +0100,,modules/gitbox/files/matt/tools/grouper.py,10,2
6e0b5e761f2e6de306e827b7fabbf02b5995c1e5,Daniel Gruno,2017-02-09 09:13:49 +0100,,modules/gitbox/files/matt/tools/grouper.py,48,43
5af743878de639b8f7f76aa298595bb55da94f82,Daniel Gruno,2017-01-27 20:58:03 +0100,,modules/blocky/files/blocky.py,5,5
26b06102cb0764a404b2bbe24d62c97eb36c67b2,gmcdonald,2017-01-18 16:22:19 +1100,,modules/gitbox/files/hooks/post-receive.d/10-buildbot.py,401,0
84c908e07a2fa1977256fad56ead04efadd908d9,Daniel Gruno,2017-01-17 07:18:25 +0100,,modules/gitbox/files/matt/tools/grouper.py,2,33
4e0ebd9d5c314a0b206d86ba3553b2c727d87178,Daniel Gruno,2017-01-11 16:11:35 +0100,,modules/gitbox/files/matt/tools/grouper.py,20,12
a5b1c1c9eb90786d8f8b690e9c651761d7039610,Daniel Gruno,2017-01-05 13:33:39 +0100,,modules/gitbox/files/asfgit/hooks/gitpubsub.py,1,1
5c495319dae5c8f2c93cdec387abbae132c7be6b,Daniel Gruno,2017-01-05 13:31:48 +0100,,modules/gitbox/files/asfgit/hooks/gitpubsub.py,4,17
3d1f774466376f412e4c45480bd9adcc7255e1e0,Daniel Gruno,2016-12-28 15:00:56 +0100,,modules/gitbox/files/hooks/post-receive.d/03-check-rel.py,2,0
8370e648240649c83119b63ae80b194b12504b15,Daniel Gruno,2016-12-28 14:59:58 +0100,,modules/gitbox/files/hooks/post-receive.d/03-check-rel.py,7,15
cf1edfed1afacfaa0f2c15d4bf63c3035d3ec849,Daniel Gruno,2016-12-28 14:57:30 +0100,,modules/gitbox/files/hooks/post-receive.d/03-check-rel.py,7,3
64d901c3cf094cc6b16d34f3ed2850bedd9c9c44,Daniel Gruno,2016-12-28 14:55:57 +0100,,modules/gitbox/files/hooks/post-receive.d/03-check-rel.py,8,5
6a6e32dc0db559b0794872fa4951368d5546e61c,Daniel Gruno,2016-12-28 14:51:45 +0100,,modules/gitbox/files/hooks/post-receive.d/03-check-rel.py,3,0
2aaf0fd9d21734d5be685349fc79e26e2c3ecda0,Daniel Gruno,2016-12-28 14:50:42 +0100,,modules/gitbox/files/hooks/post-receive.d/03-check-rel.py,0,2
976485fb138c4ad70d1c12d8d8575bc52b45baed,Daniel Gruno,2016-12-28 14:50:21 +0100,,modules/gitbox/files/hooks/post-receive.d/03-check-rel.py,2,4
34346ded7effc366b05f1a6afd9ba2734de332c0,Greg Stein,2016-12-28 05:59:21 -0600,,modules/gitbox/files/asfgit/cfg.py,24,7
1fddbc636e45a2379e2eb25616d71405ce034374,Daniel Gruno,2016-12-27 13:08:57 +0100,,modules/gitbox/files/hooks/post-receive.d/03-check-rel.py,60,0
94ea0c191d4f8e28994ad08762328c247caf53e1,Daniel Gruno,2016-12-27 12:54:28 +0100,,modules/gitbox/files/asfgit/hooks/pre_receive.py,12,11
6737811ff9bac207be501239540f0eba11fc987b,Daniel Gruno,2016-12-23 12:27:12 +0100,,modules/gitbox/files/asfgit/hooks/sync.py,6,10
e2905d2ef7caef09eabc47e611a7c582df155740,Daniel Gruno,2016-12-20 12:38:42 +0100,,modules/gitbox/files/matt/tools/grouper.py,1,1
3bf167fcaa601bccb61f17ce3d240a41d2c52cf9,Daniel Gruno,2016-12-19 22:05:41 +0100,,modules/gitbox/files/matt/tools/grouper.py,13,9
451ac6e62f28adabc33b7b8a9e1f77fb4f5e525c,Daniel Gruno,2016-12-19 11:54:39 +0100,,modules/gitwcsub/files/app/gitwcsub.py,16,2
3c57af5bffae5cb23f562efa21ce727ad67ee877,Daniel Gruno,2016-12-15 14:58:16 +0100,,modules/gitbox/files/matt/tools/grouper.py,37,1
3eff2d33d8d5c50f31df831493a4a422564021c6,Daniel Gruno,2016-12-13 16:14:01 +0100,,modules/gitbox/files/matt/tools/grouper.py,2,2
d635b15031fcda45a68d0842fd3198b11736de2a,Daniel Gruno,2016-12-13 15:09:55 +0100,,modules/gitbox/files/matt/tools/grouper.py,2,2
40b6eecec128a1f44a1dc0eeff19e1373db72034,Daniel Gruno,2016-12-13 15:09:09 +0100,,modules/gitbox/files/matt/tools/mfa.py,1,1
c84369849b0fd604b55d63c48faa5120d498729c,Daniel Gruno,2016-12-13 14:36:13 +0100,,modules/gitbox/files/matt/tools/grouper.py,1,1
67b49aa6e6d8be46dd5b218233e2147d22c906f0,Daniel Gruno,2016-12-13 14:31:41 +0100,,modules/gitbox/files/matt/tools/grouper.py,1,1
1ff027be602d16c5621402d7c4c125fb888f529f,Daniel Gruno,2016-12-13 14:27:52 +0100,,modules/gitbox/files/matt/tools/grouper.py,1,1
2ff3e18562012873f2fa4feb5752067a92ac9500,Daniel Gruno,2016-12-13 14:27:27 +0100,,modules/gitbox/files/matt/tools/grouper.py,1,1
e64cfbfa290ad19aac643014a28d1e7b82ab63ef,Greg Stein,2016-12-12 00:19:37 -0600,,modules/gitbox/files/matt/tools/mfa.py,2,2
df01fa5e3cbe95ab6c223ddd257f685b56822999,Greg Stein,2016-12-12 00:10:00 -0600,,modules/gitbox/files/matt/tools/mfa.py,11,0
3eed318d873fb5b241511df217aafa7bf9a105e7,Greg Stein,2016-12-12 00:01:07 -0600,,modules/gitbox/files/matt/tools/mfa.py,17,10
18cec9a19230804318961bcb599af38ee2511874,Greg Stein,2016-12-11 23:20:52 -0600,,modules/gitbox/files/matt/tools/mfa.py,9,9
4f0b2bba4d7130156d28407db48e8d391914fd2c,Greg Stein,2016-12-11 23:08:42 -0600,,modules/gitbox/files/matt/tools/mfa.py,21,19
5b1b2bc20243cc7a4ccd71d1c473e67be723d3eb,Greg Stein,2016-12-11 22:42:55 -0600,,modules/gitbox/files/matt/tools/mfa.py,38,33
bd8779d94daa2c03c10f3aac02824545277cbae7,Greg Stein,2016-12-11 22:36:44 -0600,,modules/gitbox/files/matt/tools/mfa.py,4,1
11f9f1ac02261036e043db90010f705054adf5f4,Daniel Gruno,2016-12-11 21:35:10 +0100,,modules/gitbox/files/matt/tools/grouper.py,1,1
adbdd77ff027bd674ceaf21394c2d162b2f23565,Daniel Gruno,2016-12-11 21:34:47 +0100,,modules/gitbox/files/matt/tools/grouper.py,1,1
0fe6588190b4715130901f4842d9cf600e6cf9cf,Daniel Gruno,2016-12-11 21:34:34 +0100,,modules/gitbox/files/matt/tools/grouper.py,8,2
f87bf3494ea4963d2caa9e8fa12865faa9067bc0,Daniel Gruno,2016-12-11 20:41:48 +0100,,modules/gitbox/files/matt/tools/grouper.py,6,0
53b7f367ef6efa7bde63b243488e3537d99358da,Daniel Gruno,2016-12-11 20:37:41 +0100,,modules/gitbox/files/matt/tools/grouper.py,1,1
921ad7a74f047aca4528fd4b8ec1d0c7736d9b38,Daniel Gruno,2016-12-04 20:33:01 +0100,,modules/gitbox/files/matt/tools/grouper.py,1,1
da28c53ae9f7de29c3d08078b30d49d0743f6205,Daniel Gruno,2016-12-04 14:35:26 +0100,,modules/gitbox/files/matt/tools/mfa.py,55,0
a946c0117f69f0617e70b135871964ed417e4254,Daniel Gruno,2016-12-04 14:35:26 +0100,,modules/gitbox/files/matt/tools/mfa.py,55,0
2c7dc653eecbe7192c699afeefb1f4ef7b0cd28a,Daniel Gruno,2016-11-30 12:13:11 +0100,,modules/gitbox/files/matt/tools/grouper.py,1,4
342ddaab0c8075873a67468e57897605bfcf07f6,Daniel Gruno,2016-11-30 12:09:01 +0100,,modules/gitbox/files/matt/tools/grouper.py,39,39
574464a3d3a6f17496de8e22b370c47a12a3eb4b,Daniel Gruno,2016-11-29 20:00:36 +0100,,modules/gitbox/files/matt/tools/grouper.py,1,1
4cb8320fdb122947e8c120d18515d17254fbfb25,Daniel Gruno,2016-11-29 20:00:01 +0100,,modules/gitbox/files/matt/tools/grouper.py,1,1
919e18bdb1b4958f47fca0eed91f699ab0db914c,Daniel Gruno,2016-11-29 19:59:25 +0100,,modules/gitbox/files/matt/tools/grouper.py,1,1
4535802d83fbb6fa3e898c73baf287aa59e2ec47,Daniel Gruno,2016-11-29 19:57:49 +0100,,modules/gitbox/files/matt/tools/grouper.py,353,0
f41839acc21e7317e492c00af52dad5db3140a2b,Daniel Gruno,2016-11-28 16:04:57 +0100,,modules/gitbox/files/asfgit/hooks/gitpubsub.py,3,3
a50fe4b9d4e4d2b3f34d2eb89aef6fde4fd9e890,Daniel Gruno,2016-11-25 17:31:22 +0100,,modules/gitbox/files/asfgit/git_multimail.py,1,2
f0002c7153982e5fc1e4c6e0c59d3ab00bbae30b,Daniel Gruno,2016-11-25 17:30:20 +0100,,modules/gitbox/files/asfgit/git_multimail.py,5,5
cd135a7f4a85c50b37568be03eba37c4a9e2d563,Daniel Gruno,2016-11-25 15:45:52 +0100,,modules/gitbox/files/asfgit/git_multimail.py,3,3
f36e24e7d57420ebf3b4006c447c1eb9acdbd591,Daniel Gruno,2016-11-25 15:44:15 +0100,,modules/gitbox/files/asfgit/hooks/sync.py,3,3
68471e1c0decedaa73e224fc523e5556a51c72a6,Daniel Gruno,2016-11-08 12:37:52 +0100,,modules/gitbox/files/hooks/post-receive.d/02-send-emails.py;modules/gitbox/files/hooks/post-receive.d/12-gitpubsub.py,48;22,0;0
5b0d3bb2fee9895fc0ef13d49d202dbd6504b2f0,Daniel Gruno,2016-11-08 12:34:43 +0100,,modules/gitbox/files/asfgit/__init__.py;modules/gitbox/files/asfgit/auth.py;modules/gitbox/files/asfgit/cfg.py;modules/gitbox/files/asfgit/git.py;modules/gitbox/files/asfgit/git_multimail.py;modules/gitbox/files/asfgit/hooks/__init__.py;modules/gitbox/files/asfgit/hooks/gitpubsub.py;modules/gitbox/files/asfgit/hooks/pre_receive.py;modules/gitbox/files/asfgit/hooks/sync.py;modules/gitbox/files/asfgit/log.py;modules/gitbox/files/asfgit/run.py;modules/gitbox/files/asfgit/util.py,0;54;60;125;3797;0;81;78;26;15;29;26,0;0;0;0;0;0;0;0;0;0;0;0
d6ca4a421414bc6f1ab47b5327fed9ec778c2348,Daniel Gruno,2016-11-08 12:37:52 +0100,,modules/gitbox/files/hooks/post-receive.d/02-send-emails.py;modules/gitbox/files/hooks/post-receive.d/12-gitpubsub.py,48;22,0;0
e7821f913691c3edab87fc0e54208b468066efdd,Daniel Gruno,2016-11-08 12:34:43 +0100,,modules/gitbox/files/asfgit/__init__.py;modules/gitbox/files/asfgit/auth.py;modules/gitbox/files/asfgit/cfg.py;modules/gitbox/files/asfgit/git.py;modules/gitbox/files/asfgit/git_multimail.py;modules/gitbox/files/asfgit/hooks/__init__.py;modules/gitbox/files/asfgit/hooks/gitpubsub.py;modules/gitbox/files/asfgit/hooks/pre_receive.py;modules/gitbox/files/asfgit/hooks/sync.py;modules/gitbox/files/asfgit/log.py;modules/gitbox/files/asfgit/run.py;modules/gitbox/files/asfgit/util.py,0;54;60;125;3797;0;81;78;26;15;29;26,0;0;0;0;0;0;0;0;0;0;0;0
f93ea265270a7b2fbbef83be1611058d364a2b63,Daniel Gruno,2016-11-02 10:25:32 +0100,,modules/buildbot_asf/files/configscanner.py,1,1
1aa4437955d39ce811b7e68aeb9b1d1e19b75b70,Daniel Gruno,2016-11-02 10:06:30 +0100,,modules/buildbot_asf/files/configscanner.py,1,1
a0d9bdcb5e6ea9ec0bf2d1227a127ea1b7b76655,Daniel Gruno,2016-11-02 09:34:58 +0100,,modules/buildbot_asf/files/configscanner.py,2,1
44f141444222c598f5dd68c0ca4210193ab55fb6,Daniel Gruno,2016-11-02 09:32:36 +0100,,modules/buildbot_asf/files/configscanner.py,1,9
2c5e6721f6236beaf4e180bd0b586878acb45741,Daniel Gruno,2016-11-02 09:26:55 +0100,,modules/buildbot_asf/files/configscanner.py,17,1
24e196ec30b6c365f2175e72e4205ebd727a892e,Daniel Gruno,2016-11-02 08:56:50 +0100,,modules/buildbot_asf/files/configscanner.py,1,0
524b72f7acddfbaf27a47e3a8391ea6ed15c5b1f,Greg Stein,2016-10-31 16:05:14 -0500,,modules/buildbot_asf/files/configscanner.py,14,0
997928c4d9a6dd03b208bfa66b68d24f20036243,Daniel Gruno,2016-10-12 18:16:40 +0200,,modules/blocky/files/blocky.py,14,2
04fc5571117c447ba43dd3430f35264a735e3c02,Daniel Gruno,2016-10-06 20:14:10 +0200,,modules/loggy/files/loggy.py,1,1
b149ac1a30d1ee53e66232396618c8263076ffb4,Daniel Gruno,2016-10-06 20:06:30 +0200,,modules/loggy/files/loggy.py,25,5
f1191c7d0f7d04b1c52c21aaf62ecf9ca8069d9e,Daniel Takamori,2016-08-27 04:50:42 +0000,,modules/git_self_serve/files/githubcron.py,1,1
de063436d3351f3cf0e99b10a75c5308b34860ad,Daniel Takamori,2016-08-27 03:38:54 +0000,,modules/git_self_serve/files/githubcron.py,1,1
34d914f60e97761e628ad764cf47803d4537dad0,Daniel Takamori,2016-08-25 19:53:26 +0000,,modules/git_self_serve/files/githubcron.py,53,54
f50824818bba0d5d62c9470772ac0d58779dbd09,Daniel Takamori,2016-08-25 18:18:30 +0000,,modules/git_self_serve/files/githubcron.py,1,1
bb9bdbd44423ab390b0ceabe50989c5f3d8eed1f,Daniel Gruno,2016-08-07 15:51:35 +0200,,modules/loggy/files/loggy.py,3,1
a2a7b53e1d545731222ccd4ff3595967745522a9,Daniel Gruno,2016-08-05 23:08:46 +0200,,modules/blocky/files/blocky.py,1,1
0aa1080d7000a84ea239b39bf27dcde97c190d91,Daniel Gruno,2016-08-05 22:44:21 +0200,,modules/blocky/files/blocky.py,15,3
15a40574773b92696792db061ce98cbcf0763752,Daniel Gruno,2016-08-01 06:10:25 +0200,,modules/loggy/files/loggy.py,3,1
899a14eabf07e62c99e44296622515046ac98963,Daniel Gruno,2016-07-31 20:04:57 +0200,,modules/loggy/files/loggy.py,3,4
1278b08187eb09fad32ed59a8fb90e775cd79976,Daniel Gruno,2016-07-31 19:55:26 +0200,,modules/loggy/files/loggy.py,13,1
5887b07e80790f21adddfe0371f1f27bea98bbc9,humbedooh,2016-07-04 01:47:01 +0200,,modules/buildbot_asf/files/configscanner.py,13,0
60e252ebbc69e5421792d33d613e6c663b4fa4e1,humbedooh,2016-07-04 01:32:02 +0200,,modules/buildbot_asf/files/configscanner.py,7,1
d9d8006a730de8935eaf6f7f729c9d51c161fa54,humbedooh,2016-07-04 01:12:13 +0200,,modules/buildbot_asf/files/configscanner.py,146,147
b07345a38f95b11414f9c0a8693b22f15b8a94b3,humbedooh,2016-07-04 01:10:47 +0200,,modules/buildbot_asf/files/configscanner.py,7,4
bf8921f66f0784c8287af186559e635c28764607,Sam Ruby,2016-05-05 21:56:05 -0400,,modules/gitwcsub/files/app/gitwcsub.py,3,1
8bae2601de04629720ab679113b33750315af5bd,gmcdonald,2016-03-10 16:59:32 +1100,,modules/buildbot_asf/files/configscanner.py,41,26
c7173e734acfe7d26e8667f4f98163fa80136530,gmcdonald,2016-03-10 16:51:09 +1100,,modules/buildbot_asf/files/configscanner.py,356,0
805d072398550c1310ec3fb7a22247858d3d3549,Geoffrey Corey,2015-11-18 09:59:59 -0800,,modules/blocky/files/blocky.py,1,1
6f89f47f3f61cdb0ca83cb80c29e7d63581d1de4,Geoffrey Corey,2015-11-18 09:56:21 -0800,,modules/blocky/files/blocky.py,1,1
354c29002e9bbc456d063d829771a8d87ccc51b4,Geoffrey Corey,2015-11-18 09:45:06 -0800,,modules/blocky/files/blocky.py,3,2
5193520d86d1e58aa1b0975526b8ab212ce6a51e,Geoffrey Corey,2015-11-18 09:26:01 -0800,,modules/blocky/files/blocky.py,1,1
add751afc68133e6d71f111a80a8230844a3f009,humbedooh,2015-11-05 10:40:57 +0100,,modules/loggy/files/loggy.py,2,2
74f51c75019119ac208b5abdaff3ba4cbec0c435,humbedooh,2015-10-11 14:16:04 +0200,,modules/blocky/files/blocky.py,2,2
36fe37846bbc558e05da9eea3a6c4de6982863cf,humbedooh,2015-10-08 16:25:08 +0200,,modules/blocky/files/blocky.py,4,3
27debabbea36bd4cb3f2ffb9a5888276b60692fb,humbedooh,2015-10-08 16:19:11 +0200,,modules/blocky/files/blocky.py,202,219
2eb031722af356159cdc072aac4f96c301cf54eb,humbedooh,2015-09-03 01:05:20 +0200,,modules/loggy/files/loggy.py,265,151
4f9990a3d0a8e9fcc368eb81367e07912c130f99,humbedooh,2015-09-02 23:57:28 +0200,,modules/loggy/files/loggy.py,9,0
19116e7259a851017bc143027ba626e34256c6a2,humbedooh,2015-08-28 06:09:16 +0200,,modules/loggy/files/loggy.py,2,0
49512a8f8a5f6dc98591fe9322e0024fc9be7d8d,humbedooh,2015-08-28 06:05:47 +0200,,modules/loggy/files/loggy.py,4,1
995f5eb931d0cafbff8e0b9298cea4a32f6f546b,humbedooh,2015-08-27 17:15:05 +0200,,modules/loggy/files/loggy.py,9,0
4d057599a30ccf62bc76b7bdabf189aeeb53c3a3,humbedooh,2015-08-24 15:56:13 +0200,,modules/blocky/files/blocky.py,2,2
64ddbdc228b9f746d599dfb2bea948df3a602f99,humbedooh,2015-08-24 15:54:27 +0200,,modules/blocky/files/blocky.py,18,15
7c48847fa684dd9cf128bc3c35fa23d60a610c27,humbedooh,2015-08-24 15:49:54 +0200,,modules/blocky/files/blocky.py,31,31
4349d03edf10950133ae62b15c58835180cbf566,humbedooh,2015-08-24 14:49:23 +0200,,modules/blocky/files/blocky.py,303,0
bb509267fe63f95ccdbadeea618cda0d34cf4c7f,humbedooh,2015-08-24 03:12:02 +0200,,modules/loggy/files/loggy.py,2,2
7219e8a784bda8703ed1c9deaf2252691f809c5d,humbedooh,2015-08-24 03:12:55 +0200,,modules/loggy/files/loggy.py,1,1
acadd255273785222faecb3aeb04f6a39ac2e277,humbedooh,2015-08-24 03:12:02 +0200,,modules/loggy/files/loggy.py,2,2
1875d121bda5b01ed417f122d0956ef8034fe3fa,humbedooh,2015-08-24 02:32:32 +0200,,modules/loggy/files/loggy.py,11,3
47cb4204f102a11d29133b4ca8127e3be7e3e405,humbedooh,2015-08-24 01:02:42 +0200,,modules/loggy/files/loggy.py,18,14
8dcdbad051a5a97b43a9d7ac0adf462d0b0e5acd,humbedooh,2015-08-23 15:18:24 +0200,,modules/loggy/files/loggy.py,3,1
cb0033d288aca218e4aa55d37325bb64766ca17c,humbedooh,2015-08-23 13:08:20 +0200,,modules/loggy/files/loggy.py,2,2
f104d8c9b61f9783085374be292c8296b78a88fd,humbedooh,2015-08-23 12:57:11 +0200,,modules/loggy/files/loggy.py,6,0
82029ebceddb2f958f1616e0e3158548908c88f2,humbedooh,2015-08-23 11:24:09 +0200,,modules/loggy/files/loggy.py,1,1
32e011130a2a504d1db5836184c8ea5f1a570590,humbedooh,2015-08-23 00:30:22 +0200,,modules/loggy/files/loggy.py,8,5
b32a4d005198c5136e36bd1266a5f3bd247dbde5,humbedooh,2015-08-23 00:02:31 +0200,,modules/loggy/files/loggy.py,1,1
7855b1e9cfacdeb8a17a0bb2735bb7fc8e527041,humbedooh,2015-08-23 00:01:18 +0200,,modules/loggy/files/loggy.py,45,35
40ecd56af69b447f93c2d130ef3bbc0929785dd7,humbedooh,2015-08-22 13:59:36 +0200,,modules/loggy/files/loggy.py,26,1
7f59916d860fc4307f50ab8c8cf425e7a69a3ae9,humbedooh,2015-08-22 12:41:48 +0200,,modules/loggy/files/loggy.py,31,16
7b63dbdcb1da12c71d08f8421cf7282c0d643143,humbedooh,2015-08-22 11:22:15 +0200,,modules/loggy/files/loggy.py,38,12
836f3efccc0a2ee22005cb075da5201fb7c53c53,humbedooh,2015-08-22 04:34:02 +0200,,modules/loggy/files/loggy.py,26,11
db31ecaac0f49a712cc1084c12c3b316e48702ae,humbedooh,2015-08-22 03:24:10 +0200,,modules/loggy/files/loggy.py,1,1
052c5abcf14bf707e839027fa4a293b1331bc49e,humbedooh,2015-08-21 11:27:12 +0200,,modules/loggy/files/loggy.py,1,1
c3eb4c18a022691eccfae34eff282d3a170758aa,humbedooh,2015-08-21 10:57:26 +0200,,modules/loggy/files/loggy.py,6,1
fbf8cc1ce435af64572af54c47f916fdc63fb373,humbedooh,2015-08-21 02:45:45 +0200,,modules/loggy/files/loggy.py,1,1
d3685e76bbd156df80407be56e0bef401283497f,humbedooh,2015-08-21 02:44:37 +0200,,modules/loggy/files/loggy.py,2,0
cdba32b6fbb4f5ae03db40eafe0c45d093c880ad,humbedooh,2015-08-21 01:46:58 +0200,,modules/loggy/files/loggy.py,7,6
985a8e33d3948abd75fe2048702415f8c64859e4,humbedooh,2015-08-20 21:33:27 +0200,,modules/loggy/files/loggy.py,466,0
2f212628885f85fa28ec45f254b07347bc40ab6d,Daniel Gruno,2015-05-01 18:30:39 +0200,,modules/gitwcsub/files/app/gitwcsub.py,1,1
09d8bd992c09b7c0be0406f92c711a85b7126284,Daniel Gruno,2015-04-29 22:30:59 +0200,,modules/gitwcsub/files/app/gitwcsub.py,15,1
861a1013518a9dc0f7e7a3572cce43e26fb77bb0,Daniel Gruno,2015-04-29 22:08:21 +0200,,modules/gitwcsub/files/app/gitwcsub.py,1,1
a7f64a1869c2e840ebb9164290406ac75803d836,Daniel Gruno,2015-04-29 21:34:18 +0200,,modules/gitwcsub/files/app/gitwcsub.py,1,1
3878c73496cc1e8fd6ec79ef8ca8dbceab95e36e,Daniel Gruno,2015-04-29 21:30:30 +0200,,modules/gitwcsub/files/app/gitwcsub.py,1,1
1dd287d8ccd1a123ca5f6907b53eae70b10eabd4,Daniel Gruno,2015-03-10 12:16:38 +0100,,modules/svngit2jira/files/app/svngit2jira.py,718,0
8f9f3f7d8b45f11cdc10e4ccb2dc1dca6f1f698f,Daniel Gruno,2015-02-27 15:13:48 +0100,,modules/gitwcsub/files/app/gitwcsub.py,23,5
04a613353d1997a92ed4e8862c7b40f855f8b5a2,Daniel Gruno,2015-02-16 18:59:43 +0100,,modules/gitwcsub/files/app/gitwcsub.py,35,11
f401bf06c47c98a37bf05e50079a500f24405187,Daniel Gruno,2015-02-16 12:22:58 +0100,,modules/gitwcsub/files/app/gitwcsub.py,290,0
014f92d2130751f33532e9fc8317c05b868b81bb,Daniel Gruno,2014-12-04 10:47:38 +0100,,modules/subversion_server/files/hooks/cia_asf.py;modules/subversion_server/files/hooks/mailer.py;modules/subversion_server/files/hooks/svn_buildbot.py,1;1;2,1;1;2
59f973635fd0d4d63984f51ced1fc3f84145dd9e,Tony Stevenson,2014-12-04 02:48:40 +0000,,modules/subversion_server/files/authorization/accessof.py,24,0
5d14f979f250d1c7c4152ddd7426925aff2d5699,Tony Stevenson,2014-12-04 02:26:55 +0000,,modules/subversion_server/files/hooks/cia_asf.py;modules/subversion_server/files/hooks/mailer.py;modules/subversion_server/files/hooks/svn_buildbot.py,209;836;310,0;0;0
