8cfcb8378684b0083eb11748f21d1bc74636cdb6,Jyothis Edathoot,2013-01-18 14:04:14 -0500,,stewbot/DefaultSettings.py,0,15
825e73824b6f065b01cf3a1a3418d7694cb38fc6,grunny,2012-12-05 23:03:22 +1000,,CHANGELOG.py;stewbot/DefaultSettings.py,3;1,0;1
e30440e6dc1163bc67499844ded647bc8bffbd51,grunny,2012-12-03 15:29:37 +1000,18,stewbot/components/BaseClass.py,7,1
81060f14b7ccf1d6cb525e3d08444b9be4cbfb32,Jesse Plamondon-Willard,2011-04-03 02:00:24 +0000,,stewbot/DefaultSettings.py,2,2
54773b83d8af6b09a6fea715e5a060e3258b0d1b,Jesse Plamondon-Willard,2011-04-03 01:59:06 +0000,,CHANGELOG.py;stewbot/DefaultSettings.py,0;1,1;1
385cc4753fe71f5fcaee83a567bcebdb53a901c5,Jesse Plamondon-Willard,2011-04-02 23:51:58 +0000,,stewbot/components/modules/irclib/__init__.py,0,0
050778d2fb87e2ba0118672f95198bc731eb5e77,Jesse Plamondon-Willard,2011-04-02 22:58:32 +0000,,__config__.example.py,1,1
156a3ab270663b8643d9b51cfc2be5f41fe5a908,Jesse Plamondon-Willard,2011-04-02 22:44:22 +0000,,stewbot/__init__.py,6,2
9a2556620979c83f858d16dbee35ebb28babc4be,Jesse Plamondon-Willard,2011-04-02 19:51:30 +0000,28393,CHANGELOG.py;stewbot/components/Wikimedia.py,4;9,2;1
eb241c083a8c83d69196b68465ddc7c8be228bf6,Jesse Plamondon-Willard,2011-04-02 19:43:46 +0000,,stewbot/__init__.py;stewbot/components/Browser.py;stewbot/components/Wikimedia.py,25;47;1,18;67;1
f1fde255a71210e41eac8be842913c97e2c0acd1,Jesse Plamondon-Willard,2011-04-02 06:40:59 +0000,,__config__.example.py;__init__.py,4;3,4;16
87197f06546d9c60aa2028d2845fed46d1eb3ecf,Jesse Plamondon-Willard,2011-04-02 06:33:21 +0000,,CHANGELOG.py;stewbot/DefaultSettings.py;stewbot/__init__.py;stewbot/components/BaseClass.py;stewbot/components/Bash.py;stewbot/components/Browser.py;stewbot/components/CommandParser.py;stewbot/components/Documentation.py;stewbot/components/IRC.py;stewbot/components/StrictDict.py;stewbot/components/Wikimedia.py,3;0;28;0;2;15;9;3;6;17;2,4;1;30;20;2;20;11;3;3;16;2
d615ed5c146865d5a888e3b642cda8dae1099715,Jesse Plamondon-Willard,2011-04-02 05:46:41 +0000,,CHANGELOG.py;__init__.py;stewbot/components/Interface.py;stewbot/components/__init__.py;stewbot/components/modules/Formatting.py;stewbot/components/modules/__init__.py;stewbot/interfaces/__init__.py,6;5;67;0;74;0;0,2;3;0;0;0;0;0
c6c79e0e0886e26a590f5a268fecbdcb28bce2c0,Jesse Plamondon-Willard,2011-03-30 01:52:20 +0000,,CHANGELOG.py,5,2
ce989cea4979a5b40123dc11189cc2b33e69bb76,Jesse Plamondon-Willard,2011-03-01 05:14:51 +0000,,CHANGELOG.py,5,1
4d6689eb1a52ce2283cd500a6bf3c4ce891cf10f,Jesse Plamondon-Willard,2010-11-20 07:14:58 +0000,,CHANGELOG.py,6,2
09ee3fe31b374a139e99ce6aefebccdb82808849,Jesse Plamondon-Willard,2010-10-18 03:39:41 +0000,,CHANGELOG.py,4,1
e5154c941be5ba1b0d629101c63c96a8d15cccb4,Jesse Plamondon-Willard,2010-08-10 00:14:58 +0000,,CHANGELOG.py,4,1
a3c53fdcdae53cc26b0371c4dea20d066f320bfe,Jesse Plamondon-Willard,2010-08-08 23:37:36 +0000,,CHANGELOG.py,5,1
dd3bc8998e55a7898b10b83402d5f1760bc1c368,Jesse Plamondon-Willard,2010-07-13 04:48:51 +0000,,CHANGELOG.py,6,2
7bbb46607e232346a6ac1b117628c937c8ac3c96,Jesse Plamondon-Willard,2010-06-30 05:57:30 +0000,,__config__.example.py;__init__.py,0;2,4;1
